timestamp,pos_x,pos_y,pos_z,vel_x,vel_y,vel_z
1746728012.3295062,2.144473268464089,-2.660381898770958,-0.0040387639456286265,0.5063983746342307,-0.025086871823864373,-0.0010872785432258323
1746728012.4295015,2.165591853797793,-2.7064875231578953,-0.004545904971136921,0.506633554218678,-0.024758088126256222,-0.0011671929479747957
1746728012.5294971,2.187292009529823,-2.752334417050978,-0.00486043549728593,0.5065944341302615,-0.024897107306582324,-0.0011988427902946887
1746728012.6295662,2.20951085166087,-2.797915723917471,-0.004970993367734071,0.5062851230766459,-0.025457714063449138,-0.0011813701369694808
1746728012.729492,2.2321945231929083,-2.8432225658563834,-0.004874655127008353,0.5057208572267059,-0.026277265219218766,-0.001115954589279332
1746728012.8295105,2.255306681197052,-2.8882399616158456,-0.004577111302499446,0.5049274198463221,-0.027130914027510413,-0.0010057732705758002
1746728012.929486,2.2788314155941096,-2.9329453492774387,-0.004092467133864425,0.5039400280080933,-0.027796872135386314,-0.0008558609979390388
1746728013.0295253,2.302770648405108,-2.97731012649207,-0.003442725465307083,0.5028017316765603,-0.028113102211507195,-0.0006728757068651307
1746728013.1295116,2.327137452421237,-3.0213037474856668,-0.002656909374842989,0.5015614216266936,-0.028015223123817146,-0.00046478372393008393
1746728013.2295647,2.351947435175584,-3.0648993139211944,-0.0017697426611205586,0.500271578592114,-0.027544472376617782,-0.00024048655589533843
1746728013.3295958,2.3772109173396854,-3.1080789972185965,-0.0008199004556229219,0.4989859118185243,-0.026826931010618806,-9.41449849989684e-06
1746728013.4295077,2.4029278401692067,-3.150837896483312,0.00015200124605914883,0.4977570294818322,-0.02603353366919842,0.000218887793172967
1746728013.5295374,2.4290864650254163,-3.193185357082279,0.001105421733358768,0.4966342611192405,-0.02533176592406944,0.00043516183325139767
1746728013.6295466,2.455665684501279,-3.2351435619624906,0.0020017042537047273,0.49566172086025384,-0.024847448989172367,0.0006308049655077721
1746728013.729498,2.4826401394649813,-3.2767436909893313,0.0028055877881349,0.4948766687321384,-0.024622894438772767,0.0007981973791231338
1746728013.8295064,2.5099870893418035,-3.3180202237179195,0.00348642530045062,0.49430820023271793,-0.02462494418804115,0.0009309792669821366
1746728013.9295416,2.5376908314412505,-3.359006443786431,0.004019152282272386,0.4939762771686138,-0.024766920394015113,0.0010242738639382309
1746728014.0295258,2.56574594445423,-3.3997304430252253,0.004385020436977023,0.4938911090503794,-0.024919455524835894,0.0010748526947935298
1746728014.1296198,2.594158331676982,-3.4402125766129714,0.004572070146122962,0.49405289149380316,-0.024956889532986738,0.0010812398249139363
1746728014.2295384,2.6229423429008922,-3.480465965097566,0.004575346502740478,0.494451906844402,-0.024791654376477575,0.001043752093078875
1746728014.3294919,2.6521165094893084,-3.5204983588668592,0.004396908737776231,0.49506899246804303,-0.024388477902160782,0.000964472231868671
1746728014.429529,2.6816984056050783,-3.5603150787473585,0.004045675235034342,0.4958763741080252,-0.023774397097795892,0.0008471532017876048
1746728014.5294971,2.7117001679393815,-3.5999218375714066,0.0035371251023460764,0.49683884683366264,-0.023009054711832146,0.0006970547684953992
1746728014.6294987,2.7421263145267005,-3.6393260124896614,0.0028928143731404977,0.497915266379004,-0.02218021536980243,0.000520717020889225
1746728014.7295568,2.772971606065186,-3.678538144456664,0.002139657881238505,0.49906029148055614,-0.021383604546580674,0.00032567976222329896
1746728014.8295121,2.804221791880624,-3.717571204222957,0.0013089533508511568,0.500226303155105,-0.020689649513267266,0.0001201597073618996
1746728014.929531,2.835856036036463,-3.7564384976186935,0.00043514472506703895,0.5013654121618422,-0.02012919269339025,-8.729948809611931e-05
1746728015.0295188,2.867850039180698,-3.7951510027278235,-0.00044561895404996913,0.5024314586966536,-0.019690646995961878,-0.0002881875216747966
1746728015.1295009,2.9001789737973453,-3.8337149250900433,-0.001297046569816041,0.5033819100759509,-0.019328415195105066,-0.00047438095691831775
1746728015.2295215,2.9328189704806027,-3.872130672781071,-0.002084304573532767,0.5041795713226009,-0.019001495990090513,-0.0006384739605223408
1746728015.3295302,2.9657481180796283,-3.910392462235478,-0.0027755546981863234,0.5047940385158006,-0.018615796655684014,-0.0007740724757985262
1746728015.4295805,2.998949710268725,-3.948486015957505,-0.0033433706419156023,0.5052028404525226,-0.018106695777516033,-0.0008760404793212407
1746728015.5295467,3.0324072647827123,-3.9863941196105412,-0.0037659601395097723,0.5053922258559872,-0.017473639638012586,-0.0009406887542957601
1746728015.6295469,3.066102573063695,-4.024099711277443,-0.00402804364581609,0.5053575807295527,-0.016740362630293392,-0.000965901324782027
1746728015.7295833,3.1000147775476568,-4.06158818040542,-0.004121390091509021,0.5051034733134121,-0.015951285480300077,-0.0009511969332460053
1746728015.8295696,3.134120013081227,-4.0988491921823025,-0.00404500690384327,0.5046433332132791,-0.015160346540221165,-0.0008977245781251023
1746728015.929611,3.1683919765574697,-4.135877573650656,-0.0038050013719018263,0.503998783410295,-0.014417484016002236,-0.0008081943625165187
1746728016.0296075,3.202803350728982,-4.172673216996172,-0.0034141446657214715,0.503198655260206,-0.013756797677232261,-0.0006867470773419147
1746728016.1295884,3.23732780788658,-4.209240172722703,-0.0028911739267828474,0.5022777273662608,-0.01318991780277829,-0.0005387680666144661
1746728016.229588,3.2719421142183327,-4.245585342049943,-0.00225987168957508,0.5012752394925205,-0.012705384881923036,-0.00037065302258000815
1746728016.3296118,3.3066278620652336,-4.28171721254841,-0.0015479688533205462,0.5002332417553146,-0.01227585770317469,-0.0001895352974114862
1746728016.4296732,3.341372550724642,-4.31764492209443,-0.0007859242266610285,0.49919484664845204,-0.011860853366581355,-2.9859940590494977e-06
1746728016.529599,3.3761700724134753,-4.353377619130772,-5.638574790190138e-06,0.4982024561449841,-0.011423196972513129,0.00018130065849509273
1746728016.6296165,3.411019750283402,-4.388925030123534,0.0007608412668156032,0.4972960371804526,-0.010939351032887379,0.0003558235261233
1746728016.7296176,3.445925061888263,-4.424298136901976,0.0014825868506087058,0.49651151718359127,-0.010401641933444712,0.0005135791351866283
1746728016.8297045,3.4808920658459996,-4.45950998565061,0.002130977207981907,0.4958793656120937,-0.009819109222180787,0.0006483419468324871
1746728016.9297588,3.515927900137492,-4.4945762905960525,0.0026807749574374123,0.49542341846426263,-0.00921341799666002,0.0007549089433805466
1746728017.0296106,3.55103959162055,-4.5295156224760005,0.0031110538118595548,0.4951599914104372,-0.008612688011723697,0.0008292988482381168
1746728017.1296527,3.586233367319271,-4.564349018901146,0.0034059469361569124,0.4950973140549051,-0.008041735268564196,0.0008688984107437743
1746728017.229604,3.621514522689565,-4.599098991818773,0.0035551926262481965,0.4952353036989723,-0.007517889634383227,0.0008725505563586536
1746728017.3296206,3.656887462291564,-4.633788367878947,0.0035544625287577806,0.495565682435337,-0.00704683727922375,0.0008405817268756779
1746728017.4295738,3.6923560342549435,-4.668438869756992,0.003405466759401294,0.496072427385623,-0.006622150978908313,0.0007747682498752894
1746728017.5296414,3.7279237093965647,-4.703069942322821,0.003115833585571675,0.49673253048774924,-0.006229374732827529,0.0006782440621698509
1746728017.6296394,3.7635935921430472,-4.73769786917972,0.0026987677643887462,0.4975170322807544,-0.0058482607419762305,0.0005553544138218677
1746728017.729561,3.7993682375243627,-4.772335233738315,0.002172496031825584,0.4983922837518698,-0.005460240901086156,0.00041146226547453897
1746728017.82958,3.835248999607303,-4.806991038344304,0.0015595150043544192,0.4993213818059373,-0.005053651028280305,0.0002527158997381096
1746728017.9295857,3.8712353128795254,-4.84167107683943,0.0008856671501105663,0.5002657178275836,-0.004625306580792876,8.578768639200421e-05
1746728018.0295973,3.9073239884738546,-4.876378487467583,0.0001790767476235513,0.5011865750448976,-0.004180659335233901,-8.240502441921754e-05
1746728018.129653,3.9435086837621642,-4.9111143278618,-0.0005310144168866012,0.5020467091933285,-0.003731982786423265,-0.00024498531267441373
1746728018.2296686,3.979779675912079,-4.945878038464919,-0.0012154654760169932,0.5028118483899232,-0.0032940290304608586,-0.00039539670799630536
1746728018.3295994,4.016124053550206,-4.980667672136408,-0.0018464575431353534,0.5034520521808765,-0.0028803954648190374,-0.0005276664796474102
1746728018.429597,4.0525262007863105,-5.015480014360273,-0.0023986626439467373,0.5039428760606003,-0.002500847906992606,-0.0006366416602462128
1746728018.5295439,4.088968568594863,-5.050310581370966,-0.0028503044178625017,0.5042662963184151,-0.0021585955195052428,-0.0007181884964124924
1746728018.629563,4.1254326443631735,-5.085153562141143,-0.003184058209523282,0.5044113604613351,-0.0018500870551572488,-0.0007693476378830285
1746728018.7295773,4.161899906683929,-5.120001890096071,-0.0033877461383564336,0.5043745401544742,-0.0015667727684059013,-0.0007884392904705465
1746728018.8295424,4.198352658028534,-5.15484750887552,-0.003454793855142339,0.5041597761567189,-0.0012979437337542765,-0.0007751146923782812
1746728018.929584,4.23477465232293,-5.189681863493903,-0.0033844293478580223,0.5037782173693496,-0.0010334545389898053,-0.0007303524987539848
1746728019.0295157,4.271151530078928,-5.224496544457174,-0.0031816190737988747,0.5032476691656698,-0.0007660157801924424,-0.0006564010326734956
1746728019.1296117,4.307471051517351,-5.259284037626982,-0.002856750941320018,0.5025917773222789,-0.0004928478611043896,-0.0005566694692004511
1746728019.2295518,4.343723180857279,-5.294038473076653,-0.002425087102577647,0.5018389847003778,-0.000215786907475471,-0.00043557313068533427
1746728019.3295686,4.379900098903296,-5.328756251853602,-0.0019060206031888266,0.5010213064248119,5.938757626472068e-05,-0.0002983398457507718
1746728019.4295444,4.415996195197722,-5.363436470256181,-0.0013221781665327698,0.5001729759742408,0.00032546771179430803,-0.00015078579716695225
1746728019.5295196,4.452008119705033,-5.398081046234654,-0.0006984160179108978,0.49932901907271826,0.000575422899805026,9.295992721438451e-07
1746728019.6295178,4.487934799725934,-5.432694648202868,-6.075712236137791e-05,0.49852381435554405,0.000804214794222355,0.00015055953756513713
1746728019.729516,4.523777494969083,-5.4672843650143035,0.0005646837374964204,0.4977896995894981,0.0010103962457414138,0.0002920258231107084
1746728019.829651,4.559539798856169,-5.501859237306712,0.0011527442305882087,0.4971556794422091,0.0011959439669883348,0.0004196646309263317
1746728019.929573,4.595227513838215,-5.536429755836549,0.0016801902448336768,0.4966462862084682,0.0013653205833021073,0.0005284521337266584
1746728020.0295534,4.630848377600109,-5.571007385761585,0.002126590836973123,0.4962806379870743,0.0015237986852729712,0.0006142010481627048
1746728020.1295137,4.666411660942701,-5.605604132190103,0.0024750658291504348,0.49607173026000434,0.0016773526689698617,0.0006737204425182133
1746728020.2294965,4.701927696529687,-5.640232123161399,0.0027128850488309982,0.4960259869164705,0.001829991626177555,0.0007049327306755507
1746728020.3295414,4.737407192727375,-5.67490339354517,0.002831902896214927,0.49614308578666716,0.0019826124183940125,0.0007069436111971577
1746728020.429503,4.772860595380072,-5.709629633269791,0.002828817238585546,0.496416062224304,0.0021337681418158966,0.0006800627085211166
1746728020.5294967,4.808297492442923,-5.744421935441686,0.0027052457143676213,0.4968316828207682,0.002279580778661123,0.0006257747247228117
1746728020.6295106,4.843726114155537,-5.779290517844372,0.0024676173625188514,0.4973710699695616,0.0024162715351864084,0.0005466630159600418
1746728020.729555,4.879153040413256,-5.814244329728426,0.002126882077186109,0.49801054863727595,0.0025402175432364866,0.0004462893100032689
1746728020.8295212,4.914582913409225,-5.849290768617386,0.0016980461151801932,0.4987226772502145,0.002648431598605221,0.000329035162192509
1746728020.9295294,4.950018330620502,-5.884435348607174,0.0011995480438334834,0.4994774181054841,0.0027398991487077706,0.00019991214387139001
1746728021.0294952,4.985459856045553,-5.919681398314049,0.00065249606423629,0.5002433976156444,0.0028157785615697552,6.434894111344111e-05
1746728021.1295044,5.020906102939891,-5.9550298469804295,7.979420012955819e-05,0.500989203868296,0.00287883593475363,-7.203565642396794e-05
1746728021.2295089,5.056353844655085,-5.990479149210452,-0.0004948090053712171,0.5016846682657357,0.0029326558443910473,-0.00020366446232627372
1746728021.329529,5.091798151104928,-6.026025352765524,-0.001047710305346965,0.5023020793926233,0.0029806462704797944,-0.0003252288173513044
1746728021.4294853,5.127232527920523,-6.061662328199176,-0.0015564374445260025,0.502817280734963,0.0030249763596256534,-0.0004319015807615362
1746728021.5294893,5.1626491075555,-6.097382101235263,-0.002000586351885409,0.5032106090299127,0.0030673136993971473,-0.000519527692933222
1746728021.629538,5.198038934240676,-6.13317522930321,-0.0023626662333621653,0.5034676371045491,0.003107732131104522,-0.0005847848341534031
1746728021.7295096,5.233392203505964,-6.169031333565361,-0.0026288128855504527,0.5035796933303954,0.0031446893509896987,-0.0006253079967276487
1746728021.829509,5.268698620099798,-6.20493959357645,-0.0027893366425253657,0.5035441392411126,0.003176207238480912,-0.0006397733261783455
1746728021.9295177,5.3039478276609255,-6.240889213310869,-0.002839079950997116,0.5033643969954071,0.0032004844506888556,-0.0006279383145731968
1746728022.029519,5.339129879251116,-6.276869847772752,-0.0027775698370534787,0.5030497287154339,0.0032164364295000757,-0.0005906372527228843
1746728022.1295605,5.374235713126416,-6.312871982652446,-0.0026089617971987306,0.5026147801523583,0.003223997210028813,-0.0005297327460317302
1746728022.2295425,5.409257598015485,-6.348887261162661,-0.0023417825144522665,0.5020789103857298,0.003224154931027836,-0.000448025845923327
1746728022.3295052,5.444189507393868,-6.384908761112764,-0.001988489209109486,0.5014653380968195,0.0032186238411285074,-0.0003491290744480518
1746728022.4295132,5.479027387306471,-6.420931227119378,-0.0015648718493836398,0.5008001418705587,0.0032094112042929546,-0.00023730804899372183
1746728022.529527,5.513769312331704,-6.456951242685986,-0.001089330816702739,0.5001111574432173,0.003198477012393593,-0.0001172986213628491
1746728022.6295202,5.548415520076656,-6.4929673407029185,-0.0005820665044940302,0.4994268183363828,0.003187124448740976,5.8926660703101135e-06
1746728022.7295084,5.5829683197803535,-6.528980055690073,-6.421884015792107e-05,0.4987749878829502,0.003175813130962524,0.00012719645104367498
1746728022.8294892,5.6174319198339715,-6.564991883559743,0.00044300590486854674,0.4981818303123319,0.0031641644655620383,0.0002416881740329584
1746728022.9295325,5.6518121797817855,-6.601007160208231,0.0009191860072874785,0.4976707661871181,0.0031511788754327048,0.0003447870228496171
1746728023.0295033,5.686116326215966,-6.63703184400166,0.0013454813900345061,0.49726155359232027,0.0031355557680772927,0.00043243822361146734
1746728023.129515,5.720352640601585,-6.673073221519609,0.0017053495733770454,0.4969695307915885,0.0031160250567325142,0.000501271474528171
1746728023.2295496,5.754530135211029,-6.709139550236802,0.001985157648945504,0.49680504910831585,0.003091602493354722,0.0005487293775760328
1746728023.3295953,5.788658224917956,-6.745239660347249,0.0021746718970175275,0.49677311674306646,0.00306177742744571,0.0005731610096521631
1746728023.4296653,5.822746429085007,-6.781382512462589,0.0022674110130239643,0.4968732653942125,0.00302750905465816,0.000573877254095293
1746728023.529513,5.856804097689962,-6.817576743779824,0.002260853189017367,0.4970996422805011,0.0029897640934070948,0.0005511661215356182
1746728023.6295106,5.89084002967655,-6.853830349833592,0.0021564911958347056,0.4974413209785473,0.002949054928678612,0.0005062679358766491
1746728023.7295105,5.9248621793024965,-6.890150340978913,0.001959734118134426,0.4978828152867457,0.0029064882860690678,0.00044131196550748625
1746728023.829543,5.958877415204182,-6.926542426254255,0.0016796588702018673,0.49840477254329685,0.00286283716721399,0.0003592175794345226
1746728023.9295173,5.992891248154625,-6.963010818972856,0.0013286195542625387,0.49898481546727713,0.0028181942818972508,0.0002635644784601634
1746728024.0295527,6.026907635833684,-6.999558077650506,0.0009217277320615695,0.49959849608978546,0.0027723847620608616,0.00015843772718435092
1746728024.1295028,6.060928861290105,-7.036184997065401,0.0004762221269535737,0.5002203212518567,0.0027250041107654663,4.825426569307182e-05
1746728024.2295196,6.094955481956593,-7.072890560973547,1.07513936832801e-05,0.5008248068458192,0.0026757302193129444,-6.242176712800842e-05
1746728024.3295088,6.128986364811018,-7.109671947334894,-0.00045540174496562437,0.5013875174404668,0.0026243189335742813,-0.00016906722143724857
1746728024.4295104,6.163018776190015,-7.14652461587219,-0.0009031229051054783,0.5018860491573252,0.002570604179977658,-0.00026738392259127345
1746728024.5295115,6.197048551392721,-7.1834424511235175,-0.0013142605698251257,0.502300916573138,0.0025148441451197817,-0.00035347102864203867
1746728024.6294956,6.2310703351268755,-7.220417960068496,-0.0016723774730765713,0.5026163087866642,0.0024575217678353624,-0.0004239788898755684
1746728024.7295287,6.265077840252174,-7.257442557306117,-0.0019634248362898534,0.5028206855929901,0.002398877412970823,-0.0004762383871746026
1746728024.8295176,6.299064159229699,-7.294506885809326,-0.0021763087125125724,0.5029071915232057,0.0023400176825835108,-0.0005083607915930352
1746728024.9295168,6.333022146584565,-7.33160113127019,-0.0023033227222038037,0.5028738732226368,0.002281799429355517,-0.0005193044526024493
1746728025.0295002,6.3669446976653905,-7.368715459248468,-0.002340428292652201,0.502723693827524,0.00222444284301353,-0.0005089060198655336
1746728025.12954,6.400825052881152,-7.4058404256611645,-0.0022873714820548733,0.5024643463638715,0.0021673399039514284,-0.0004778753792187504
1746728025.229531,6.434657107077779,-7.442967347131002,-0.0021476338988533545,0.5021078765108402,0.002111321328233809,-0.0004277550012382833
1746728025.3295035,6.468435796204283,-7.480088535783791,-0.0019282234558477894,0.5016701326096499,0.0020567505602786394,-0.000360845825222398
1746728025.4295487,6.502157189543314,-7.517197707337907,-0.0016393186639282289,0.501170067806128,0.002001793857657522,-0.0002801031736196709
1746728025.5295224,6.535818666908753,-7.554290197699847,-0.0012937869618243317,0.5006289248404909,0.0019474325983462385,-0.00018900735535202855
1746728025.6295147,6.569419224035037,-7.591362935046041,-0.0009066020747427022,0.5000693384028893,0.0018940769216591546,-9.141459295284057e-05
1746728025.7295032,6.6029593591923215,-7.628414651904811,-0.0004941888988157332,0.4995143928080648,0.0018411547677583471,8.605377698831625e-06
1746728025.8295283,6.6364410876453475,-7.665445843943537,-7.372631823922556e-05,0.49898667404783253,0.0017884830351704438,0.00010693822561029526
1746728025.929517,6.669867857164126,-7.702458685982267,0.00033756228833836476,0.49850735491908615,0.0017359036452389495,0.00019959349383648692
1746728026.029514,6.703084476290393,-7.739600158098376,0.000723229065842416,0.49809535161570895,-0.004743540481459561,0.0002828654763959999
1746728026.1295142,6.7354092400778685,-7.777492670957921,0.0010731259904249875,0.49776672952954587,-0.021530309564315783,0.00035345414152457267
1746728026.2295163,6.766357586784629,-7.81659788173989,0.0014085383311250462,0.4975358305116713,-0.04398101271919409,0.0004082792916280457
1746728026.3295057,6.795880433889784,-7.857024094237683,0.0018054918391034614,0.4974208669662121,-0.06738751276160666,0.00044348089643132994
1746728026.4295063,6.824325653075853,-7.898569975225039,0.0023710156111090078,0.49745373997835124,-0.08814665265516347,0.00045262127510897526
1746728026.5295672,6.852333088113772,-7.940803993233354,0.0031753872226662856,0.49768960259028877,-0.10333419522683955,0.0004248733455032007
1746728026.629554,6.880876121384035,-7.98296012374133,0.004148616219426802,0.49820797047050724,-0.10799916153822126,0.00034467732019271077
1746728026.7295203,6.911033382970749,-8.024047494370558,0.005035056246945185,0.49909430459,-0.10319605488718447,0.00019492094806199882
1746728026.829526,6.943513312462478,-8.063277287241457,0.005530339677942915,0.5004057275889974,-0.0946326204775526,-3.689560233269691e-05
1746728026.9295454,6.978510669977511,-8.100292251191595,0.005454529850850363,0.5021369490460437,-0.08909856008103348,-0.00035232502742331846
1746728027.0296001,7.015811665712359,-8.135214659963133,0.00481200458126509,0.5042014364286554,-0.09202846436602091,-0.0007381924699888541
1746728027.1297166,7.055020066199414,-8.168544993729618,0.0037256681917573944,0.5064365971406725,-0.10599680172129348,-0.0011670480432006852
1746728027.2295115,7.0958001568683216,-8.20093573139155,0.002346803257143145,0.5086329560827904,-0.1301946844319637,-0.0016019936612905387
1746728027.3295252,7.1380468934887835,-8.232899756116192,0.0008338040940853716,0.5105786665617432,-0.16089109474049815,-0.0020044600865840143
1746728027.4295015,7.18192334448226,-8.264547102479069,-0.0006077037134136475,0.5121052929741249,-0.19267132323195618,-0.002342480401550653
1746728027.5295126,7.2277610295522905,-8.29543760762552,-0.0017082856359055933,0.5131208296783553,-0.22004032555338995,-0.0025969262440820816
1746728027.6295,7.275875747710753,-8.324599354383889,-0.0022018910033723173,0.513620763531298,-0.23891617429763817,-0.0027639660326165567
1746728027.7295146,7.326382809298705,-8.350714959663406,-0.0019447562685155563,0.5136750963646348,-0.24762084760293115,-0.002853236797863588
1746728027.829548,7.379091463994821,-8.372421304828125,-0.0009929443165085398,0.5133963965733978,-0.24714225255334674,-0.0028825037856282775
1746728027.929516,7.433520097865614,-8.38861858753495,0.00042569641540535403,0.5128994056121757,-0.24065339866144903,-0.002870600059262521
1746728028.0295355,7.489017530971443,-8.398679009459967,0.0020240816858489463,0.5122649239129233,-0.23248532126037175,-0.0028308993916684477
1746728028.1295202,7.544930787685408,-8.402494502065512,0.0035736093682089192,0.5115187282168234,-0.2268842193505504,-0.0027672947627166472
1746728028.2295852,7.600746169135452,-8.400370311153173,0.004962474686989007,0.5106309741912978,-0.22690206827373446,-0.002673759884765978
1746728028.3295465,7.656146802982995,-8.392820188871376,0.006189324309599633,0.5095349643156485,-0.23369814186967475,-0.002537413422438077
1746728028.4295118,7.710965504607031,-8.38034187187217,0.007329818638756919,0.5081584042507787,-0.24640452146287142,-0.002343956571635842
1746728028.5294993,7.765055120681413,-8.363250558393226,0.008508686609954706,0.5064569460621485,-0.2625522678859745,-0.00208371155320022
1746728028.6295033,7.8181334534949025,-8.341621544318267,0.009877054082101763,0.5044397543571937,-0.27889876442222805,-0.001756416335892182
1746728028.7295794,7.869608959787293,-8.315310543699509,0.011573150323064666,0.5021796555154289,-0.290389704416344,-0.0013733812090045586
1746728028.8295016,7.918401438082621,-8.284049474013562,0.013643342709574437,0.4998024137164726,-0.2929283277042821,-0.0009559301590149896
1746728028.9295123,7.963162957017027,-8.247768285767252,0.01597726907827523,0.49745394836292606,-0.2864601934455307,-0.0005297856706892092
1746728029.0295026,8.002687033631775,-8.206794091012076,0.018336609920090632,0.4952588159038595,-0.27409523508546846,-0.00011767282842617841
1746728029.1295185,8.036209128062719,-8.161806956664439,0.020458643340366782,0.4932888809728337,-0.2602027764511865,0.0002664825493200562
1746728029.2295315,8.063514061055244,-8.113656311480543,0.02215273781489899,0.49155377558927593,-0.24883470057108933,0.0006195985398370148
1746728029.329524,8.084859330585719,-8.063160392133375,0.023336968104179522,0.49001402567700436,-0.24259262462189085,0.0009474337381210455
1746728029.4295483,8.100775926756608,-8.010977010543936,0.02402303467563182,0.4886093167980877,-0.24210012144620635,0.0012597630617210583
1746728029.5295222,8.111833185908845,-7.957581617501535,0.024287808687778287,0.4872904035371183,-0.2460364898113931,0.0015647240072207554
1746728029.629503,8.118448915665432,-7.903336781295058,0.024253191181523935,0.4860437968105115,-0.25178123590546725,0.0018642795166750872
1746728029.729524,8.120804790412263,-7.848599262187772,0.024065969517985973,0.484902315401774,-0.25631091102982523,0.002152092994247791
1746728029.829509,8.118864543128158,-7.793808738206328,0.02386264841002385,0.4839401092598152,-0.2570590377439248,0.002414152320590916
1746728029.9295354,8.112470187940454,-7.739518201903329,0.023723018977193863,0.48325546339199876,-0.2525837672696707,0.002631636376421652
1746728030.029527,8.101471241865548,-7.686354796554372,0.02363717024559365,0.4829475645904941,-0.24285302873624917,0.002784977377222738
1746728030.1295466,8.085838305876734,-7.634929601592364,0.02350901373574904,0.48309410826938975,-0.2291378359111845,0.0028579095418956053
1746728030.229505,8.065726083831464,-7.5857329307035855,0.023196298286686533,0.48373531390487295,-0.2135647180053753,0.0028404905816802736
1746728030.329523,8.041471774856936,-7.539056108839631,0.022564023488261368,0.48486731330344685,-0.1984764840296607,0.0027305209111904813
1746728030.4295273,8.013541093993151,-7.494966220416337,0.0215241139834258,0.486444907604419,-0.18580570495322407,0.0025333054204657915
1746728030.5295365,7.982448921051486,-7.453339189053775,0.02004952983317942,0.48839130897637,-0.17661939834046542,0.00226013377935635
1746728030.6295185,7.948682706241151,-7.413937569073655,0.018169014322060754,0.4906112394660295,-0.170933755440425,0.0019260947277100029
1746728030.7295125,7.9126490719485565,-7.3765068719092595,0.01595498422894241,0.4930037144327069,-0.16782591286507445,0.001547869600437508
1746728030.8295166,7.874652715906398,-7.340860538567725,0.01351114721361995,0.4954717703445564,-0.16579127223396797,0.001142003388235083
1746728030.9294994,7.834904640664276,-7.306931833337933,0.010958655992388433,0.4979278852196403,-0.16315979103863096,0.0007238983869564458
1746728031.0295184,7.793549345243247,-7.274783839437276,0.008418337879292486,0.5002953618498195,-0.15858138387319012,0.0003075072697457345
1746728031.1295369,7.750701522664184,-7.244571869503259,0.005991654598755831,0.5025069911154949,-0.15136421379657003,-9.448892316342477e-05
1746728031.2295215,7.70647723426731,-7.216479446145683,0.0037485625862622744,0.504502784393161,-0.14157741758631584,-0.0004703256971157429
1746728031.3294983,7.661013026147246,-7.190647190531614,0.0017276089027846117,0.5062283544717082,-0.1299703723815365,-0.0008089035387229841
1746728031.429492,7.614471103391278,-7.167115255837623,-5.3374004398076434e-05,0.5076348722717903,-0.11772181966052805,-0.0010998118042373022
1746728031.5295734,7.56703297542564,-7.145794962783525,-0.0015836097621918948,0.5086807626998873,-0.10610488030610095,-0.0013336671452674486
1746728031.6295164,7.518886680694148,-7.126475001046986,-0.002850508441214827,0.5093346451658504,-0.09615388000828907,-0.0015026873818349583
1746728031.729521,7.4702127889577605,-7.108857796353319,-0.003838293174911974,0.5095786312801522,-0.08843810938931818,-0.0016013475912651232
1746728031.8294976,7.421173048341551,-7.092613799232907,-0.0045314768345001925,0.5094110217716583,-0.08293910510583254,-0.0016269471055146514
1746728031.9295175,7.37190324902962,-7.0774403918939806,-0.004918962775810548,0.5088476784508896,-0.07913289038079546,-0.001579952716072598
1746728032.029511,7.322511365678818,-7.063104845223902,-0.004996855502371446,0.50792174352775,-0.07618442178051048,-0.0014640508708954627
1746728032.129518,7.273079006470587,-7.0494667189004,-0.004770410716659421,0.5066818185010913,-0.07317566861875174,-0.00128591935408532
1746728032.2296042,7.2236649530928885,-7.036475025862918,-0.004256429662960003,0.50518902807298,-0.06935954406435024,-0.0010547863679840521
1746728032.3295438,7.174309540320227,-7.024142894543597,-0.00348578276301166,0.5035135057166908,-0.06431677632621306,-0.0007818676233291901
1746728032.4296484,7.125038804580154,-7.012510433787321,-0.0025042113084834013,0.5017307896488251,-0.058044154485572964,-0.0004797665645290252
1746728032.5302565,7.0758684774688705,-7.001602983366973,-0.0013700109129647778,0.49991844755394976,-0.05091872749418219,-0.00016189491334458556
1746728032.6296513,7.026807183745523,-6.9913996501295355,-0.00014878210110756652,0.49815306074268517,-0.043553631008106275,0.00015806141043414807
1746728032.7296004,6.977858851271515,-6.981818380628391,0.00109262022489981,0.4965075447291636,-0.03661611043637527,0.0004666330011007384
1746728032.8295548,6.929024161863367,-6.9727198873354155,0.0022908279807042587,0.495048699273599,-0.03064477944448347,0.0007510316897347684
1746728032.9295583,6.880300948783672,-6.963927429226189,0.0033886574676997485,0.4938348919315462,-0.02592408308017832,0.0009996053342350524
1746728033.0295167,6.831683689232336,-6.955255039706148,0.004336460501959185,0.4929138598241285,-0.022436900371994885,0.0012022847113743523
1746728033.1295393,6.783162336411798,-6.946536423415981,0.005093204485226981,0.492320722520122,-0.019894432693160678,0.00135100507015549
1746728033.2295918,6.734720995365778,-6.9376470951415845,0.005627674731024996,0.49207638613904775,-0.01783514037859015,0.001440068556953608
1746728033.3296673,6.686337162587164,-6.928514367671984,0.005919405914252627,0.4921865486613639,-0.015760889276619394,0.0014664072379078814
1746728033.4295704,6.637982251058315,-6.919113398153294,0.0059588413313089806,0.49264147803336267,-0.013279103472552378,0.001429712137703546
1746728033.5296104,6.589623691412506,-6.909452304874779,0.005746763185696445,0.4934166426974243,-0.010165310474066297,0.0013324093384676841
1746728033.6295443,6.541228231144285,-6.899553011304251,0.0052935188360499165,0.4944741632184292,-0.006425649128571789,0.0011794837931481867
1746728033.7295082,6.492766941887604,-6.889427693064755,0.004618390658017391,0.4957649416109223,-0.002286101762677618,0.0009781719690717732
1746728033.829527,6.444220007783508,-6.879062408634609,0.003749222337968034,0.49723124375168615,0.0019101028412987493,0.0007375600023077403
1746728033.9295297,6.395580239255754,-6.868410940917459,0.0027217976874608467,0.4988094987441346,0.005794226995327626,0.00046812746048137855
1746728034.0295575,6.34685493587074,-6.857397282967556,0.001578520977959605,0.5004331092675829,0.00906627724379088,0.0001812727417602215
1746728034.129563,6.298065283093178,-6.8459270306072595,0.0003664374023787685,0.5020351292240703,0.011570444979072878,-0.00011115391567322618
1746728034.2295551,6.249243535976515,-6.833903508510984,-0.0008650178028936772,0.5035507404049455,0.013321021590889263,-0.0003972966517171862
1746728034.3295186,6.200428769756922,-6.821243923474351,-0.002066117274053264,0.504919518173854,0.014482433370993605,-0.0006657164322127024
1746728034.4295356,6.151662285902725,-6.8078915239881015,-0.0031886445961553217,0.5060875043583086,0.015315199651209064,-0.0009057917830786828
1746728034.5295115,6.102983819411536,-6.793821128027896,-0.0041875510099863055,0.5070091007648121,0.01609929099151997,-0.0011080991268725047
1746728034.6295407,6.054429504421174,-6.77903703101963,-0.005022665345091188,0.5076487647045403,0.017063196209256642,-0.0012647683296712735
1746728034.7295442,6.006031756772652,-6.763565062614562,-0.005660458455799658,0.507982443670779,0.018334688591360834,-0.0013698009547227705
1746728034.8294926,5.957820884961816,-6.747441075780078,-0.00607567018618176,0.5079986493291486,0.01991702888755662,-0.0014193316530095896
1746728034.9294953,5.909827700560567,-6.730698923653031,-0.00625255989146117,0.5076990539193822,0.021702714872546013,-0.0014118094404747612
1746728035.0295043,5.862085870827457,-6.713361397222468,-0.006185645111280083,0.5070985054231477,0.023515742463329197,-0.0013480773151655532
1746728035.1295373,5.814633059508122,-6.695435866305328,-0.005879933489019381,0.5062244013443261,0.025165318977558318,-0.0012313359205772668
1746728035.2295268,5.767510259847222,-6.6769150272174125,-0.005350688035189315,0.5051154230993108,0.026499133048337953,-0.001066987853554792
1746728035.3295043,5.720759213738518,-6.657781941989896,-0.004622714741532599,0.5038196988354634,0.027441077496614726,-0.0008623711345399593
1746728035.429505,5.674418509573625,-6.638017289795814,-0.0037291303515330815,0.502392519630714,0.028004846274296603,-0.0006264011050475017
1746728035.5295126,5.628519315270389,-6.617606529804885,-0.002709626927194515,0.5008937693235185,0.028283097007548986,-0.0003691471365176091
1746728035.6294885,5.583081823933078,-6.596544992540995,-0.0016083711610195648,0.49938523851969596,0.028417498046179778,-0.00010137334604963152
1746728035.7294948,5.53811334169606,-6.574839648517515,-0.00047176849533414665,0.49792797947393225,0.02855781403854059,0.00016592898748193382
1746728035.8295121,5.49360852581321,-6.552507327680821,0.0006536818285535347,0.49657982775155063,0.028823518879437866,0.0004219942737598278
1746728035.9295049,5.449551656410619,-6.529570268068917,0.001723303782243794,0.4953931785559874,0.02927651393573097,0.0006567038309403514
1746728036.0294864,5.4059204237113185,-6.5060503226935875,0.002695891739057556,0.4944130713966013,0.029910285213757194,0.0008609642696908765
1746728036.1295152,5.362690308303944,-6.481963486111869,0.003535094339817277,0.493675612036947,0.030657902815775937,0.0010270360024952133
1746728036.2295,5.3198385427502535,-6.457316165001512,0.00421054092416781,0.49320674829102307,0.03141474099963598,0.0011488069125725822
1746728036.3295143,5.277346833050978,-6.432104021562733,0.004698703767061655,0.4930214151718814,0.03206864192276041,0.001222006321301004
1746728036.429533,5.235202411898209,-6.406313478338227,0.004983499862662352,0.4931230691459553,0.032528930647517516,0.0012443535322836806
1746728036.5295048,5.19339747110523,-6.3799252947333525,0.005056661932341472,0.4935036352972998,0.03274716088287475,0.0012156343824922928
1746728036.6295075,5.151927378975932,-6.352919262123577,0.004917920825900867,0.494143888846044,0.03272710305838091,0.001137699514393158
1746728036.7294886,5.110788508504351,-6.3252787086349045,0.004575019468521266,0.4950142811324252,0.0325121122105296,0.0010143800043947199
1746728036.8295083,5.069976652104208,-6.2969935685838925,0.00404352564755772,0.496076198412972,0.032174988694688815,0.0008513198570491204
1746728036.929512,5.029485797560933,-6.268062484905877,0.0033463900207235664,0.49728361361088597,0.03179816750992093,0.0006557300457492506
1746728037.0295632,4.989308360279954,-6.238492751585595,0.0025131924791928096,0.4985850646584162,0.03144866459193585,0.0004360738082474151
1746728037.1294706,4.949436581621728,-6.208298731139386,0.0015790476290527282,0.4999258667554673,0.031163346045736614,0.00020169805594692433
1746728037.229506,4.909864600068916,-6.177499498325856,0.0005831936918249752,0.5012504481469826,0.030943514816618646,-3.757049424563356e-05
1746728037.3295293,4.87059058671922,-6.146116455910425,-0.0004326716425300283,0.5025046923861199,0.03075866941138318,-0.000271844010976899
1746728037.429491,4.831618255453187,-6.114171631239657,-0.0014262205387792618,0.5036381737271097,0.03056313667042171,-0.000491586580873639
1746728037.5295029,4.792957451958277,-6.081686839530944,-0.002356385733394359,0.5046061858701087,0.03029801967479347,-0.0006880028962313691
1746728037.6294978,4.754624164835082,-6.048683219308977,-0.003185212636082195,0.5053714817892652,0.029918124181297967,-0.0008533865069835967
1746728037.7295272,4.71663819824912,-6.015182861786612,-0.003879553066757787,0.5059056613423998,0.029407774138533696,-0.0009814144854431578
1746728037.8295226,4.679020659191415,-5.9812101539362015,-0.004412484611868738,0.506190167768899,0.028776834257033104,-0.0010673794088788004
1746728037.9294884,4.641791431794604,-5.946792743838192,-0.004764389015619236,0.5062168708668721,0.028057793986404015,-0.0011083523581367132
1746728038.029511,4.604966969447075,-5.911961918884575,-0.004923649748697162,0.5059882285201585,0.027296733102378387,-0.0011032730138519024
1746728038.1295247,4.5685588568429045,-5.8767521168726065,-0.00488696088096116,0.5055170312321365,0.026541429073258828,-0.001052965233638249
1746728038.229522,4.5325732847459745,-5.841199617753549,-0.004659262198594101,0.5048257461034655,0.02583040380187615,-0.0009600786529720447
1746728038.329543,4.497011381673878,-5.805340636539766,-0.004253327067701359,0.5039454883256554,0.02518464154497751,-0.0008289590531299709
1746728038.42948,4.461870169872878,-5.7692091610490195,-0.0036890375809295866,0.5029146603773291,0.024604540070287298,-0.0006654525940519836
1746728038.529569,4.427143738395084,-5.7328349780318995,-0.002992389839199758,0.5017773115226201,0.02407256205165819,-0.0004766514909246472
1746728038.6294994,4.392824188944212,-5.696242297528544,-0.0021942816033859633,0.5005812823247936,0.023562477824737645,-0.0002705912111007579
1746728038.729518,4.358902248321154,-5.659449041998381,-0.0013291403690723906,0.4993762096465515,0.023039404137237634,-5.591159210377805e-05
1746728038.829591,4.325367776472448,-5.62246656650109,-0.00043345842063463596,0.4982114750619049,0.02247559926304671,0.00015850392876631667
1746728038.9295042,4.292208956131054,-5.58530076154015,0.0004557044892846409,0.49713418252248004,0.021859460862720764,0.0003638957695063213
1746728039.0295026,4.259411609162847,-5.547953245327743,0.0013022031125662769,0.49618725195792346,0.021192988987936312,0.0005519864884830605
1746728039.1294956,4.226958329715697,-5.510422859843181,0.0020722140966984767,0.4954077095237672,0.020501922988217076,0.0007153146154997791
1746728039.2295063,4.194828297605673,-5.472706740236161,0.0027355257848882385,0.49482524528825295,0.01979122756152663,0.0008475300699115791
1746728039.3295279,4.162999491494492,-5.434799617863447,0.0032666502795079644,0.494461095261636,0.0190736470879017,0.0009436393047959123
1746728039.4295115,4.131447288504673,-5.396696041142767,0.003645719070318339,0.4943272859308367,0.018375924931322743,0.0010001913768464404
1746728039.5295007,4.100145348252216,-5.358390801038197,0.0038591735431902797,0.49442626910653453,0.017712605643090525,0.0010153977961445957
1746728039.629509,4.069067165681538,-5.319878855121285,0.0039002085896509718,0.4947509562271927,0.017085034785298523,0.0009891822193831346
1746728039.7295427,4.038187553871286,-5.281155292340518,0.003768958806801975,0.49528514248443634,0.016483841647142672,0.0009231593980254444
1746728039.8295236,4.007483781008444,-5.242215503478493,0.003472426473656593,0.49600429583329086,0.015893066136891017,0.0008205456185425023
1746728039.9295077,3.976936309159944,-5.203055553568115,0.0030241558231917415,0.4968766724000052,0.015295016537152487,0.000686005469658125
1746728040.0295105,3.9465290481676645,-5.163672782652734,0.0024436628825861653,0.4978647079838912,0.014675500754576163,0.0005254421349089311
1746728040.129531,3.916249194525884,-5.124066551279071,0.0017556374279922389,0.4989266256983349,0.014026466968303288,0.0003457404481934826
1746728040.2295058,3.8860868071391206,-5.084238996204642,0.0009889408476350258,0.5000181923536088,0.013348820529363264,0.0001544736473028421
1746728040.3296201,3.8560341339946884,-5.044195768651513,0.00017543171464711924,0.5010945512420023,0.012651857673409879,-4.041395216128067e-05
1746728040.4294991,3.8260850624535485,-5.003946477779236,-0.0006513399245337849,0.5021120568270272,0.011949873165421378,-0.00023093532720435577
1746728040.529511,3.7962347393069633,-4.963504805987718,-0.0014575221016562543,0.503030037320929,0.011259056868385041,-0.0004093867794573164
1746728040.6295063,3.766479409670913,-4.922888265308738,-0.002210377736053328,0.5038124144720207,0.01059260829270501,-0.00056865841782418
1746728040.7295008,3.7368165232091957,-4.882117571342786,-0.0028796656268759457,0.5044291161281408,0.009958593337935787,-0.0007025165982497524
1746728040.829505,3.7072448283950257,-4.84121584719135,-0.0034389196787922892,0.504857225978456,0.009359157642567088,-0.0008058470498237452
1746728040.9295015,3.6777644828672065,-4.800207661421205,-0.003866560772890954,0.505081826197026,0.008790214095631528,-0.0008748491403228178
1746728041.0294974,3.6483770410905616,-4.759118030785195,-0.004146784127528983,0.5050965018887611,0.00824358004896934,-0.0009071738603664672
1746728041.1294982,3.619085193305312,-4.717971517636255,-0.004270176902786241,0.50490349067563,0.007709597167273953,-0.0009020005362860514
1746728041.2295063,3.5898922812416845,-4.676791454670939,-0.004234036320948547,0.5045134758574848,0.007179981084890053,-0.0008600499163986389
1746728041.3295095,3.5608016004110956,-4.6355993456040325,-0.004042376808057156,0.503945036534768,0.006650022912237566,-0.0007835339721925754
1746728041.4295125,3.53181562125623,-4.594414406950649,-0.003705632835820598,0.5032237822021631,0.006119369326762474,-0.0006760453897051459
1746728041.529496,3.502935249767945,-4.553253220533605,-0.0032400817674534538,0.5023812119587817,0.005591800652911889,-0.0005423921737933789
1746728041.629512,3.4741592384657047,-4.512129464495349,-0.0026670257209279492,0.5014533491215366,0.0050736339137386535,-0.00038838494813603857
1746728041.7295136,3.4454838023226175,-4.471053716957421,-0.0020117823496390006,0.5004792102992821,0.004573474372338362,-0.0002205863270100947
1746728041.829521,3.4169025254265284,-4.430033290730286,-0.0013025401979863366,0.4994991736394353,0.004095402642919379,-4.603310366405496e-05
1746728041.9294908,3.3884067858837077,-4.3890719460380305,-0.000569136098286659,0.4985533140026154,0.0036414481244322295,0.00012805707377700772
1746728042.0295336,3.3599858460046055,-4.348170052913971,0.00015818796776786317,0.4976797730326999,0.0032125598632783,0.0002945824312465655
1746728042.129521,3.3316272772897073,-4.30732472293447,0.0008500005846637231,0.49691322964194645,0.0028062840332829546,0.00044684513971782056
1746728042.2295053,3.30331744762374,-4.266530066372631,0.0014788238153336777,0.49628353169889344,0.002418274894444446,0.0005788191460053889
1746728042.3295054,3.2750418253821767,-4.225777707412939,0.002020165652472358,0.49581454249135065,0.0020472970949206156,0.0006853871259905602
1746728042.429498,3.246785425396215,-4.185057296882208,0.002453413040784036,0.49552324615964877,0.0016820277903806672,0.0007625373071731133
1746728042.5295722,3.2185338495023292,-4.144356672462857,0.0027625619000384736,0.49541914582051993,0.0013160082338355397,0.0008075125498288993
1746728042.6295109,3.1902726417708847,-4.103663200118914,0.0029367610120947006,0.49550397523727385,0.0009524072517156175,0.0008189061996575732
1746728042.729505,3.161987316830925,-4.062964645059445,0.0029706632309723343,0.4957717318191957,0.0005984699651162161,0.0007967014765399295
1746728042.8295486,3.133663675801479,-4.022249806030324,0.0028645728457825964,0.49620902550444707,0.0002554143329227692,0.0007422535066617809
1746728042.9296217,3.105288655721244,-3.9815087139473855,0.002624384897772392,0.49679572480120243,-7.413417117858273e-05,0.0006582155435118888
1746728043.0295286,3.0768501934961563,-3.940733426392569,0.0022613135372509174,0.49750586981559836,-0.00038482116401347086,0.0005484131018165481
1746728043.1295633,3.048337618083888,-3.8999183497709082,0.001791419295356345,0.4983088106970907,-0.000673782092783536,0.00041767196835290025
1746728043.2295372,3.0197420616212205,-3.859060423617208,0.001234946863121282,0.49917052179184157,-0.0009406845719470386,0.00027160776936956474
1746728043.3295195,2.991056834040173,-3.8181591902967833,0.0006154937956865966,0.5000550353683587,-0.0011873099847045738,0.00011638622749127768
1746728043.4295578,2.9622776544080884,-3.7772168125869494,-4.096161325360174e-05,0.5009259348676726,-0.0014169396717777186,-4.153572281856212e-05
1746728043.5295062,2.9334027674748664,-3.7362380101245494,-0.0007071370074055186,0.5017478461864522,-0.0016334127838176376,-0.00019567718408104896
1746728043.6295302,2.90443287022888,-3.6952299630632277,-0.001355583969127138,0.5024878664556056,-0.0018396493969354707,-0.0003397979382904807
1746728043.729539,2.8753708890455774,-3.654202155027365,-0.001959838577835136,0.5031168732551007,-0.002037678724984865,-0.00046814979214243493
1746728043.829523,2.846221696322499,-3.6131660987533727,-0.002495532404761014,0.5036106625555022,-0.002228336955412857,-0.0005757045752412666
1746728043.929516,2.81699169799005,-3.572135007587922,-0.002941411878813793,0.5039508712712125,-0.0024107024060708707,-0.000658349803467993
1746728044.0294945,2.787688333230159,-3.531123406341641,-0.0032802170451833273,0.5041256494996821,-0.002581783713093839,-0.0007130444302581135
1746728044.129624,2.7583196447272633,-3.490146597825794,-0.0034993770600935123,0.5041300579773652,-0.0027409988751539104,-0.0007379287976656591
1746728044.22951,2.728894051385298,-3.4492199251934177,-0.003591489144798671,0.5039661779924925,-0.0028876786395033364,-0.0007323848728001973
1746728044.329518,2.699419769127057,-3.408358273881906,-0.0035545607914491085,0.5036429328059022,-0.0030202603964339446,-0.0006970449201866622
1746728044.4294882,2.6699044497773263,-3.367575446369691,-0.003392007029646508,0.5031756317270704,-0.0031390681973569295,-0.0006337489414606818
1746728044.5295064,2.6403549255790484,-3.326883533459776,-0.003112408464614388,0.5025852592303367,-0.003245630619446749,-0.0005454533158425752
1746728044.6295154,2.6107769180704548,-3.2862924254144947,-0.002729048650216717,0.5018975416972018,-0.003342123978130518,-0.0004360950476777085
1746728044.729538,2.5811747990656997,-3.2458094325226234,-0.002259260134522618,0.501141833316345,-0.0034309996740763404,-0.00031041783983815974
1746728044.8295248,2.5515513782797217,-3.2054390582374537,-0.0017236165554499788,0.5003498692150442,-0.0035143484863062783,-0.00017376763620880324
1746728044.9295013,2.521907738412707,-3.1651829235974898,-0.001145013347430845,0.499554438624252,-0.0035934898230364737,-3.186641387541602e-05
1746728045.0294952,2.49224314170958,-3.1250398281324743,-0.0005476816682353446,0.4987880332315605,-0.0036690258673196035,0.00010942626142758512
1746728045.129566,2.4625550292371257,-3.0850059239469916,4.382045097618784e-05,0.49808152605620415,-0.003740627346679579,0.0002443540496173385
1746728045.229505,2.432839078106947,-3.0450750126024317,0.0006055984240412519,0.4974629340274418,-0.00380706797750264,0.0003674972115897714
1746728045.329509,2.4030893607048545,-3.005238908618829,0.0011153559788230239,0.49695631338065605,-0.003866729018143211,0.00047398917734985525
1746728045.4295502,2.373298610313214,-2.965487837605061,0.001553242661958537,0.4965808310447666,-0.0039182628921319755,0.0005597077149768563
1746728045.5295265,2.343458569745449,-2.9258108554151967,0.0019025875005223604,0.496350047511221,-0.003960768886312217,0.0006214332496413648
1746728045.6295016,2.3135603751367206,-2.886196293075781,0.0021504974573463283,0.496271437785249,-0.0039940116831007995,0.0006569682857969571
1746728045.729484,2.283594973584153,-2.846632197869375,0.0022883042187557745,0.4963461670092016,-0.004018425189407339,0.0006652135399864678
1746728045.8295176,2.2535535273344656,-2.8071067782032726,0.002311847372812944,0.49656912673966375,-0.004034931039469625,0.0006461982150266427
1746728045.929491,2.2234277928111346,-2.767608835507488,0.0022215863082785964,0.49692922716252863,-0.004044622390170112,0.0006010637468688648
1746728046.029549,2.1932104452218906,-2.7281281829413233,0.0020225378027633164,0.4974099297470055,-0.00404846921418668,0.0005320023351798926
1746728046.1295826,2.1628953572106995,-2.6886560243066304,0.0017240406342215683,0.49798999555321627,-0.00404718469849566,0.00044215333827148193
1746728046.2295103,2.1324778239499693,-2.649185281520799,0.0013393541338878614,0.49864441540160853,-0.0040410552224217095,0.0003354623889839525
1746728046.329517,2.1019547286989995,-2.6097108601480383,0.000885103087003959,0.4993454813827022,-0.004029998062204959,0.00021650950239210547
1746728046.4295428,2.0713246633882454,-2.5702298287312995,0.0003805875918466574,0.500063953913413,-0.004013701015924002,9.031363725213127e-05
1746728046.5294964,2.040587993091593,-2.5307415102952224,-0.00015301729553845162,0.5007702753747095,-0.003991737665479201,-3.787798557014931e-05
1746728046.6295161,2.0097468654746153,-2.491247477955428,-0.0006935414087070245,0.5014357802313818,-0.003963754788972281,-0.00016280701383648567
1746728046.7295153,1.978805168323452,-2.451751448802222,-0.0012187429881015924,0.5020338524166053,-0.003929747951513945,-0.00027941861694677673
1746728046.8295496,1.9477684295964677,-2.4122590819407623,-0.0017072363655836265,0.5025409836672751,-0.0038900463023453995,-0.000383064969756552
1746728046.9295437,1.9166436325125782,-2.372777709774373,-0.0021393825755587877,0.5029376910515911,-0.0038448578136749552,-0.00046968943660173634
1746728047.0295422,1.8854389891807306,-2.333315981593492,-0.002498102129689265,0.5032092582116501,-0.0037958112896038605,-0.0005359842097733528
1746728047.1295447,1.8541637270929456,-2.293883395681996,-0.0027695720080310737,0.5033462724207601,-0.003744432325110078,-0.0005795153255461724
1746728047.229528,1.8228276213309695,-2.254489961318079,-0.0029437745780529225,0.5033449381686393,-0.0036899817787450426,-0.0005988103758564189
1746728047.3295515,1.7914406017770677,-2.215145758490692,-0.0030148738123791335,0.5032071572755218,-0.0036348365346647454,-0.0005934058010747828
1746728047.4295635,1.7600125926549717,-2.1758603014644637,-0.0029814025332991776,0.5029403752950194,-0.0035804321267582043,-0.0005638523572625053
1746728047.5294986,1.7285528887093453,-2.136642305944917,-0.0028462552406855824,0.5025572035263625,-0.00352585697990531,-0.0005116790802136753
1746728047.6294959,1.697069779497472,-2.0974993208562895,-0.0026164915851645014,0.5020748351110769,-0.003470395098094254,-0.0004393177798329968
1746728047.7295043,1.6655702720941972,-2.0584373764386736,-0.0023029641195183434,0.5015142817368617,-0.0034135342544109365,-0.0003499916615573056
1746728047.82956,1.6340598295609248,-2.0194607422363755,-0.001919792755989678,0.500899464725812,-0.003353295873197085,-0.0002475731405744383
1746728047.9295068,1.6025422045595021,-1.9805717494475745,-0.0014837148132477698,0.5002561996148154,-0.0032909555052875205,-0.0001364170749744634
1746728048.0295017,1.5710196506655432,-1.9417704556595408,-0.0010133433630626365,0.49961111720759016,-0.0032292917427483568,-2.1176575144960766e-05
1746728048.1295104,1.5394927952386246,-1.903054742151002,-0.0005283689162412877,0.4989905660254799,-0.003168442640088485,9.33908522957109e-05
1746728048.2294958,1.5079605435434755,-1.864420537165598,-4.874027497675172e-05,0.49841954114115367,-0.0031076292804100942,0.00020261879663056333
1746728048.329519,1.476420208349656,-1.825861991839663,0.0004061420399075407,0.4979206825445536,-0.003046400535156947,0.0003021211010505601
1746728048.4295342,1.4448676553530182,-1.7873717630750203,0.000818189441077085,0.4975133828857763,-0.002982011088893406,0.00038796707941245715
1746728048.5294971,1.4132975697976156,-1.7489412935703097,0.0011713187994492876,0.4972130394901403,-0.002917750421132936,0.0004568358331764043
1746728048.6294847,1.38170415667673,-1.7105608032734372,0.0014520535554627464,0.4970304791903004,-0.0028556968483892564,0.0005061436605743867
1746728048.7295208,1.3500810247543065,-1.672220005783577,0.0016500135661998705,0.4969715773999724,-0.002794220780353182,0.0005341396749247447
1746728048.8294883,1.3184214675662171,-1.6339085174992505,0.0017582783715610105,0.49703708430335947,-0.0027323080157472097,0.0005399661655378149
1746728048.9295223,1.2867188083889607,-1.5956162103045686,0.001773614177076592,0.49722266257480363,-0.0026691560541352902,0.000523681694536608
1746728049.029565,1.2549667348208535,-1.5573335468130671,0.0016965582481094665,0.49751913238619055,-0.0026046163507601116,0.0004862464618402576
1746728049.1295383,1.2231596287866626,-1.5190518727277666,0.0015313586866403397,0.4979129108277595,-0.0025388460888859997,0.00042947105831419723
1746728049.2296016,1.1912928244741143,-1.4807637046489526,0.0012857716224492347,0.4983866253474994,-0.0024721272670513816,0.000355931162154823
1746728049.3295577,1.1593628355473207,-1.4424629629109484,0.0009707226165232424,0.49891987364159457,-0.002404879584819446,0.0002688521516771445
1746728049.4295065,1.1273675292109873,-1.4041451547463302,0.0005998438111143005,0.49949009698563973,-0.002337681684968045,0.00017196875292484334
1746728049.5295203,1.09530624376757,-1.3658074996280054,0.0001889033285959502,0.5000735297713315,-0.002270866933340781,6.936579814834998e-05
1746728049.629521,1.063179831682414,-1.3274490037355904,-0.00024485176987376807,0.5006461854606488,-0.002204955325112131,-3.4693149514519887e-05
1746728049.7295084,1.0309906726479001,-1.2890704408668334,-0.0006834132178709309,0.5011848382612241,-0.0021401797093024114,-0.00013594215378960484
1746728049.8295374,0.9987425687068859,-1.2506743126800182,-0.001108760560421271,0.5016679605748579,-0.002076319512915756,-0.00023028699081391462
1746728049.929519,0.9664406105662461,-1.2122647158608706,-0.0015036096736769152,0.5020765786706053,-0.0020130967669704505,-0.00031396990782961356
1746728050.0295084,0.9340910073005193,-1.173847130133508,-0.001852127928512671,0.5023950127682877,-0.0019504021299886893,-0.00038371846245072557
1746728050.1295125,0.9017008769798605,-1.1354281418434966,-0.0021405839245808647,0.5026114729341338,-0.0018881996716577777,-0.0004368725885557957
1746728050.229503,0.8692779840947685,-1.0970151327359756,-0.002357902386865606,0.5027184883662722,-0.0018264980965206085,-0.0004714849912612845
1746728050.329508,0.8368304489979005,-1.0586159348384878,-0.0024960992267667017,0.50271315472266,-0.0017651945435754907,-0.0004863911205484558
1746728050.4295208,0.8043664497214835,-1.020238460097745,-0.002550577714055115,0.5025971917531744,-0.0017048590798802265,-0.0004812462609416474
1746728050.5295184,0.7718939573504442,-0.9818902980109715,-0.0025202737842300853,0.5023768113596094,-0.0016459991482965697,-0.0004565286520828207
1746728050.6294901,0.7394203821295106,-0.9435784150441454,-0.0024076462752175122,0.5020624039732842,-0.001588122626206508,-0.00041350896107687383
1746728050.729489,0.7069522951285144,-0.9053088435759397,-0.0022185158632283654,0.5016680585117025,-0.0015321388717634927,-0.0003541878078199774
1746728050.829506,0.6744952903524776,-0.8670863299451119,-0.0019617635810101407,0.5012109377504947,-0.0014785812323903718,-0.0002812043231992151
1746728050.9295235,0.6420536923153207,-0.8289142142709173,-0.0016489062799098495,0.5007105366177925,-0.001426946257027088,-0.00019771987350048723
1746728051.0295193,0.6096304104987537,-0.7907943000962099,-0.0012935716545757546,0.5001878553176382,-0.0013768035840189437,-0.00010728204187863409
1746728051.1294978,0.5772268757905088,-0.7527267779436224,-0.0009108986421715778,0.4996645221776386,-0.0013276678549807997,-1.3674684167812662e-05
1746728051.2295153,0.5448430445673773,-0.7147102172808951,-0.0005168909981261582,0.4991619026850608,-0.0012794635575957597,7.923963527947894e-05
1746728051.3295224,0.5124774906080888,-0.676741605665173,-0.00012775219583585065,0.4987002312329781,-0.0012323141552506597,0.00016767830206232065
1746728051.4294968,0.4801275046991675,-0.6388164939690905,0.0002407710984349264,0.4982978006240119,-0.001185920365367181,0.00024809192309281554
1746728051.5295143,0.4477892497652999,-0.6009291927850603,0.000574011730374957,0.49797024159531905,-0.0011405496587490133,0.00031730604291749595
1746728051.629491,0.4154580142947474,-0.5630729655301489,0.0008589483683143052,0.49772992052832876,-0.0010966196051333677,0.00037264567790721816
1746728051.7295005,0.3831284188915999,-0.5252403228601391,0.001084696082894499,0.4975854783414508,-0.0010541239049316558,0.0004120378179474287
1746728051.8295157,0.35079465187380593,-0.4874233323552948,0.0012429051766193282,0.49754152753078507,-0.001012986860353471,0.00043408800128824843
1746728051.9294996,0.3184507329702298,-0.44961392309253617,0.0013280558574892327,0.49759851765740515,-0.0009731434038650562,0.0004381281755224309
1746728052.0295312,0.2860907754666149,-0.41180419001788343,0.0013376399532337632,0.49775277255756506,-0.0009345213448370739,0.0004242342684247329
1746728052.1294966,0.2537092390145689,-0.3739866855022174,0.0012722244187847102,0.4979966955806446,-0.0008970542454816566,0.0003932131345009098
