timestamp,pos_x,pos_y,vel_x,vel_y,yaw,accel_x,accel_y,ang_vel_z,rudder_angle
1746728856.9495714,2.518413499370599,1.8738023292297246,0.49764739095998234,0.013522987580856287,0.9182013906916762,-0.0428213519241209,0.04503729731663547,-0.09626584548953919,3.0874901894570597
1746728857.049452,2.5477024414572456,1.9141055614032159,0.49841776539221977,0.01546865952072599,0.9084417213957691,0.25245915250520523,-0.17302360999529695,-0.09604512614606389,3.176899746599221
1746728857.1495194,2.5772721630775552,1.954309466159814,0.49924149550404967,0.0175657366697612,0.8986248332129081,0.17413849667920794,-0.14594817272471947,-0.0988313024349807,2.8918553066735986
1746728857.2494624,2.607131028636879,1.994411261657004,0.5000837398502307,0.019432195351921998,0.8887734617940698,0.3537376845681743,-0.2610268564271191,-0.09732273484665153,2.973998778126399
1746728857.3493953,2.6373114769769335,2.0343837643098843,0.5009099263951602,0.02076400445422332,0.878907413276367,0.00043075008383136604,0.03481090747285152,-0.09844135294949272,2.697052014038598
1746728857.449541,2.6678602231788924,2.0741818787554114,0.5016870372301133,0.021406165158799766,0.8690441702407291,0.23727833937332277,-0.1721152366867864,-0.09906579119229952,2.8775659302093195
1746728857.5496702,2.6988251154653726,2.1137528475876795,0.5023847117146969,0.02137855509700318,0.8591999988597693,0.14135766827043256,-0.07570197085978009,-0.09795341728502785,2.7421093873659883
1746728857.649394,2.730242407678134,2.1530473776839605,0.502976195193995,0.02085469552748793,0.8493910563983307,-0.09230621994616263,0.11078388750575222,-0.09829543746327421,2.755589404208543
1746728857.7494094,2.762127697824906,2.1920287618046306,0.5034391676074462,0.020102912172297545,0.83963401498726,0.007732723981929188,-9.737023056979877e-05,-0.09334837062967967,2.5585150620567387
1746728857.8494284,2.794472537595904,2.230677828590752,0.5037564729751698,0.0194089531486158,0.8299460325121608,0.30196488739769023,-0.3233088214394476,-0.1014023179959525,2.545874823038611
1746728857.9494398,2.8272469984486293,2.2689928699135997,0.503916744169485,0.01900223426449681,0.8203440944598559,0.09124326994240745,-0.10376071499159807,-0.09449289099401348,2.2874211300474694
1746728858.0496225,2.8604069523494156,2.3069850708172948,0.5039148881908434,0.019003567176383504,0.8108440283641217,0.39419733083830877,-0.3487479975264536,-0.09231894096579082,2.4420762973887826
1746728858.1494324,2.89390381648036,2.3446710652075313,0.5037523760504469,0.01940541086018091,0.801459684320219,-0.07171410328687805,-0.022628328486037838,-0.09608197696506329,2.2256224389640247
1746728858.2493978,2.9276941215394827,2.3820648828326543,0.5034372761236647,0.020087167900553975,0.792202642274447,-0.07683287034604505,0.08566941471391448,-0.08912658406210629,2.214130772805916
1746728858.349492,2.9617465661751563,2.419171572182886,0.5029839830992657,0.020858219016836686,0.7830824769907316,0.17447900843568076,-0.20177701907188283,-0.08578268955373777,2.205391102279664
1746728858.4495049,2.996045157301183,2.4559841273504186,0.5024126232386587,0.021514622036287807,0.7741074186735485,0.03469915455397085,-0.17577021993367756,-0.0901565689835464,2.0957334269020227
1746728858.5494444,3.0305881976323783,2.4924843315542824,0.5017481528307735,0.021893432309927897,0.7652851036297748,-0.27909218228953714,0.14017971901118362,-0.09085717662293899,1.982872800862508
1746728858.649448,3.0653839665292737,2.5286470291608865,0.5010192018510807,0.021911028279060295,0.7566231286872516,-0.09583658778795119,-0.04319296542339025,-0.08318672410365292,2.0367696298084743
1746728858.7494347,3.1004446685746654,2.5644464617462686,0.5002567414194751,0.021577347373644536,0.748129251355781,-0.17721554219738248,0.05235161298824689,-0.08491702793316558,1.9239988679813649
1746728858.8494248,3.1357804459396035,2.599862874914916,0.49949266712432283,0.020984914820659322,0.7398112220000721,-0.18540782864873495,0.08038563649214106,-0.08269991979529576,1.8160566945577525
1746728858.949503,3.171395015185998,2.634887649876378,0.4987583897342224,0.02027759515693922,0.7316763973524235,-0.3098844201362785,0.12344059999078939,-0.08026915494141541,1.771957365615089
1746728859.0494463,3.207283897097576,2.669525697049094,0.4980835122589248,0.019608831783875992,0.7237313865198574,-0.1698038693549506,0.06661384979164076,-0.07964853950177597,1.6508742166622743
1746728859.1494546,3.243435399435223,2.703794663076956,0.49749465227132533,0.01910162210046256,0.7159818953530435,-0.41504957067492826,0.25564812505441725,-0.0749166240586539,1.6348537750030239
1746728859.2494023,3.2798337520086336,2.7377213744165836,0.4970144466770142,0.018819670307584774,0.7084327704819071,-0.20813459575048737,0.08243434796533318,-0.07050041432293401,1.5975842802075577
1746728859.3495252,3.3164633246780317,2.771336575570322,0.4966607573842564,0.018757077875839776,0.7010882208013874,-0.17797405039199984,0.059108994286627414,-0.0734035261903776,1.4321313350187501
1746728859.4495633,3.353312611457096,2.80466945489708,0.4964460840664031,0.018847033844440437,0.6939519563897686,0.005543450336344152,-0.0960929599858735,-0.0724273477586401,1.3686785530777645
1746728859.549478,3.3903769542943825,2.837743264521941,0.4963771845265294,0.01898440556468726,0.6870272392717809,-0.15647884956778355,0.10934372470573221,-0.06622704041741236,1.3464671172524385
1746728859.649403,3.427659383456948,2.8705729688261243,0.4964549026756965,0.01905706629794657,0.6803168645706271,-0.16848833518485515,0.18349591325450032,-0.06648070542281796,1.361377072251205
1746728859.7493858,3.4651694289350976,2.903165329952738,0.496674205897467,0.018974785181625854,0.6738229965006621,0.27386369959425216,-0.23702221559236686,-0.0627565602437258,1.2380576325529966
1746728859.8494015,3.5029204204370874,2.9355210105263607,0.4970244342007628,0.018690965871157202,0.6675471595101511,0.18155389365308494,-0.11508499714344471,-0.06229762620980867,1.1389261401833148
1746728859.949408,3.5409259161147855,2.967638048348059,0.4974897612267421,0.018211043377946705,0.6614901532498896,0.17999168368771468,-0.12406249393365718,-0.059323822175250555,1.0274987445771009
1746728860.0494018,3.5791962659166563,2.999515505389138,0.4980498603402263,0.017585797122401943,0.6556521277444778,-0.03836492011337657,0.15821008173313605,-0.05856387245850295,1.129323361392562
1746728860.1493626,3.6177361016242884,3.0311562567899055,0.4986807583316377,0.01689338427779401,0.6500328101849936,0.11675827666156807,-0.023205137402723133,-0.05173244632503574,0.888007077000063
1746728860.24959,3.656543207726518,3.062568246683045,0.4993558464226937,0.016217538252809943,0.6446317701870246,0.2085809428747027,-0.10949452250360747,-0.048694659835441204,0.7565924535017352
1746728860.349666,3.6956087844495977,3.093764086030925,0.5000470058894367,0.01562585532484635,0.6394484568253378,0.08650294572430665,-0.024775658171589103,-0.04957350735020158,0.8423364217200743
1746728860.4494445,3.7349189148966615,3.1247591426590047,0.5007257961130763,0.015154841764754678,0.6344821488429925,-0.04263267698311898,0.12761689301901444,-0.04721885901179513,0.6843205981895505
1746728860.5495052,3.7744566683517524,3.155568817545437,0.5013646476913367,0.014803466373085581,0.6297317222138175,0.39537486043780634,-0.3670720299740613,-0.045552107933046614,0.6270983594859554
1746728860.6494663,3.814204329143525,3.1862056803103953,0.5019380030390501,0.014537219497223492,0.6251955506029724,0.14246919964393306,-0.06819150927589132,-0.043391960413568666,0.5377299183701547
1746728860.7494771,3.8541451186510414,3.2166773515396585,0.502423351592583,0.014301310555964198,0.6208714194552568,-0.1233100929625972,0.25962553089663276,-0.040932322907186416,0.6771456954076965
1746728860.8495185,3.894264069627265,3.246985658375006,0.502802115065728,0.014037540128526798,0.6167564867177066,-0.07702135843976844,0.15724754180950737,-0.043289827004387424,0.30188901148573566
1746728860.9495013,3.934548035000519,3.277127146760628,0.5030603487139896,0.013698539564587012,0.6128474114513711,-0.28787602369547893,0.3044624483258253,-0.038622576728013426,0.4830303634251552
1746728861.0495124,3.9749850362818386,3.307094698708714,0.5031892356525136,0.013260420038368904,0.6091407030916592,-0.16553213520417273,0.2590657154113015,-0.03664998798988687,0.4569321649255668
1746728861.1495569,4.015563136111083,3.3368799990522002,0.5031853615057019,0.012726858544052786,0.605632813657772,-0.17312941460025771,0.20614350642352544,-0.0361207777877829,0.29852748510688043
1746728861.24949,4.05626939443978,3.3664760244937986,0.5030507661070435,0.0121268504273355,0.6023202397204842,-0.13348933291994075,0.16207401985313627,-0.03485168478190273,0.19893425253723224
1746728861.3495433,4.097089172086977,3.395879109156615,0.5027927768687375,0.011504233455816366,0.5991993418561123,0.09825036651500295,-0.16877455189510618,-0.03217676809734267,0.18516223069145243
1746728861.4501507,4.138006243185726,3.425089830684944,0.502423635362408,0.010901983847112743,0.5962665059873538,-0.14325131850498604,0.1050577878496527,-0.022740513613541156,0.43274631722859563
1746728861.5494576,4.179003558002766,3.454112852382215,0.5019599346599155,0.010355459450097752,0.5935183447105878,-0.02637835950190917,-0.053940650924067066,-0.027359103207111705,-0.04970561045986169
1746728861.64957,4.220064207556498,3.482956310263362,0.501421890847945,0.009885743275315396,0.5909512007558657,-0.3386807583063645,0.24872456081569316,-0.0261771638683274,0.230288894415632
1746728861.7495024,4.261172768983319,3.5116304344294567,0.5008324781464774,0.009492224039467277,0.5885610089927945,-0.18562971761394634,0.09605895227373713,-0.023891472424216045,0.15305232905392466
1746728861.8496625,4.3023166703773805,3.5401459062919898,0.5002164622396549,0.009157015851986059,0.5863434774632063,-0.11099449029741273,0.026181215480266883,-0.022227410455678435,-0.0008244103813592474
1746728861.949564,4.3434870707369235,3.568512701350273,0.4995993706605883,0.008849712727661802,0.5842940083946584,-0.06083913647369736,-0.04796848698664685,-0.018949074995844185,-0.03899812010215914
1746728862.0495102,4.3846793554979895,3.596739285268086,0.49900644237030917,0.008536439279528255,0.5824080508321673,-0.08124120930090288,-0.06819979119000391,-0.018804770003453892,0.08200649195670834
1746728862.1493707,4.425892880863448,3.6248327437264747,0.498461599940347,0.008191081858960557,0.5806810754096965,-0.027412617438411932,-0.03758368681227544,-0.01647078375756954,0.09794382979796502
1746728862.2494462,4.4671302166207205,3.6527995061844094,0.49798648709203497,0.007799147194941922,0.5791084982385443,-0.10578515086005434,0.05928569629479289,-0.014355065672468114,-0.07220148047633977
1746728862.3494966,4.508396181742994,3.6806462477267314,0.4975996115064243,0.0073609829728820565,0.5776858406057123,-0.09267781710879275,-0.030457808358869073,-0.013894626231296245,0.15487136844555802
1746728862.4494538,4.549696693054138,3.7083809671069705,0.49731562773599225,0.006891216898496854,0.5764086047165788,-0.04433651355374935,-0.041187691502508096,-0.009280698808425376,-0.2693173016024363
1746728862.5494878,4.591037780989411,3.7360137276568826,0.49714478845885574,0.006413061242446353,0.5752721953338309,-0.04265117449487276,0.03570847248940574,-0.010185242801435438,0.02864738435957183
1746728862.6495562,4.632424938078565,3.7635568304703697,0.4970925844889927,0.005950989743152207,0.5742719401474782,-0.009614361557420301,-0.05999294807203896,-0.008337856549978808,-0.05404459681102494
1746728862.7494383,4.67386282397854,3.791024407305738,0.49715958540767713,0.005525129582017656,0.5734031485590054,0.048835782598754436,-0.03266701903289956,-0.011765277997796302,-0.14999853285845677
1746728862.849604,4.715355247539167,3.8184315825333193,0.49734148398171607,0.00514555591873334,0.5726611029017259,0.10420993311049889,-0.07862315996760684,-0.007061288279248181,-0.12780012271684005
1746728862.9495118,4.756905402936771,3.845793267919349,0.497629339134466,0.004810760694442604,0.5720412281082768,0.032221097405490604,-0.001275611553959534,-0.006386929238970954,-0.24297531252824817
1746728863.0494485,4.798516048475504,3.873123102086362,0.4980100043036459,0.004511072137678125,0.571539031613901,-0.051412176893789616,0.07411910278368404,-0.00568768941525273,-0.11883562262400162
1746728863.1495,4.840189558884004,3.9004326718556594,0.498466720923343,0.004230454283772676,0.5711499411617916,0.20155117362163572,-0.05368278990570449,-0.006532470313677322,-0.29217927012489797
1746728863.2495444,4.8819279059747505,3.927730955794395,0.4989798506435946,0.003951128945144886,0.5708694217617394,0.2785574005422521,-0.2705714495777526,-0.004546062291609334,-0.2888386486027116
1746728863.3494794,4.923732373369081,3.9550243133552545,0.4995277147829459,0.0036591768215692376,0.5706929542183066,0.18620762658555673,-0.057378159750899375,0.0021538863147870994,-0.3113751025545592
1746728863.4494748,4.965603106180213,3.982316879349428,0.5000875056295249,0.0033480474443880553,0.5706159966237107,0.23012450313745014,-0.10160470052395403,4.129503664471987e-05,-0.04974352776802926
1746728863.549457,5.007538624244295,4.0096111740289135,0.5006362317709667,0.0030185164573378904,0.5706339865235809,0.17915511890757058,-0.0893816786694465,-0.00030663395477854394,-0.42268707862003685
1746728863.6494555,5.049535457304095,4.036908686819615,0.5011516586236722,0.002678205779720608,0.5707424901149722,-0.08901708765730046,0.24319600685882714,0.003414651454974284,-0.4279660175000383
1746728863.7495787,5.091587888911942,4.064210454059884,0.5016132058657446,0.002339597724194431,0.5709371809052679,0.20135619681874933,-0.12016791613223554,0.004243578310448324,-0.4127863401684225
1746728863.8494966,5.133687951280467,4.091517403643264,0.5020027656297945,0.0020161789857588586,0.5712138071741926,-0.2138706114917244,0.3336514098480512,0.0028548533758323102,-0.20663266138799624
1746728863.9495347,5.175825704902661,4.118830403048601,0.5023054089410414,0.001718183525713726,0.5715681913227713,-0.017251085140754054,0.05832886788127331,0.0033327641200111844,-0.422436651219095
1746728864.049461,5.217989760939867,4.146150059651545,0.502509952875986,0.0014508302442792186,0.5719962788847052,0.1213847907870444,-0.03768445100527342,0.00012574610334526327,-0.38123726666107566
1746728864.1495206,5.260167894304576,4.173476487278302,0.5026093670285039,0.0012136069692237916,0.5724940663148386,0.2575477295455889,-0.2667991847284724,0.005906559106407895,-0.49475266414660535
1746728864.2494826,5.302347717161,4.2008090570858085,0.5026010048367092,0.0010008237164007084,0.5730575892580657,-0.13882905440170687,0.1659869846231783,0.006321991689178515,-0.45758984500863337
1746728864.3497498,5.344517277490875,4.228146308625367,0.5024866527255236,0.0008043232337256713,0.573682872658836,-0.00026724397163335484,-0.025749086523157817,0.007865528801322205,-0.5071834844371085
1746728864.4495237,5.386665550444423,4.255486032713099,0.502272397567618,0.000613777527243375,0.5743659219004131,0.24446962914766907,-0.21803993084945844,0.006377611108859782,-0.4892166561134791
1746728864.5494215,5.428782851664494,4.282825441101538,0.5019683205213542,0.00042093447029284626,0.5751029477093451,-0.010483689989103644,-0.016269066576923823,0.008840798579281902,-0.32016928102490766
1746728864.6494157,5.470860953328749,4.310161723058456,0.5015880321682953,0.00022174787053636769,0.5758902393696542,0.256796133082535,-0.276062203403046,0.006809359797441411,-0.4108764453682462
1746728864.7494955,5.512893157766141,4.337492559052062,0.5011480700316301,1.6147825637851937e-05,0.5767242151494715,-0.17597203195192204,0.1467783262251334,0.01129422475146152,-0.41378393792174595
1746728864.8495913,5.554874287934272,4.364816626177453,0.5006671849285489,-0.0001917818490732157,0.5776014265595454,-0.0927616628046195,0.005648618661211925,0.005657259715973488,-0.2707921742390001
1746728864.9495168,5.596800640269761,4.392134004770402,0.5001655466313394,-0.00039528222748337724,0.5785184968785062,-0.01859064042637859,0.003309435664432415,0.008982600288708249,-0.37762359475770096
1746728865.0495243,5.638669981046478,4.419446350709271,0.49966390220215473,-0.0005876921339466101,0.5794721124318802,-0.10818189530992507,0.05270984162859833,0.010358830582359627,-0.38179600084045234
1746728865.1495028,5.6804815937407485,4.446756820921328,0.4991827218546253,-0.0007637871093122594,0.5804590814646428,-0.01715458781685085,-0.05058447305263397,0.010837074117189913,-0.4243008722794524
1746728865.2494788,5.722236299706941,4.47406987828627,0.49874136735304625,-0.000920958347698855,0.5814763050816881,-0.175381135310754,0.12713343906538477,0.01135750419228413,-0.31146816391252313
1746728865.349533,5.763936469614968,4.501390963205428,0.49835731651302245,-0.0010594075873331893,0.5825207788803843,-0.11363352719180062,-0.015186916868763445,0.012709365669021956,-0.31623733111331515
1746728865.4493916,5.805585966747094,4.528726141021234,0.4980454747998409,-0.00118234605815386,0.5835895623623604,-0.13662202724276767,0.07312285754975816,0.009203049342597781,-0.3466936304873724
1746728865.549378,5.847190036150385,4.556081727439711,0.497817601047507,-0.001294625831366853,0.5846798339732384,-0.10276344289446723,-6.53924346827664e-06,0.012401180988549386,-0.34582134749394655
1746728865.6494706,5.888755059895688,4.583464038445748,0.4976818693385162,-0.0014016950920339155,0.5857888715800735,-0.3143846105146667,0.22674890043247314,0.01246426644443581,-0.4786712258263669
1746728865.7494688,5.930288236764973,4.610879202488811,0.4976425832077672,-0.0015076424708919294,0.5869140978521954,-0.015381378303591278,-0.01324145384535452,0.007762117737750842,-0.40005886684790437
1746728865.8493998,5.97179713739693,4.638333135175122,0.4977000518555989,-0.001614280431721139,0.5880529988220262,0.13834027834307167,-0.21486028186461134,0.011859944361933192,-0.5619855739972772
1746728865.9492986,6.01328927094296,4.665831497053678,0.4978506312034833,-0.0017216032483356228,0.5892031485102409,0.058132439467984,-0.023652655426430053,0.013920027445989414,-0.4298703475515127
1746728866.0494344,6.054771671434337,4.693379647745327,0.49808692594959514,-0.0018275557413519159,0.5903622602814522,0.09902773158493508,-0.039014054939202084,0.008933806307789038,-0.16069105653014235
1746728866.1493793,6.096250504993304,4.720982617980465,0.49839814188307463,-0.0019286429182416261,0.5915281599446894,0.0825949693507323,-0.07068663367396325,0.01017229339785014,-0.29651145315026295
1746728866.2494414,6.137730771099143,4.7486450113305425,0.4987705722745198,-0.0020210385493217545,0.592698777829932,-0.03863415890331379,0.11900498238062099,0.010868728977985897,-0.2743077605632424
1746728866.349396,6.179216105058757,4.776370844290727,0.4991881963674948,-0.0021017088156681327,0.5938721359078124,0.01841594166586017,0.08405452913628934,0.01153157361607411,-0.3214935086673933
1746728866.4494162,6.220708691019161,4.8041633272532085,0.4996333641020913,-0.0021693582261100245,0.5950463586388179,-0.04290042244704778,0.1295695764466636,0.011120396246070523,-0.32323309701617203
1746728866.5494368,6.262209260311575,4.832024636776176,0.5000875379868882,-0.002224460634874381,0.5962196907328451,0.3240524565924609,-0.30344138793043324,0.00949784665447749,-0.23499066124677942
1746728866.6493826,6.303717130581175,4.859955753734152,0.5005320611614574,-0.002268775522515828,0.5973904690477772,0.29077071402698396,-0.26703980211787703,0.010627471627847867,-0.35081207881957877
1746728866.7494774,6.345230285005831,4.887956372448004,0.5009489200498649,-0.0023051423074777247,0.5985570974883766,0.10657364317670565,-0.062160433717535726,0.011850503658739167,-0.2493940460514403
1746728866.8495173,6.3867454953604375,4.916024874973048,0.5013214706362729,-0.0023368735838485695,0.5997180804607465,0.1846553402934458,-0.09630189947510887,0.015711137460138823,-0.3073364850456655
1746728866.9494078,6.428258443837826,4.944158431433062,0.5016350993178128,-0.00236641579777666,0.6008720295307303,0.07804759552395311,0.017135333551099887,0.007980282414451718,-0.3817105124227792
1746728867.0494716,6.469763839894475,4.972353221098199,0.50187779221511,-0.002395006073800536,0.6020176187800459,0.07047544050441787,-0.07382533634655065,0.010940302529733853,-0.3475899499670102
1746728867.1494377,6.511255588136929,5.000604676790421,0.502040590915439,-0.0024228110173133317,0.6031535987240277,-0.006914880777598734,0.0066221251174150685,0.008576034491891161,-0.2790337162239757
1746728867.2495334,6.552726991746337,5.028907755831705,0.5021179174913599,-0.0024489470495657807,0.604278810648055,0.014947188079443603,0.028585969848318786,0.013937904699092101,-0.09138897288714559
1746728867.3494642,6.594170990746328,5.057257214867852,0.5021077571952017,-0.0024718686630364737,0.605392183715713,0.06193061249221052,-0.03920060468599202,0.012376094434672576,-0.3752763345274524
1746728867.4495144,6.635580440029326,5.0856478548028585,0.502011693203537,-0.0024898773671077875,0.6064927292630248,-0.08538879614841989,0.11546238247890453,0.009446147511141801,-0.2473454051680427
1746728867.549541,6.676948413586045,5.114074727160579,0.5018347939119125,-0.00250158288950597,0.6075795243593771,-0.2344559454354377,0.22327832952638021,0.011547940493974158,-0.2613453131527246
1746728867.6495411,6.718268520199433,5.142533294509533,0.5015853593829069,-0.002506367068279683,0.6086516935483957,-0.2094287091304383,0.2093980863906179,0.010878507350763294,-0.16155241483551652
1746728867.7494392,6.759535214524459,5.171019540791486,0.5012745391783637,-0.0025046533665469273,0.6097084112267266,-0.02911122080557466,-0.04367558828420267,0.009636782579163576,-0.10489459225688441
1746728867.8493996,6.800744071731286,5.199530052756635,0.5009158389901337,-0.0024976989844384305,0.6107489148327276,-0.22617727771844628,0.2023131352772243,0.014461837423833165,-0.24643629391759853
1746728867.94948,6.8418919912875475,5.2280621013163335,0.5005245377531612,-0.002487107059623192,0.6117725007176632,-0.06379357896422871,0.07393361686405599,0.013504764912580285,-0.2533423729027943
1746728868.0494637,6.882977319250372,5.256613722645398,0.500117040282585,-0.0024744283225796265,0.6127785091133034,0.0592127279097875,-0.1320200038457761,0.01136777045786524,-0.14473464481218323
1746728868.149431,6.923999894691909,5.285183781834213,0.49971019273544404,-0.002460980396862021,0.6137663226990352,-0.2050208149765003,0.14773740632033058,0.011019572692745536,-0.2578382370690335
1746728868.2494488,6.9649610237794795,5.313772011421091,0.4993205893119103,-0.0024475219533564023,0.6147353819124352,-0.27246857576604677,0.2153877284725121,0.005934439207464429,-0.27662310325573536
1746728868.3494766,7.005863378142989,5.342379033024296,0.49896389858356033,-0.0024340885216999493,0.6156851847630068,-0.35095817175664307,0.3364915759187123,0.008923820130443839,-0.1973122197999865
1746728868.4494464,7.046710836418461,5.371006344448275,0.498654236591671,-0.0024200362938678454,0.61661527853537,-0.025894645900897933,-0.03925170890566132,0.00993005774067991,-0.23548743807454525
1746728868.5494215,7.087508289909152,5.399656256341919,0.4984036116442307,-0.00240441631028148,0.617525254067756,-0.01932345737167675,-0.0348276403410389,0.008174447590186172,-0.0687488981973153
1746728868.649608,7.128261434100446,5.428331765521099,0.49822146247332394,-0.0023862641210513308,0.6184147607652829,-0.07614025137689129,0.07555364905935719,0.00725093729477049,-0.16053149968992528
1746728868.7494252,7.168976536432404,5.4570363986081185,0.49811430734631834,-0.00236459691255326,0.6192834940977864,-0.11794788739058559,0.06877351365282948,0.011679674261965726,-0.153752494906221
1746728868.849504,7.20966019899923,5.485774021094484,0.4980855169939252,-0.002339041063501378,0.6201311766443818,-0.05994710641404115,0.07214792000177818,0.004508907103251464,-0.2777772241506943
1746728868.9494069,7.250319146245529,5.514548591574544,0.4981352190015441,-0.0023099480207730083,0.6209575999365189,0.25985532608460943,-0.2622118816712587,0.008290436928771265,-0.19688971733519556
1746728869.0493934,7.290959993947359,5.543363943892241,0.4982603358549207,-0.0022778690089982744,0.6217626236635808,-0.02376647458036458,0.05675170137516816,0.0042650132917454765,0.04582505476113585
1746728869.1494055,7.331589010557843,5.572223601591463,0.49845475336257017,-0.0022435268275171104,0.622546145710146,0.024380855469684295,0.02288374768558276,0.0054225428741292514,-0.22023385159626035
1746728869.2494838,7.372211902098711,5.601130599584372,0.498709610769967,-0.0022077734463481747,0.6233081045257445,-0.05079413041201285,0.011323491351724668,0.0038723232022547086,-0.06484901067067517
1746728869.3496816,7.41283360899086,5.63008734592463,0.49901369918112165,-0.002171127657068067,0.6240484732973591,-0.07965419254635303,0.15871574558480098,0.007689087635628268,-0.2832481061746339
1746728869.4494345,7.453458125525299,5.659095523093338,0.499353950484712,-0.00213412328441666,0.6247672465318135,0.06743334332130602,-0.006509139739618759,0.006147428954600069,-0.22537264986601524
1746728869.5495985,7.494088376435583,5.688155992898774,0.4997159956114007,-0.002097005602043108,0.6254644850714687,-0.11124409961672697,0.11388165719971384,0.002732235571413817,-0.069302544305968
1746728869.6494617,7.534726105292288,5.7172687771392665,0.5000847683907462,-0.0020595477185185,0.626140291220579,0.0518663932411573,-0.042617139529706735,0.0049927242032361124,-0.13328809806244096
1746728869.749564,7.575371823864652,5.7464330519942495,0.5004451297354169,-0.0020214154937246657,0.6267948052922122,-0.018874486085546732,0.03783817371055097,0.008297477156842793,-0.28021081613147236
1746728869.849388,7.616024821926396,5.775647160054808,0.5007824864121039,-0.0019821825752333183,0.6274282131975428,0.16080541661131437,-0.06843059331713254,0.005266483034458248,-0.017085763124113987
1746728869.9494612,7.656557117277011,5.8050824206752045,0.5010833799260402,0.004484888174962613,0.6277247578744362,0.006527471600149923,0.15666148943272717,-0.002690842907559516,5.618120857740967
1746728870.049417,7.696423853286326,5.835483920657472,0.5013361501473396,0.021264735355585138,0.6261587431966948,0.07775997579728154,0.09663761763441056,-0.03307069234921072,11.0666042719718
1746728870.1493871,7.735237011110863,5.867396285600789,0.5015330859468162,0.0437230198421952,0.6210330909824375,-0.09878610441652379,0.16108174082566246,-0.0720267877190884,16.93424705865922
1746728870.2495718,7.7729589592948924,5.900925132471579,0.5016768234090359,0.06715600761519933,0.6108052710412538,-0.11689531785760664,-0.16664155553096094,-0.1280043894934597,22.68670385917624
1746728870.349492,7.809875064243763,5.935787345603228,0.501790766185349,0.08795347216600313,0.5940921510685568,-0.019645290783599716,-0.5228225143614722,-0.20690091963165455,28.590593348956254
1746728870.4494843,7.846508123851082,5.971411051792528,0.5019290300231589,0.10319714498418973,0.5697131399807823,-0.07057531499661868,-0.8147848860631342,-0.2846587938953111,32.688870470656965
1746728870.5495002,7.883636187786156,6.006827877062927,0.5021776878914832,0.10791945360632565,0.5371641580007592,0.02971740717160469,-1.3850598917129038,-0.3673943573166628,33.99487659664038
1746728870.6494317,7.922096596103588,6.040824286117539,0.5026361359494951,0.10308674055629825,0.49673170357444285,-0.03192584732324022,-1.5671930186405498,-0.44616828033018646,34.78848594219848
1746728870.7494602,7.962409843345346,6.072461282299781,0.5033820943143065,0.09436208516269873,0.4489490411293541,0.26351924850189323,-1.7950368822075928,-0.5145393552384856,35.01646130014659
1746728870.8493907,8.004684013559409,6.101333257085209,0.50443642892935,0.08853043049644836,0.39436129588731816,0.21737452589509748,-1.5975912123229048,-0.5792380902262413,35.122576247546945
1746728870.949444,8.04872543183025,6.127595712825917,0.5057430051153747,0.09106040882147583,0.3335093701079933,0.33350148977107685,-1.3497560689419172,-0.6372797269637085,34.97981007909391
1746728871.0493596,8.09423842292523,6.151821181141991,0.5071723741319459,0.10459139299100814,0.2669673880972797,0.38966564348713145,-0.9614436313292191,-0.6936825762662302,35.04635963185394
1746728871.1493752,8.141017275946744,6.174728518596408,0.5085492758263966,0.12839426402639362,0.19532923102779512,0.7234349783123549,-0.9339028090962667,-0.741538488008667,34.984828754067635
1746728871.2494185,8.189054078967436,6.196861580573584,0.5096954271788261,0.1588128922831339,0.1191354924926403,0.2509537474753415,-0.21386276144292843,-0.782640246139595,34.95935699329369
1746728871.3495128,8.23852273673556,6.218321688921434,0.5104737709721092,0.1904857844145209,0.03880854306667788,0.37821913290196496,-0.4057616444225701,-0.8199267183832333,34.95275925134281
1746728871.4494534,8.289653348976026,6.238641436529285,0.5108203138062472,0.21793986351797226,-0.04534200609616057,0.29023507365371864,-0.4581335391637465,-0.8626141022714661,35.02721716443831
1746728871.5494132,8.342558736847835,6.256837595185425,0.510754390241066,0.23708223322024183,-0.1330510423529815,0.19751893674921178,-0.5335982884972921,-0.8872703650875725,34.883843039696266
1746728871.6494052,8.397094247750424,6.271627421027013,0.510365133370973,0.24619572733538025,-0.2240307228962344,0.10108519004412635,-0.8727051790098522,-0.9232372475361855,35.035138808157726
1746728871.7496948,8.452815780881254,6.281738626888244,0.509779220614516,0.24621142110700092,-0.31795733064881465,0.34278792951220866,-1.3647080927868258,-0.9488091380605428,34.83612317672375
1746728871.8494148,8.509054857141386,6.286204863664502,0.5091203139017366,0.24024173861313597,-0.4145073409494186,0.3740675374476093,-1.5215824997366871,-0.9728510532419312,35.01668956338059
1746728871.9494936,8.565075392235208,6.284543824998367,0.5084728698502251,0.23256660981790436,-0.5133958780975143,0.05716740482720206,-1.1626200729039156,-0.9959120601309362,34.98918914482884
1746728872.0499291,8.62024340559361,6.276770849664947,0.5078609913992876,0.22739931757129853,-0.6143824540113056,-0.06521542214071657,-0.9684263374624649,-1.0186387691358805,35.03678680031218
1746728872.149518,8.67414043713416,6.263268632008977,0.5072477618308247,0.22777956203559616,-0.7172520759149349,0.10592033573676156,-0.9050539694341688,-1.0346547741282257,35.103816654605936
1746728872.249541,8.726576480719576,6.244578406268431,0.5065540290070003,0.2348717820166401,-0.8218041616887577,0.1120824041032499,-0.6726247043354814,-1.052896475603291,35.056493431394465
1746728872.349494,8.77749752721139,6.221193381778866,0.505689922207188,0.24782346421463444,-0.9278651301730586,0.28493420768825667,-0.6758042039512833,-1.064715636148253,34.904679707870415
1746728872.449549,8.826824971470579,6.19342538668843,0.5045890182189259,0.2641823037498397,-1.035307474727776,0.26383595503264656,-0.5956827087083459,-1.078802420850706,35.13989866899506
1746728872.5494678,8.8742926929407,6.161382707288928,0.5032349009868331,0.28071532180926945,-1.144047349491686,0.13379133685781236,-0.48795909378460134,-1.090653627243061,34.97446372862635
1746728872.6494613,8.91928240145213,6.12502809237121,0.5016725838276558,0.2924121969634765,-1.2539102035842535,-0.027012057481715923,-0.489615583031752,-1.1071131247713477,33.50649414525191
1746728872.749476,8.960669346805462,6.084311164504327,0.4999992793953302,0.2951468378223217,-1.364310762531425,0.10297662036408749,-0.7917414146704158,-1.1010817167082136,30.88034705018005
1746728872.8494158,8.997097709818016,6.039436289775896,0.4983331789192203,0.28878872007673023,-1.4743725356654724,-0.07969260323442268,-0.7506455538539223,-1.0966680826022461,27.982403848176343
1746728872.9495437,9.027425410462689,5.990975349045033,0.4967731622675576,0.2764024425981352,-1.5832024628045185,0.1585201112786473,-1.0226760709792428,-1.0828181772897494,25.301565770145224
1746728873.0494082,9.051014721580842,5.939762821125321,0.4953682622898086,0.26233854438181453,-1.690029608018939,0.15389704768555307,-0.9149478321711259,-1.0565921559431186,22.779817304851743
1746728873.1495368,9.067804595893548,5.886692383349239,0.49410860324803896,0.25065649586329375,-1.7942312752662697,0.12440304116481953,-0.6400988034942389,-1.0252446059635891,20.390396970004986
1746728873.2495658,9.078198036988127,5.8325340805310715,0.49293883057643356,0.24398846374429567,-1.8953162580242067,-0.05057215903193159,-0.2620473996101119,-0.991509342312183,18.364705518682197
1746728873.3495247,9.082842352105326,5.777846398519301,0.4917866329184627,0.24299316228141474,-1.9929121533979146,-0.03587610670227499,-0.04958166122453809,-0.9595167713413415,16.41276722101806
1746728873.449546,9.0823955114388,5.723000454858627,0.4905948913943341,0.24642782231649135,-2.086763184003809,-0.03455549780120824,0.15452626486840934,-0.9182520631166007,14.76700319424186
1746728873.5494623,9.07735599816117,5.668283194290587,0.48934659088609334,0.25173535159678256,-2.176718371860158,-0.12271719177735697,0.3066877374999126,-0.8807940736120643,13.14225393789159
1746728873.649409,9.06799622432608,5.614019366769444,0.4880756050979955,0.25592007475356776,-2.262699541997415,-0.0720846051238828,0.23255581327505903,-0.837771365795413,11.843314864087041
1746728873.7494829,9.05439544109635,5.560654568781732,0.4868618724461346,0.2564277722238947,-2.344662170901038,-0.15615157972928007,0.26664413270864257,-0.7969808400721399,10.57330552474144
1746728873.8495512,9.036537299835675,5.508765662246006,0.48581419271619075,0.2518089022003739,-2.422571805030994,-0.34241323667299545,0.3726174115914678,-0.7594377575790784,9.613468329099998
1746728873.9494636,9.014425924034597,5.458996422900388,0.48504676050430234,0.24201768943736646,-2.496406847553032,0.0751927385678122,-0.18461099450515828,-0.7132811023018288,8.456182468592726
1746728874.0494964,8.988177012507158,5.4119462590377445,0.484656257945785,0.22830352766899703,-2.5661755409958804,-0.03637650635854659,-0.08637419156628064,-0.674641198777477,7.544499390571482
1746728874.14959,8.958056581363563,5.368056256080897,0.48470508909094384,0.21276599172851823,-2.6319260967978906,0.33204970421195146,-0.468287790785389,-0.6357754127452134,6.4523009089102885
1746728874.2494864,8.924463346219026,5.327533933382505,0.48521376952092543,0.19773187793350935,-2.693738926469523,0.3662528027110924,-0.3375438903829855,-0.599009064221391,5.62507736707526
1746728874.3496852,8.887871460687977,5.290340106611128,0.48616255902891226,0.18512306684655425,-2.7517063921632308,0.13067136130741205,-0.009157302972995482,-0.5552893863524342,4.5627546318067616
1746728874.4494674,8.84876020426531,5.2562385120824295,0.48750005766963433,0.17600372306866816,-2.8059133883613723,0.12948895432813368,0.251367988930273,-0.5188733569166677,3.93520720313168
1746728874.5494614,8.807555888657335,5.2248876333100664,0.48915520874420293,0.1703985744437454,-2.856431264581964,0.09573143876366175,0.43408996124131394,-0.4837439860176942,2.9651448300244834
1746728874.6495101,8.76459999879792,5.195945951702934,0.4910491005948297,0.167393758736093,-2.9033240320266875,0.38312649154291745,0.25681679702729393,-0.44582505065379047,2.296663670148062
1746728874.7495193,8.720146211062575,5.169160485368668,0.4931038636039228,0.165474553881054,-2.946659781567419,0.3679705470643966,0.35122574568282194,-0.4152459800454036,1.3682476833673411
1746728874.8496478,8.674379479430046,5.144416335864539,0.4952474153028432,0.16298566967676023,-2.9865201775865042,0.20155751814916173,0.5155179602410439,-0.37545909190410665,0.8309856860516217
1746728874.9495432,8.627445357963738,5.121738562879489,0.4974143063384707,0.1585752887608252,-3.023003991625426,0.4911269169077242,0.11738673102461525,-0.35004299008699435,0.1799598569733833
1746728875.0494783,8.57947770137773,5.101251251164751,0.4995440112479909,0.15152757258761929,-3.056224491703304,0.2990529471003138,0.30867629739328534,-0.31713705371891665,-0.2895760692498375
1746728875.1493855,8.530616438221731,5.083108600595168,0.5015784429909762,0.14189133460753064,-3.0863039180575207,0.0513269557833928,0.4069722713284416,-0.28251719336363795,-0.929920465681801
1746728875.2493944,8.481012140694604,5.067421304053156,0.5034602779334837,0.13039770349391686,-3.1133655192285445,0.21677827006479786,0.2196889490761177,-0.25796497765463794,-1.4518412525821442
1746728875.349805,8.430819738743523,5.054198781987576,0.5051330426753147,0.11821411901636379,-3.1375269199208495,0.13012996265698387,0.20498018567896958,-0.22808234708005728,-1.8814668447329683
1746728875.449469,8.380186936812928,5.043321896416055,0.5065431331207964,0.10661142794004382,-3.1588974588894763,0.3536577763058201,0.03143718778207331,-0.2043401165350596,-2.3083954777377946
1746728875.5494087,8.329243443874182,5.03455062577803,0.5076432642471113,0.09663068665251502,-3.177580854519879,0.24937606566012108,0.0983877521411023,-0.17452172213117456,-2.7369535819158948
1746728875.649421,8.278095272696355,5.0275618609913435,0.5083964449989126,0.08884345255479785,-3.1936812305002897,0.13628524422106073,0.21710887127069764,-0.14811891676427374,-3.213729593169336
1746728875.7495587,8.22682538736913,5.022004370736662,0.5087794928352444,0.0832518264574198,-3.2073098270804232,0.21700470974336455,0.14485587656533888,-0.1255150450124153,-3.3189818142807233
1746728875.8494275,8.17549927611109,5.0175557160433915,0.508785321955137,0.07935195550307841,-3.2185882824359835,0.04251632467660582,0.31384330402978877,-0.10238165615519941,-3.6307939900541837
1746728875.949517,8.124172399560093,5.0139658282868185,0.5084236374706289,0.07631670516825774,-3.227647951278221,0.0031616322902177085,0.30633289053928225,-0.08515418162972316,-4.083608621746271
1746728876.0494862,8.072896427595113,5.011078944657642,0.5077200978226432,0.07323550840986189,-3.234624238139906,-0.12372438693223153,0.3689370611502007,-0.06383698545521617,-4.285192678964823
1746728876.149508,8.021722071451787,5.008830483696868,0.5067143217057462,0.06936001276283958,-3.2396490817394765,0.12756287602869168,-0.056486553315604704,-0.03995787568036325,-4.557222576936579
1746728876.2495055,7.9706978685183625,5.007221995246412,0.505457239825871,0.06427638380276168,-3.2428453617138557,-0.21011642888212798,0.26934487494430637,-0.027507832717675762,-4.7167277475105465
1746728876.3493924,7.919865969051565,5.006283357319383,0.5040082449541678,0.05798499301245514,-3.2443244485251466,-0.08133745439255413,0.08105704006292286,-0.005059135343019095,-4.8482664657223
1746728876.4493809,7.869256876836376,5.006032551315917,0.5024324337626963,0.050850090755724504,-3.244188265833784,-0.07640127579163236,0.06283599957217294,0.0053683955192352206,-4.890965589049191
1746728876.5493515,7.818885492132441,5.006445296376464,0.5007980505557211,0.0434719900158948,-3.242531915210414,-0.36397180761611037,0.3213305693386184,0.020659956908048498,-4.998559768789609
1746728876.6494653,7.768749678430384,5.007439277145128,0.49917409119244527,0.03651476005117709,-3.239448217231244,-0.47722074358859945,0.39391389438501656,0.03832018365038978,-5.265212766817101
1746728876.7493901,7.71883188797069,5.0088768250901685,0.49762795284019673,0.03052283981775062,-3.235030512332742,-0.16116830532302082,0.058223738986299595,0.04967801528126888,-5.348170486409549
1746728876.8493042,7.669103214309435,5.010583692291737,0.49622303340416124,0.025787625862590313,-3.229372549051116,-0.03407539543363536,0.020510967333247837,0.06316219862676421,-5.471041392167473
1746728876.9494023,7.619528505822222,5.012377147625315,0.4950162702398182,0.02229516059034731,-3.2225662644487088,0.003730919939073707,0.0031131288680282254,0.07494229875153761,-5.53868493995676
1746728877.0494576,7.570071045924873,5.0140949227411715,0.49405572255696006,0.01975729743262436,-3.2146990935520923,-0.3280955294819957,0.3720295352457591,0.08063411703822831,-5.541922003322421
1746728877.149441,7.520695700242804,5.015617366509303,0.4933783963925639,0.017712705790599113,-3.2058521776883673,-0.3478603442336411,0.4687587720919245,0.08900539246946579,-5.513254607043164
1746728877.2494998,7.471370108778273,5.016877480062859,0.49300854746546346,0.01566083392200166,-3.196100489685924,-0.048827937335168534,0.22649797992161655,0.10106935158571471,-5.647590569202562
1746728877.3494272,7.422064284033407,5.017857566961914,0.49295666489841533,0.01319433060871531,-3.1855142447317037,-0.04225273316332978,0.2584688142940889,0.11314917537695138,-5.683949280317218
1746728877.4495492,7.372749455851706,5.018574250809303,0.49321925225594243,0.01009487627278852,-3.174161021231236,0.11233542070926406,0.13745597834100118,0.12225439864779444,-5.63417011608499
1746728877.549475,7.323397173730846,5.019056912314135,0.49377940610715404,0.006370707941354909,-3.1621071621118375,0.06608801446333518,0.20969649340659446,0.12516920569663056,-5.6106786942229485
1746728877.6495194,7.2739793971877384,5.019325479207516,0.49460808508205306,0.0022345878441342114,-3.149417995361826,0.1566704846872634,0.11084506224728148,0.1325804566465244,-5.637036239402087
1746728877.7495232,7.224469818628627,5.0193732670444415,0.49566588698366587,-0.001971882667724414,-3.1361570069774807,0.212494610799855,0.1672289611593985,0.137297534197241,-5.590797340034866
1746728877.849422,7.1748461325187876,5.019159060309714,0.49690512801663245,-0.005878882590061607,-3.12238422175902,0.26187936922318333,0.018591961812917834,0.13979840096288956,-5.547609897689369
1746728877.9494178,7.1250925734833945,5.018609359947925,0.4982720443613457,-0.009187083386105443,-3.108155037316474,0.1371585611075674,0.2375834435383064,0.14099042397485756,-5.5466866157079
1746728878.0495684,7.075201943620038,5.017629405155271,0.4997089954128907,-0.01173762740313663,-3.093519910988465,0.1491226555809178,0.21341156554821616,0.14620714328257672,-5.449540201933679
1746728878.1493878,7.025176524750943,5.016119143241823,0.501156615761119,-0.013540068301659342,-3.078525273394287,0.15978215027614667,0.2772913235502399,0.151272559602779,-5.337326042279384
1746728878.2495594,6.975027642077158,5.013989799742822,0.5025559152435978,-0.01475417637325422,-3.0632149433872593,0.19737462747888518,0.22929485528632132,0.15430537624693164,-5.276571285865008
1746728878.349426,6.92477409877004,5.011176652089794,0.5038503490628831,-0.015635223707436,-3.047631544048698,0.24694967515109556,0.14825071155508157,0.15761746591381237,-5.365722750804649
1746728878.4494138,6.874440037954717,5.0076452272508964,0.5049878688940348,-0.0164598765333965,-3.0318171794073314,0.29702248264471504,0.048682337670128695,0.15916478398913042,-5.087749828319162
1746728878.5495112,6.8240529220089625,5.003389967401184,0.5059229285021377,-0.017455117649836427,-3.0158132218750118,0.3629614548481036,0.007995354133878169,0.16093924393496403,-5.295335875508965
1746728878.6494167,6.773642173079163,4.998426614959347,0.5066183682312054,-0.018746467631080753,-2.9996592353915625,0.3189528745301836,0.021838200823254772,0.16507026697113888,-5.085299579239806
1746728878.7494462,6.723238728112499,4.9927808120014765,0.507047059728703,-0.020337901864832156,-2.9833917859322394,0.2265149917332281,0.042151766075409575,0.1640898809554126,-5.179968147037828
1746728878.84954,6.672875353792056,4.98647634053992,0.5071931708903283,-0.02212481721018465,-2.96704361452846,0.1581210074436449,0.05595869054283775,0.16133352085352906,-5.17212321815495
1746728878.9494803,6.622587279331206,4.979525970502784,0.5070529204131377,-0.02393338810881336,-2.9506437157811995,-0.09631257806665013,0.22979989262539002,0.16419850729318866,-4.952961051105936
1746728879.0494528,6.572412539561116,4.971927043958031,0.5066347302630235,-0.025574790610723132,-2.934218221779049,0.03391306041340339,0.06664804950952607,0.16467489483723835,-4.808996128570164
1746728879.149671,6.522391491486485,4.963662450052932,0.505958743751553,-0.02689731713807144,-2.917791626536633,-0.23330051946135563,0.29875529993573385,0.16678787098258172,-4.61900979183922
1746728879.2495198,6.472565270574732,4.954706001565647,0.5050557435957003,-0.02782397753263154,-2.901387965844281,-0.13634440265353412,0.05418824937553368,0.16358102674479108,-4.665584577631528
1746728879.349562,6.422973287558043,4.94503031692251,0.5039655620129524,-0.028366948943201534,-2.8850314221331934,-0.11485356858861281,0.08230004806932388,0.16279879173487108,-4.552139662271741
1746728879.4495707,6.373650233960794,4.934614741131296,0.5027351146781432,-0.02861769725136956,-2.8687462640581503,-0.05464414158369381,0.053351688612649995,0.16027321584844612,-4.510472515648492
1746728879.5495837,6.32462325750086,4.923451134942206,0.5014162058503516,-0.028717562866014488,-2.852556242570363,-0.1182491911852695,0.010697939015030467,0.16047043960042365,-4.418696187365447
1746728879.6494296,6.275909993118003,4.911546074748976,0.5000632442603575,-0.028817246025432338,-2.8364838576420794,-0.31042728141495246,0.25882874710248904,0.15763015251274073,-4.329739666459532
1746728879.749482,6.227517950331221,4.898919073055919,0.4987309844384861,-0.029037805128221395,-2.820549955248762,-0.025677020149991375,-0.04959937988563909,0.15804188864262744,-4.22348793989922
1746728879.8494048,6.179445361425842,4.885597693729883,0.4974723763319879,-0.029443432016550686,-2.8047736541799546,-0.3781953249166543,0.2990527125132783,0.15507499311065615,-3.923986592123905
1746728879.9494998,6.131683252390595,4.871611074671569,0.49633657656713587,-0.03003147568027491,-2.789172549657097,-0.11353231804207896,-0.05096854173542645,0.15402506259211673,-3.740384912520939
1746728880.0494537,6.084218239334332,4.856983552322618,0.4953671555029505,-0.030738556432084733,-2.7737631113803514,-0.18467328710498945,0.15109918064982575,0.1562084937055013,-3.808722209455377
1746728880.1494114,6.037035391007178,4.841729951176447,0.49460052738593213,-0.03146343646758804,-2.758561081875244,-0.08784664366135456,0.05053771900826491,0.14789420193991046,-3.6756511657491187
1746728880.249515,5.990120469758863,4.825853704130071,0.4940646331440364,-0.03209611353831504,-2.7435814700071854,-0.060613429137090336,0.06067394925619632,0.14857294776034263,-3.4974170210899187
1746728880.349508,5.943461232562477,4.809347773827751,0.4937779148534609,-0.03254626959289603,-2.7288384836608666,0.17680788163385763,-0.10474726430133134,0.14577728228874862,-3.5326803587985434
1746728880.4494193,5.897047621684252,4.792198028039369,0.49374862835971206,-0.032764632687504826,-2.7143452545978284,-0.05566410944735709,0.11775327865527196,0.14082380999506078,-3.460679687538766
1746728880.5494902,5.850871080218281,4.774387944512608,0.49397454170586286,-0.03275120800242469,-2.700113605017661,0.29617693266360284,-0.17077379073675084,0.14177235177859307,-3.3930681489605234
1746728880.6494412,5.804923456730958,4.755903334010761,0.49444305784412396,-0.03254933651434451,-2.6861540493429654,-0.12961348194267416,0.25395566715070184,0.13704518268330063,-3.105201640796985
1746728880.7495494,5.75919601472953,4.7367359889274745,0.4951317800563481,-0.03223177549884408,-2.672476017259815,0.13856090550920677,0.060569240180572546,0.13714074885625388,-3.0236665012927393
1746728880.8494422,5.713678945235977,4.716885652604212,0.4960095105950661,-0.031877488105033665,-2.659088009116,0.09859033740423034,0.11164697687461933,0.1330469461275068,-2.874895277440922
1746728880.9493706,5.668361791842606,4.696359819620984,0.49703764214639706,-0.03155117268231615,-2.6459980351712864,0.04245397103515558,0.08555268753408238,0.1294465271159593,-2.678700259374684
1746728881.049486,5.623234592453589,4.675172084205363,0.4981718723681172,-0.031288483186887574,-2.6332136550777676,0.041546739091354895,0.20380141584930167,0.12598295675508417,-2.7615654245584884
1746728881.1493578,5.57828958261543,4.6533395246812965,0.4993641504243235,-0.031090456261170726,-2.6207419151425544,0.33775069652361567,-0.12336483645526661,0.12477809459621542,-2.56200195620598
1746728881.249437,5.533522954633201,4.630880111101378,0.5005647524361476,-0.030927078459521848,-2.6085890224767305,0.1365399270899838,0.1538080172625939,0.12038892782823278,-2.4357178807814965
1746728881.349541,5.488936299498795,4.607810708075964,0.5017243813039849,-0.030748015963388456,-2.596760162710965,0.2652913779717594,-0.0012582642919064524,0.11487125756910463,-2.325685681257874
1746728881.4493606,5.444537279489031,4.584146270624568,0.502796193551955,-0.030499904477339773,-2.5852594018282793,0.1628333346652986,0.02160145314887247,0.11312716707227183,-2.2304199126977187
1746728881.5494144,5.40033930298826,4.559900380098578,0.5037376691241134,-0.030140904177871766,-2.5740896218417917,0.31550337537841544,-0.15844855041942296,0.11071654087390621,-2.281913718307151
1746728881.6493702,5.35636037635384,4.535086634059867,0.5045122562020948,-0.02965069539729468,-2.563252817467054,-0.021796720821477072,0.17945191961275136,0.10839568493628143,-2.090764875531952
1746728881.749376,5.312621277669048,4.509720553154191,0.5050907381436774,-0.029036282417782167,-2.5527503932245654,0.14249543764939282,-0.11766886868743776,0.10068803148335866,-1.9758465608932319
1746728881.8493166,5.269143438231655,4.483821388645999,0.5054522834448605,-0.028327183834475272,-2.5425833303332093,-0.1234975033558095,0.22601644769413815,0.10020815061173174,-1.7274313309849891
1746728881.9493957,5.225947082408039,4.457413092000693,0.505585151104799,-0.02756690675311998,-2.532752507574337,0.10748301737912369,0.0600964274247031,0.09655007752016499,-1.686911011717632
1746728882.0493486,5.183049722396871,4.430524478132019,0.5054870331941846,-0.026804138022248885,-2.523258582611026,-0.23060327397146235,0.32797248816965446,0.09740731333513634,-1.7226294959136974
1746728882.1494312,5.140465271147396,4.403188387924431,0.5051650264001907,-0.026078866622265103,-2.514101644397491,-0.17336103065698127,0.18020231785726143,0.08887790185531813,-1.7265889215476475
1746728882.249416,5.098203979747106,4.375439765446587,0.5046352348170706,-0.025413252932589073,-2.5052812398439053,0.07266145256860788,-0.05432444831992227,0.08905353913599437,-1.3890511800335734
1746728882.349386,5.056272786124735,4.347313406132435,0.5039220176602275,-0.024810365107746053,-2.4967962987228716,-0.1432193823391232,0.049370425964498185,0.08107482820472732,-1.3358425663506035
1746728882.4494221,5.014675836404475,4.318841801112311,0.50305690940824,-0.024254944032613423,-2.488645045318456,-0.13101201536880425,-0.009237400597787975,0.07862135440851192,-1.3771164123926516
1746728882.549413,4.973415034083096,4.290053323232187,0.502077254681052,-0.023719680919658665,-2.4808252056856186,-0.016941656156288593,-0.1301473902829412,0.0777931226441706,-1.3018510820258256
1746728882.6494284,4.932490266305037,4.260971224435782,0.5010246139020719,-0.02317413622903957,-2.4733341435608307,-0.2907020676047889,0.13658840226927002,0.0704679653071336,-1.1132953218070736
1746728882.7496934,4.891899275382113,4.231613449099529,0.49994300779203016,-0.022593229836695452,-2.466168990590648,-0.1115438377393502,-0.09273360190195604,0.07063724683994621,-1.0994344645974399
1746728882.8495214,4.851637195016236,4.201993190988726,0.4988770771408775,-0.02196369948307426,-2.459326657937187,-0.2859630615650344,0.1399781758725308,0.06858135655422072,-0.8968534696205342
1746728882.9493964,4.811695942841819,4.172119904450064,0.49787023827849225,-0.02128597405869179,-2.452803778915179,-0.2778408445850252,0.13215323884724497,0.06203956496650764,-0.833095527068854
1746728883.0494986,4.772063739283068,4.1420003994695715,0.4969629138792075,-0.020571883741773375,-2.4465967278462815,-0.0370469977580198,-0.15947652440378368,0.062088852779379276,-0.9468587349324694
1746728883.1495032,4.732724907167183,4.1116398073142495,0.49619091344462135,-0.01984152787939125,-2.4407016605065377,0.013747940166189798,-0.16336559189114358,0.061306873809703254,-0.9012790490079503
1746728883.249465,4.693660002694481,4.081042331299429,0.4955840290455849,-0.01911741939167172,-2.43511440530856,-0.21505749618398257,0.11143538626023655,0.05543091050456951,-0.7030369182189573
1746728883.349426,4.654846435529236,4.050211569717916,0.4951649007181512,-0.01841833319445694,-2.429830459256197,0.026262601089731802,-0.10343625018256355,0.05146324190774762,-0.5730322364957305
1746728883.4494495,4.616259477952665,4.019150505630169,0.49494819280106117,-0.01775428029245747,-2.424845005822592,-0.1882850941489668,0.13161305755710745,0.04941504296660188,-0.3569549074284257
1746728883.5495057,4.577873538830197,3.987861275212605,0.49494010853404713,-0.017125143360132874,-2.4201530068841772,-0.08445368962398386,0.025797098045841328,0.044979401086853235,-0.5580653384253546
1746728883.649368,4.539663416899214,3.956345000998666,0.49513825601309586,-0.01652175684558954,-2.4157491678116942,0.0911985474018552,-0.13692246511060235,0.04212504810518915,-0.2906835717791927
1746728883.7494757,4.501605433537387,3.924601752614338,0.4955318647298278,-0.015928339748028028,-2.411627964560746,-0.1947903298202706,0.1785902837777056,0.038706795818195285,-0.28197940206259237
1746728883.8495638,4.463678276181822,3.8926307761949586,0.4961023384395059,-0.01532759160981954,-2.407783706344498,0.23320397989979746,-0.11968988727272509,0.03691875057660862,-0.25611926698604326
1746728883.9493678,4.425863390708088,3.860431123799452,0.49682411734783416,-0.014706898468451711,-2.4042104495420515,0.1568792722249504,-0.09481274497713939,0.034985143263393664,-0.37775535830968354
1746728884.049411,4.388145010036526,3.8280025408834595,0.49766581110253977,-0.014059557014954475,-2.4009018762064436,0.04730480385500649,0.15308760510777236,0.03090272454956762,-0.16340161757601415
1746728884.1494753,4.350510087080856,3.795346286210974,0.4985915538791127,-0.013385942437722276,-2.397851516716327,0.23448252332014055,-0.063438378556147,0.030553942098491202,-0.1770677679783263
1746728884.249398,4.312947985306734,3.7624660265052743,0.49956252420531055,-0.012695293662969826,-2.395052758072166,0.2869675477796261,-0.09136008008725809,0.02867564203801758,0.12734542750095543
1746728884.3493905,4.27545013863214,3.729368557654059,0.5005385660181959,-0.012001010833536151,-2.392498745186588,0.13812819909147228,-0.055264644757704984,0.02652426844585508,-0.08344412452196336
1746728884.4493964,4.238009986203898,3.696064016205256,0.5014798439129201,-0.01131685065802932,-2.390182602351488,0.2662341546703496,-0.1564442610719262,0.02642096073809004,0.10050591718281442
1746728884.5495274,4.200622944353947,3.662565838195808,0.5023484645010629,-0.010655002999645606,-2.3880974381878706,0.04610699637007194,0.11556151750382226,0.018304923511943606,0.2508452352979023
1746728884.649506,4.163286446524848,3.628890430596809,0.503109997848817,-0.010023519561582197,-2.3862362378253263,-0.041982572084744846,0.15800414054714668,0.019073098089668887,0.08477727372228996
1746728884.7494075,4.126000052101878,3.595056559486866,0.5037348378546279,-0.00942412672839896,-2.3845918009312266,0.16049700405967648,-0.036112799862505554,0.015414937948446181,0.15095982891050747
1746728884.8495097,4.088765554492466,3.5610845417691084,0.5041993477704788,-0.008852213882815298,-2.3831568244044097,-0.0324735761620631,0.11711884388262732,0.014812249532071902,0.22734623719149655
1746728884.949434,4.051586905778529,3.5269954544021815,0.5044867465795655,-0.008299533566615539,-2.3819239923057864,0.06660329844669229,-0.0604417505663211,0.011110582798887762,0.35342080943016174
1746728885.0493827,4.014469842290883,3.492810512142098,0.5045877032353676,-0.007757835348326749,-2.380885957114161,0.2525057064062576,-0.22544518605571584,0.012616718049927013,0.20008389837412668
1746728885.1494944,3.9774212756626333,3.458550585743311,0.5045006183176654,-0.007220024808331735,-2.380035313889492,-0.016970191365244545,-0.00523076853264808,0.006308594474682884,0.21493486232506265
1746728885.2495377,3.9404485860839378,3.4242357683900564,0.5042315858585759,-0.006682487106872151,-2.379364735573387,0.13919437373385424,-0.12922256069524865,0.004881657197045534,0.49967185843152107
1746728885.3493946,3.903558727022129,3.3898851439865827,0.503794041286562,-0.006146856905425952,-2.3788668863415063,-0.05137327038584252,0.009708463055956452,0.008524702584288238,0.3253530172127638
1746728885.4495254,3.8667574226084054,3.3555165227773402,0.5032081142509108,-0.0056162513134228745,-2.3785344216714335,0.07363460441067898,-0.18209854266695874,0.004288171165754815,0.30803093031236384
1746728885.5495195,3.830048626932573,3.321146026004877,0.5024997169412997,-0.005095849540059083,-2.378360273689168,-0.29162776757709,0.16697277313733583,-0.0003597021132476718,0.5611993351326292
1746728885.6495,3.793433921092039,3.2867879086707488,0.5016994088195209,-0.004593334908472335,-2.3783374369633097,-0.2811163274890859,0.15582215860353982,-0.004313747501348741,0.590540738172594
1746728885.7494686,3.7569122086380364,3.2524542812231982,0.5008410871862206,-0.004113718560972456,-2.378458857817511,-0.11631177394477252,-0.05406361095139027,0.0011900404501862184,0.5996489574458261
1746728885.8494356,3.72047978359605,3.218154677512581,0.4999605594362398,-0.0036593055212254325,-2.3787176418909075,-0.3376716064561459,0.2522385482762731,-0.0007122760654913419,0.5831973693060022
1746728885.949424,3.684130413679339,3.183895851591406,0.4990940567920167,-0.00322972185271933,-2.3791069583862043,-0.16863318750148693,0.07503272594075946,-0.007668441853679724,0.5575265651893626
1746728886.0500596,3.6478556085560303,3.1496816207943383,0.4982767507501175,-0.0028218681627436596,-2.3796200780478,-0.23553640920955515,0.10726624490609363,-0.0034588789561101523,0.5640116721582384
1746728886.1494417,3.6116449308385725,3.1155128864811137,0.4975413326337032,-0.0024307353002219366,-2.380250381656395,-0.4527534624039743,0.29056622176027713,-0.006240889543053433,0.7165847054322125
1746728886.2494833,3.575486277679009,3.0813878811010746,0.4969167131205029,-0.002053728317438937,-2.3809912788531107,0.08770597150196482,-0.1978412711675344,-0.00940856969408636,0.4311713105244455
1746728886.3495271,3.5393661675442423,3.047302571769364,0.4964268931185194,-0.001683698672853995,-2.38183610397472,-0.15496852224078317,0.03509722806579264,-0.005675739598403838,0.502096305244896
1746728886.4494789,3.5032704115853828,3.013250783248036,0.49609004994046413,-0.0013162194707164948,-2.3827788978545246,-0.37001630560038484,0.30293427959321406,-0.00737323328273023,0.7049254503098272
1746728886.5494156,3.46718405012206,2.9792251775978817,0.4959178732243217,-0.0009530886810751934,-2.383813789325005,-0.12637236059742496,0.11545100835601069,-0.014083687339374049,0.37545270532886743
1746728886.6494038,3.4310916050330795,2.945217948990467,0.495915174465738,-0.0005976944396897954,-2.3849349078990225,0.16029694218471388,-0.19410264300972738,-0.010345585600664588,0.5031208246999005
1746728886.7494729,3.394977491194189,2.9112213599495296,0.4960797825766333,-0.00025353763558374446,-2.386136502381679,0.06610376089721047,-0.08742557884301086,-0.011668424904740484,0.6393648715530162
1746728886.849443,3.358826473470876,2.8772282036247145,0.4964027260985272,7.52441783237985e-05,-2.3874130476973425,0.1917352384785869,-0.13845877625516054,-0.01340435296294036,0.47496883299997855
1746728886.9493918,3.3226240753717526,2.8432322608019303,0.49686869070670847,0.00038528423099735965,-2.388759153726216,0.030874476176053565,0.025168870381191755,-0.012419018893006645,0.6201249231458605
1746728887.04944,3.2863570835478644,2.8092285713282465,0.49745672951953374,0.0006746476816886454,-2.3901696101902394,0.10179828120406036,-0.025413262865140052,-0.015380359796539431,0.4484252444741107
1746728887.1495643,3.250014000014631,2.77521365290869,0.4981411939019612,0.000943607346065675,-2.391639347921733,0.11530357630531311,0.008190201197740485,-0.017233517345255522,0.6338133576086116
1746728887.2495396,3.2135854800600074,2.7411856060959394,0.4988928434459086,0.0011937779344146425,-2.3931634898776104,-0.0673093318351065,0.16805488804805574,-0.015168226317433038,0.5238891796606089
1746728887.3495357,3.1770646024599967,2.7071442522217666,0.4996800874508571,0.0014276351303408469,-2.3947372590999114,0.15247514906787218,0.009490013311052814,-0.01851222202514319,0.5811809200271294
1746728887.4495504,3.14044708375318,2.673091170455752,0.5004703054227241,0.0016486120407282804,-2.39635602479412,-0.02160972577146955,0.1587283948891933,-0.015105035534888088,0.4590023395387759
1746728887.5495927,3.103731364381434,2.639029700305993,0.5012311917766057,0.0018599882039635422,-2.3980153900161496,0.14519748555942175,-0.04827870275842644,-0.01949623181484436,0.5216230760024324
1746728887.6495192,3.0669185089387088,2.604964965907566,0.5019320696626989,0.002063220966958312,-2.3997112002869447,0.2167572012003463,-0.12952834446259473,-0.01959212984510173,0.487953289471569
1746728887.7494648,3.030011938577555,2.5709039024959117,0.5025451209134274,0.0022577674449873798,-2.4014394430414847,0.16142739814553306,-0.06479779966362675,-0.02281309528866596,0.6103286753289183
1746728887.849466,2.993017124994571,2.536855149328881,0.5030464831283274,0.002442273029500345,-2.403196222929653,0.0431820757923792,0.022241090674993972,-0.01708279269014753,0.6782277630215977
1746728887.9494176,2.9559412622003194,2.5028288025565963,0.5034171708464752,0.0026148577615164913,-2.4049777971589776,0.024104645093265424,0.06627211501402464,-0.01914030445017714,0.5298570917047314
1746728888.049415,2.9187928902656113,2.468836076164422,0.5036437855728614,0.00277436661759972,-2.4067805765254726,-0.008350942749562704,0.026691465079193035,-0.018036799126775256,0.4943289013279384
1746728888.149541,2.881581521209554,2.434888844397496,0.5037189883621838,0.0029198150455570933,-2.4086011821416493,0.3641287968742858,-0.38345525814755965,-0.014467531811511366,0.4810471673573834
1746728888.2497303,2.8443171661498075,2.400999213950373,0.5036417186744965,0.0030508347547412384,-2.410436323848669,0.023613713285695975,-0.02807384430000521,-0.015915546483814078,0.5949058317793686
1746728888.3494875,2.8070098932645404,2.367179026450856,0.5034171538438185,0.0031671124967890233,-2.4122827441859145,0.09834060068642726,-0.14415745887489004,-0.018562594831025757,0.5575674534419647
1746728888.449591,2.7696693987865997,2.3334393571974177,0.5030564140754507,0.0032715207983882366,-2.4141371708754518,0.07974483707122418,-0.12566837603665773,-0.016360518075241557,0.5043483343532676
1746728888.549465,2.7323047310175497,2.2997899003642006,0.5025760288031725,0.003366811885612503,-2.415996616480949,0.16405954797444977,-0.24486648689919052,-0.015378240558585696,0.5333319569303685
1746728888.6494367,2.694923759324925,2.2662387431856903,0.5019971891950821,0.00345522789872488,-2.4178581395194776,-0.0757274983733053,0.011879247626364131,-0.01810379197804916,0.5388153836336798
1746728888.7494469,2.657532879410677,2.2327920189045014,0.5013448205961516,0.0035398715434252362,-2.419719021949866,-0.1539713319278712,0.03790803645861708,-0.016312465946931094,0.5930650670675097
1746728888.849576,2.620136695482701,2.199453759755009,0.500646515237574,0.0036213173044106115,-2.421576814090006,-0.18017639575826683,0.10250652480313156,-0.02218865960400565,0.7148891650885597
1746728888.949507,2.582737654109289,2.166226001345692,0.4999313707133566,0.003698110631656973,-2.423429082800086,-0.17988748930255735,0.052497190666406374,-0.01671784139130859,0.5514529104461248
1746728889.049597,2.5453359207107638,2.1331088171627215,0.4992287827758643,0.0037686371200403167,-2.425273395131721,-0.19608626247290617,0.10096864861918173,-0.01827474859676483,0.5617563063046297
1746728889.14949,2.507929410356511,2.100100378657081,0.4985672421938047,0.003831271581888629,-2.4271073546059907,0.07767887279392287,-0.19526307787889768,-0.019760503488323474,0.4192675598446304
1746728889.2494624,2.4705139470071806,2.067197056496939,0.4979731846122865,0.0038858890069273255,-2.428928652203124,-0.10637187275516437,-0.040364237268225925,-0.018954174076763027,0.6107170593173192
1746728889.349773,2.433083555428652,2.034393536093381,0.4974699394535451,0.003932483646464501,-2.430735203367556,-0.10209671010876842,-0.008269665858237012,-0.022766766963229556,0.35260928854578455
1746728889.4494123,2.3956307085532695,2.0016831248932787,0.4970768194575027,0.003971054534954563,-2.4325250317494445,-0.005652721316171366,-0.04306248629107393,-0.017682098151877403,0.3514289705694803
1746728889.549465,2.3581466916802283,1.969058034151416,0.49680838604098093,0.004001798687467461,-2.4342962708711084,0.17197472090638244,-0.10805144917566128,-0.01782272311063199,0.33297606504594285
1746728889.6494482,2.320621993044458,1.9365097059383622,0.49667391819349005,0.0040256583366391095,-2.4360471435433713,-0.17744529131432363,0.13573460391586803,-0.020661610181475915,0.177322217688675
1746728889.7494488,2.283046748597609,1.9040291189871366,0.49667710399150133,0.0040434494653230684,-2.4377760349480537,0.09490762977915869,-0.08621092642301502,-0.017664789720756826,0.5237034917690304
1746728889.8494816,2.245411116674522,1.871607186518971,0.49681596452003424,0.00405579452103193,-2.4394814297088283,0.03309619899886297,-0.022405784272953422,-0.0216513946640123,0.29896984512418046
1746728889.9495106,2.207705683503833,1.8392350978195513,0.49708301029618956,0.004063126655490076,-2.4411619511380924,0.024677039764534503,-0.00610072659990683,-0.014101718691798801,0.2944698876895665
1746728890.049419,2.169921813275747,1.8069046772761934,0.4974656207437897,0.0040653259737217584,-2.4428163419416005,0.17763211702286366,-0.14638926228898014,-0.014606448038010339,0.46981223706755637
1746728890.1494493,2.1320519644386033,1.7746087110295892,0.49794662815621116,0.004061799498677089,-2.444443437612698,0.01212173895325478,0.04841675352487438,-0.019647952535555516,0.4053324569015416
1746728890.2495723,2.0940899904358514,1.7423411975510275,0.4985050795325641,0.004052577396430796,-2.446042180972623,0.11443934463498143,-0.029022813584043614,-0.014725327243288148,0.006864166914995473
1746728890.3494828,2.056031420886897,1.7100975073939653,0.49911714261033424,0.004037344108219997,-2.4476117016183454,-0.1143813152077632,0.17989649548918735,-0.01599311623761687,0.24063650106366458
1746728890.4495637,2.0178736072113947,1.6778745749911828,0.4997571171330867,0.00401572325544371,-2.449151217633565,0.13783773416374812,-0.05403805239250274,-0.01854919346781539,0.22676510952580692
1746728890.5494514,1.9796158709918399,1.645670944436457,0.50039850858076,0.003987859214021121,-2.450660066505145,0.24463171456627972,-0.22216367092526057,-0.015107123637603928,0.3200623239191509
1746728890.649546,1.941259563405537,1.6134867694035322,0.5010151197504011,0.0039540234635486995,-2.4521376963554213,0.24300147272884415,-0.16338459431004598,-0.01360969568367952,0.23520220413724457
1746728890.7496142,1.9028080440642967,1.5813237523566388,0.5015821154820833,0.003914911901591717,-2.453583647328413,0.05388769026957318,-0.016480288159513422,-0.013002528365176758,0.45289611853277434
1746728890.8495367,1.8642665873948983,1.549185013463274,0.5020770175874079,0.0038711978141453183,-2.454997554806096,-0.25677571635422347,0.3684376980524088,-0.017563742146661433,0.4012745329918753
1746728890.9494495,1.8256421876459377,1.5170749302500823,0.5024805904088224,0.0038237703963719073,-2.4563791098659697,-0.1124612943125129,0.18673271141617143,-0.012274988904510925,0.21214908015289885
1746728891.049472,1.7869433197924538,1.4849988912081449,0.5027775824098621,0.0037735876014250106,-2.45772809469975,-0.057445091102185736,0.07725591103449446,-0.014944905050098812,0.27375940662741777
1746728891.1495376,1.7481796079026695,1.4529630419363635,0.5029572954580316,0.003721458903217971,-2.459044371128454,-0.04680202296377301,0.07127042306600027,-0.01951860071755894,0.11104907899353511
1746728891.2498398,1.7093614461211886,1.4209739953721483,0.503013960806358,0.0036678964046426574,-2.4603278853827155,-0.5320523956919431,0.5340464135040358,-0.012293972235763907,0.03806230502066471
1746728891.3495164,1.670499564245228,1.3890385484859582,0.5029469089012344,0.003612698167723876,-2.4615786254279466,-0.018547167534861922,-0.032628174970630766,-0.014375867672589198,0.251404768764483
1746728891.4494927,1.6316045858466577,1.3571633834613361,0.5027605287321063,0.0035558241618987643,-2.4627965751369323,-0.22920343450430922,0.17943080776779557,-0.010982654490742837,0.3474718043038986
1746728891.5496564,1.5926866438140475,1.3253547120795761,0.5024640210633597,0.0034973910861637743,-2.4639817709014213,-0.3549233978293022,0.28735267425573874,-0.01461366514771888,0.3273252745068441
1746728891.6496103,1.5537549975886873,1.2936179710224174,0.502070958516919,0.0034378787628034334,-2.4651343040173384,-0.14272728356663106,0.06148282319555035,-0.011834592978328964,0.2788098707577098
1746728891.7495794,1.5148177008879016,1.2619575444915547,0.5015986729127782,0.0033772554155950827,-2.466254343861462,-0.11961634343343855,0.0717211130450022,-0.01735117463432746,0.21910661989635466
1746728891.8496144,1.4758812750492334,1.2303766018943243,0.5010674974019385,0.0033153474914831443,-2.4673420350813164,-0.09330650502547494,0.039969261780134636,-0.008874086817664398,0.1631640207852839
1746728891.9495182,1.436950522465365,1.1988769078421884,0.500499896299593,0.00325258809209374,-2.468397536400141,-0.08736783871784246,-0.016604713347584107,-0.00666030966274279,0.032500994776315184
1746728892.0495565,1.3980284122381832,1.1674587049025857,0.4999195197105378,0.0031893272120832087,-2.469421054630252,0.14962509548576475,-0.2275299139628518,-0.007981679884564658,0.26422540014199114
1746728892.1495216,1.3591160143942358,1.136120706378817,0.4993502225638691,0.003125808622856882,-2.470412810602935,0.023669633423472586,-0.11870786694306688,-0.014446918421368353,0.0024363412177072774
1746728892.2493849,1.320212533315275,1.104860134255865,0.49881508852889334,0.003062252734264563,-2.471373046979499,-0.20722865155203163,0.15654979928090842,-0.011218678092811655,0.1664854391268719
1746728892.3494875,1.281315412046051,1.0736728279770646,0.49833549852017295,0.002998740413365608,-2.4723020257032777,-0.061811503697810743,-0.05214116563043615,-0.00972027895890826,0.18780319997843853
1746728892.4494627,1.242420509220539,1.0425534050717291,0.49793028108512954,0.002935412294919337,-2.473200032762471,0.08485439696238455,-0.1249059051223872,-0.008849419479659063,0.14167519797174982
1746728892.549403,1.203522337275123,1.0114954657520452,0.49761497822947465,0.0028720239137999797,-2.4740673888358837,0.012334381568209013,-0.13431964752946332,-0.009445752063129817,0.1754026613441174
1746728892.64958,1.1646143314746982,0.9804918539933688,0.4974012550445101,0.002808427233631172,-2.47490441520092,-0.031077036233154994,0.01741080490074077,-0.009971617579983574,0.290556960595165
1746728892.7496805,1.1256891911656424,0.9495348944984429,0.4972964753294615,0.002744562055800252,-2.4757114790099632,-0.060228183706925266,0.04334553021193696,-0.005325870021391952,0.10467505371394834
1746728892.8494995,1.086739210822863,0.9186166812368387,0.4973034583778855,0.0026800451557455677,-2.4764889674708606,0.021926575959926135,-0.018558295250351728,-0.006337273417921613,0.13679951215422875
1746728892.9495337,1.0477566251835522,0.8877293586930141,0.49742042450475227,0.0026148109978596226,-2.4772372664968043,0.030520571726564232,-0.07196785486399888,-0.008965784310966684,0.09685668471404606
1746728893.0494523,1.0087339801824213,0.8568653539525677,0.4976411290686558,0.0025490794493465505,-2.4779568089262365,0.06959491169985565,-0.017880116193664055,-0.008336149944234667,-0.0027682383768074387
1746728893.1495836,0.9696644657948364,0.8260176162941623,0.4979551770510867,0.002483290858989358,-2.478648086335008,0.1015693250498308,-0.0855208745438915,-0.0028469326905464377,0.2369305564664842
1746728893.2494388,0.9305422141479028,0.7951798379448712,0.49834850290815363,0.002417590506629778,-2.4793116602702927,0.17099069063952116,-0.03294776040320618,-0.006441058631287499,0.02445648072546415
1746728893.3495443,0.8913625238110774,0.7643466865806225,0.49880399386917007,0.0023517405811093687,-2.479948097861316,0.06357513602740589,-0.004629682711013862,-0.005325155438232438,0.1580143075434549
1746728893.44959,0.8521220661725555,0.733513961209095,0.49930222923941975,0.0022858798037217907,-2.480557965150528,-0.1503292939820868,0.28134211989895797,-0.006030377365595292,0.06062400357227764
1746728893.549703,0.8128190594523885,0.702678675750759,0.4998223039240064,0.0022201957110950413,-2.4811418723297383,-0.2779793789312428,0.35433041856421343,-0.003290715747343119,-0.01436835250669595
1746728893.649541,0.773453348539367,0.6718391389523956,0.5003427014160329,0.0021547166790570433,-2.4817004454651586,0.036435306775463104,0.011633975742451431,-0.0009577646921481017,0.20613325274050615
1746728893.7494943,0.7340264310312027,0.6409949716906591,0.5008421799656976,0.0020895442525369567,-2.4822343179442945,0.16074560840304147,-0.1039175980279511,-0.006366027814439861,0.12397154557528231
1746728893.8494654,0.6945414285723247,0.6101470594966308,0.5013006356180748,0.0020250250396840292,-2.4827441470636358,0.08854849534480258,-0.01767332829873955,-0.007506664158371923,0.023008647752534493
1746728893.949758,0.6550029899998814,0.579297459248466,0.5016999072938135,0.0019613802972110036,-2.483230630250182,0.10694143681409334,-0.06277301655934495,-0.00222840377856893,0.06580732371020417
1746728894.0494304,0.6154171087055033,0.5484492892041029,0.5020244918698692,0.0018985961210356353,-2.483694470580279,0.029313298330681956,0.0460706252285507,-0.00678863402157044,0.01925504808841736
1746728894.1496913,0.5757908928689933,0.5176065647167573,0.5022621413166237,0.0018365723587827117,-2.4841363575335866,0.1727190006179952,-0.06648412927933181,-0.003955993539289321,-0.08560853418153583
1746728894.2494338,0.5361323014815982,0.4867739803830217,0.5024043190973285,0.0017756065298339813,-2.484556973231936,0.03265551830220282,0.06883263086988649,-0.006026114189754869,0.049680539992928645
1746728894.349652,0.49644985498038446,0.45595664991953255,0.5024464990570515,0.001715816817530253,-2.4849570302271253,-0.12219110049322511,0.11058558014436166,0.000527290302888804,0.3086417955686894
1746728894.4495442,0.4567522837958069,0.42515987857906723,0.5023882966497374,0.0016572667649652575,-2.485337223996868,0.02497915624789909,-0.012409201164440168,-0.0050448716885021765,-0.016050908432029005
1746728894.549486,0.417048194694867,0.3943888950008254,0.5022334293593528,0.0015999143866119048,-2.485698244228048,0.01666084343022796,0.015378595146125253,-0.003065868307812961,-0.09417964028154928
1746728894.6495285,0.377345729654841,0.3636486071067152,0.5019895101035937,0.0015438389192752142,-2.4860407525117156,0.011504510109515604,0.005204407476662091,-0.006720160227716547,0.13356526993991602
1746728894.7496152,0.3376522686398828,0.3329433468903917,0.5016676844441232,0.0014891701708324274,-2.4863654110510596,-0.07150745880421977,-0.03384555010804016,-0.002161447096808423,0.29408506846723126
