time_step,actual_pos_x,actual_pos_y,actual_yaw,actual_body_vx,actual_body_vy,predicted_body_vx,predicted_body_vy,predicted_global_x,predicted_global_y
0.0,2.7896078,-2.6928663,-0.8466571,0.50143003,-0.023278758,0.5014300346374512,-0.02327875792980194,2.7896077632904053,-2.692866325378418
0.1,2.8212388,-2.7317815,-0.83748436,0.5005424,-0.023015365,0.4969175457954407,-0.0177668035030365,2.8215481370657858,-2.730974586810157
0.2,2.853192,-2.7703123,-0.8284916,0.49964297,-0.022453846,0.4968841075897217,-0.02266669273376465,2.853466572721454,-2.7691228425847294
0.30000000000000004,2.8854744,-2.8084474,-0.81968766,0.4987689,-0.02173783,0.49299323558807373,-0.013332433998584747,2.886136362034434,-2.8060672022024673
0.4,2.9180822,-2.8461888,-0.8110802,0.4979556,-0.021032343,0.49260520935058594,-0.010931573808193207,2.9192702797959096,-2.842535509122701
0.5,2.9510033,-2.883552,-0.80267596,0.4972353,-0.020477062,0.49499189853668213,-0.020220428705215454,2.9522072651898963,-2.879541095818442
0.6000000000000001,2.9842193,-2.9205627,-0.7944803,0.49663588,-0.020154076,0.4951944351196289,-0.023316361010074615,2.985239721645837,-2.916506872330351
0.7000000000000001,3.0177112,-2.9572525,-0.786498,0.49617988,-0.020068968,0.495696485042572,-0.026775449514389038,3.0183567928875377,-2.953487663184181
0.8,3.051464,-2.9936523,-0.7787334,0.4958837,-0.02016478,0.49440544843673706,-0.02083955705165863,3.0520850331656004,-2.9896970011174497
0.9,3.08547,-3.0297887,-0.77118987,0.49575704,-0.020330884,0.4946413040161133,-0.021806955337524414,3.086034942690846,-3.02573669135788
1.0,3.1197305,-3.0656798,-0.7638716,0.4958028,-0.020444702,0.4963201880455017,-0.024634063243865967,3.12017337392195,-3.0618472600935487
1.1,3.1542554,-3.1013355,-0.75678176,0.49601686,-0.020407543,0.49656689167022705,-0.025038942694664,3.1545571017930345,-3.097761261864866
1.2000000000000002,3.1890593,-3.1367595,-0.7499225,0.49638844,-0.020162037,0.49801987409591675,-0.025376372039318085,3.189269683936015,-3.1335622980718076
1.3,3.2241573,-3.1719518,-0.7432952,0.4969005,-0.019704156,0.49969756603240967,-0.031084463000297546,3.2239560092493216,-3.1696662846888946
1.4000000000000001,3.2595625,-3.2069128,-0.7369003,0.4975305,-0.019079119,0.500062882900238,-0.027643561363220215,3.259130784633388,-3.205317451711502
1.5,3.295282,-3.2416453,-0.73073786,0.49825135,-0.018365253,0.4975098967552185,-0.017723865807056427,3.294996533085776,-3.2398420866239146
1.6,3.3313138,-3.2761574,-0.7248069,0.4990325,-0.017662657,0.4933813214302063,-0.004106193780899048,3.331660176539469,-3.2728602201316748
1.7000000000000002,3.3676496,-3.3104613,-0.7191057,0.49984133,-0.017031627,0.4961133599281311,-0.004345104098320007,3.36870128551738,-3.3058667301558287
1.8,3.404275,-3.3445709,-0.7136349,0.50064445,-0.016510291,0.5007275938987732,-0.0140366330742836,3.405636848076717,-3.339704811100564
1.9000000000000001,3.4411721,-3.3785002,-0.7083942,0.50140905,-0.016109662,0.5021340250968933,-0.01860230416059494,3.442558993089558,-3.3737870859138983
2.0,3.4783213,-3.412261,-0.70338273,0.5021045,-0.015807062,0.5004865527153015,-0.016836799681186676,3.4796400241725833,-3.4074426917848855
2.1,3.515703,-3.4458604,-0.69859815,0.5027033,-0.015547615,0.5016745924949646,-0.020243443548679352,3.516753535231107,-3.4412577658573436
2.2,3.5533004,-3.4792998,-0.69403833,0.5031824,-0.015268688,0.4985350966453552,-0.014841988682746887,3.5541250292200006,-3.4742872482812417
2.3000000000000003,3.5910978,-3.5125742,-0.6897001,0.50352395,-0.014925608,0.4980422258377075,-0.014619119465351105,3.5916156191834636,-3.507105740597384
2.4000000000000004,3.629082,-3.545676,-0.6855794,0.5037159,-0.014484007,0.4980649948120117,-0.013008058071136475,3.629344888090557,-3.5396462039323606
2.5,3.667239,-3.5785947,-0.6816725,0.5037525,-0.013946484,0.4968740940093994,-0.010355420410633087,3.667275666169313,-3.5717579942068935
2.6,3.705554,-3.6113207,-0.6779747,0.50363463,-0.013332164,0.49833208322525024,-0.014577969908714294,3.7051736372867357,-3.60414962289342
2.7,3.7440119,-3.6438468,-0.6744828,0.50336915,-0.01267158,0.49674707651138306,-0.012877300381660461,3.74316689667477,-3.6361769092279004
2.8000000000000003,3.7825947,-3.6761696,-0.67119443,0.50296897,-0.012015098,0.4949353337287903,-0.009049251675605774,3.781361469445437,-3.6676666432083165
2.9000000000000004,3.8212833,-3.7082908,-0.66810626,0.50245225,-0.011410155,0.49454545974731445,-0.0073228031396865845,3.819729454397732,-3.698878597372154
3.0,3.860058,-3.7402165,-0.66521454,0.5018417,-0.010885069,0.49696505069732666,-0.013258516788482666,3.858011535823791,-3.730595828343802
3.1,3.8989,-3.7719553,-0.66251504,0.5011636,-0.010445303,0.49526095390319824,-0.012421414256095886,3.8962962293486862,-3.7620387811573837
3.2,3.9377937,-3.8035178,-0.66000307,0.5004464,-0.010075104,0.4927877187728882,-0.007991090416908264,3.9347360345167566,-3.7928838344339657
3.3000000000000003,3.9767272,-3.834914,-0.6576739,0.49972,-0.009744746,0.4921061396598816,-0.0034101009368896484,3.9734736630870393,-3.8232350608926167
3.4000000000000004,4.0156937,-3.866153,-0.6555224,0.4990142,-0.0094171,0.49103641510009766,0.0008288547396659851,4.012450097541926,-3.853101631447826
3.5,4.0546913,-3.897243,-0.65354383,0.49835762,-0.009060147,0.49157482385635376,0.004105016589164734,4.051727486940803,-3.8826636555347354
3.6,4.0937214,-3.9281914,-0.65173334,0.4977764,-0.008654726,0.4943283200263977,0.0013666227459907532,4.091111144428418,-3.912539248905859
3.7,4.1327887,-3.9590058,-0.650086,0.49729335,-0.008200441,0.4950755834579468,-0.0007353872060775757,4.130476223477551,-3.942562478125269
3.8000000000000003,4.1719,-3.9896958,-0.6485965,0.4969269,-0.007705975,0.4948307275772095,0.00024121999740600586,4.1699254576671505,-3.972434421370912
3.9000000000000004,4.211061,-4.0202723,-0.64726037,0.4966905,-0.0071918764,0.49344366788864136,0.008348844945430756,4.209792811459985,-4.001523210748784
4.0,4.250279,-4.0507483,-0.64607286,0.49659213,-0.006686806,0.4925636053085327,0.016507059335708618,4.250115580911661,-4.0298602562294175
4.1000000000000005,4.289558,-4.0811405,-0.6450291,0.49663398,-0.0062158415,0.4909895658493042,0.028939135372638702,4.291089569521829,-4.057067140113168
4.2,4.3289027,-4.1114655,-0.6441241,0.49681243,-0.0057932604,0.49192655086517334,0.036830950528383255,4.332636990479775,-4.083662145572324
4.3,4.3683157,-4.14174,-0.64335304,0.4971185,-0.005421462,0.49917036294937134,0.0250135138630867,4.37407556814947,-4.11160515099301
4.4,4.4078,-4.1719804,-0.6427109,0.4975379,-0.0050960304,0.5016029477119446,0.016979649662971497,4.41524527827006,-4.14031043317498
4.5,4.447358,-4.2022014,-0.6421924,0.49805212,-0.004795244,0.503405749797821,0.009149990975856781,4.456105272774837,-4.16972933121201
4.6000000000000005,4.4869914,-4.2324123,-0.64179325,0.49863887,-0.0044964077,0.5017953515052795,0.01024085283279419,4.496913313111164,-4.19894813239377
4.7,4.526702,-4.2626224,-0.6415087,0.49927327,-0.0041859006,0.5035621523857117,0.0036619454622268677,4.537477536052839,-4.228788144604509
4.800000000000001,4.56649,-4.2928357,-0.641334,0.4999288,-0.0038542934,0.5018388628959656,0.004563875496387482,4.577962843861372,-4.258445699870763
4.9,4.606355,-4.323056,-0.64126426,0.50057846,-0.0035024248,0.5011010766029358,0.004539467394351959,4.618389637923898,-4.28805825260089
5.0,4.6462927,-4.353285,-0.64129436,0.50119585,-0.0031377447,0.4984952211380005,0.01224914938211441,4.65906794639027,-4.3168983374117005
5.1000000000000005,4.6862974,-4.3835225,-0.6414196,0.50175613,-0.0027689117,0.5001910924911499,0.010315373539924622,4.699762819841811,-4.345999929020248
5.2,4.726361,-4.4137692,-0.6416357,0.5022373,-0.002410364,0.5015244483947754,0.007125392556190491,4.740367297759196,-4.37544567249234
5.300000000000001,4.7664723,-4.4440246,-0.6419385,0.50262076,-0.002076437,0.4981716275215149,0.017439574003219604,4.781311878977718,-4.403876858906704
5.4,4.8066187,-4.4742885,-0.64232355,0.5028922,-0.0017756392,0.5007594227790833,0.011308863759040833,4.822085451340109,-4.432969722221004
5.5,4.846787,-4.50456,-0.64278626,0.503042,-0.001517674,0.5022908449172974,0.0033991187810897827,4.86249400493935,-4.462806365212122
5.6000000000000005,4.8869615,-4.5348377,-0.6433213,0.50306565,-0.0012884937,0.5005429983139038,0.0015201717615127563,4.902634033442385,-4.492710113348571
5.7,4.9271293,-4.565118,-0.64392483,0.50296396,-0.0010705241,0.499383807182312,0.0017350837588310242,4.942676202221994,-4.5225513045670995
5.800000000000001,4.9672775,-4.595397,-0.6445936,0.5027427,-0.00085698557,0.49997299909591675,-0.00255710631608963,4.9824875956508965,-4.55279776451576
5.9,5.0073957,-4.6256704,-0.64532363,0.5024126,-0.0006423234,0.5008737444877625,-0.010315082967281342,5.021882249476929,-4.583747244938947
6.0,5.047473,-4.655934,-0.646111,0.5019885,-0.00042312196,0.4970552325248718,-0.006607338786125183,5.06117087825358,-4.614201789097617
6.1000000000000005,5.087502,-4.6861844,-0.6469518,0.5014889,-0.00019931748,0.49560242891311646,-0.0023522302508354187,5.100574444305488,-4.644262261278044
6.2,5.1274757,-4.716419,-0.64784193,0.5009353,2.3217399e-05,0.4945223331451416,8.780509233474731e-05,5.1400123593901945,-4.6740980503686975
6.300000000000001,5.1673894,-4.7466383,-0.6487774,0.5003511,0.00024180561,0.49626535177230835,-0.00467856228351593,5.17927324378061,-4.704455830920472
6.4,5.20724,-4.776843,-0.64975476,0.4997603,0.00045294844,0.49738121032714844,-0.010494701564311981,5.218241416597944,-4.73538257628355
6.5,5.247026,-4.8070354,-0.65077066,0.4991873,0.00065004657,0.4949813485145569,-0.007967464625835419,5.257140313605243,-4.766002438633242
6.6000000000000005,5.2867484,-4.8372207,-0.6518219,0.49865514,0.0008287366,0.49292731285095215,-0.00042007118463516235,5.296301560281193,-4.79593856865915
6.7,5.326409,-4.867404,-0.6529051,0.49818504,0.0009880604,0.4937196373939514,-0.00020112842321395874,5.335506594120228,-4.825947842720523
6.800000000000001,5.366011,-4.897593,-0.6540171,0.49779534,0.001130159,0.4929332733154297,0.00476355105638504,5.374917865293309,-4.855558832878287
6.9,5.405561,-4.9277954,-0.65515465,0.4975009,0.0012592928,0.49597376585006714,-0.0019378215074539185,5.414128221353988,-4.885931275869124
7.0,5.4450645,-4.958019,-0.6563148,0.49731237,0.0013807836,0.4975860118865967,-0.008647531270980835,5.453021616768598,-4.916979141872212
7.1000000000000005,5.48453,-4.9882708,-0.6574942,0.4972361,0.0014909838,0.4958462715148926,-0.0070615410804748535,5.491837587854406,-4.947841000080074
7.2,5.5239644,-5.0185604,-0.65868896,0.49727368,0.0016034899,0.49670612812042236,-0.010219551622867584,5.5304913596230785,-4.979051576773448
7.300000000000001,5.5633774,-5.048894,-0.6598974,0.49742207,0.0017257129,0.4950758218765259,-0.004785843193531036,5.569311690138864,-5.009779604299846
7.4,5.602777,-5.0792775,-0.6611175,0.49767366,0.0018496162,0.4917587637901306,0.006571732461452484,5.6085300370344005,-5.039454845850687
7.5,5.64217,-5.1097183,-0.6623466,0.49801686,0.0019612692,0.4935867190361023,0.009257249534130096,5.648021174872586,-5.069078915304816
7.6000000000000005,5.6815615,-5.1402225,-0.66358155,0.4984364,0.002065351,0.4943806529045105,0.014907434582710266,5.687886262621569,-5.0983555167893995
7.7,5.7209573,-5.1707954,-0.664821,0.49891415,0.0021636253,0.4973865747451782,0.012053780257701874,5.727775559110273,-5.128091538870179
7.800000000000001,5.76036,-5.2014403,-0.66606355,0.49942982,0.0022485843,0.4961099624633789,0.019642166793346405,5.767996385481635,-5.157201575313342
7.9,5.7997694,-5.23216,-0.66730744,0.49996188,0.0023174358,0.5012946724891663,0.006938427686691284,5.807802024890294,-5.187680354418084
8.0,5.8391867,-5.262957,-0.6685508,0.50048834,0.0023703815,0.5013671517372131,0.0049638524651527405,5.847453031330436,-5.218368044051024
8.1,5.8786087,-5.2938313,-0.66979176,0.5009879,0.002411357,0.49845457077026367,0.014557257294654846,5.887433173116717,-5.2481720201509665
8.200000000000001,5.918032,-5.3247814,-0.67102873,0.5014404,0.0024452957,0.5002828240394592,0.011557132005691528,5.927333057737869,-5.278374071745349
8.3,5.957453,-5.3558035,-0.6722601,0.5018281,0.0024762172,0.5005951523780823,0.011179275810718536,5.967196628003409,-5.308674246556811
8.4,5.9968643,-5.3868937,-0.6734843,0.50213593,0.0025071104,0.5014356374740601,0.007755562663078308,6.006875229575171,-5.339343238227906
8.5,6.036261,-5.4180465,-0.67469996,0.50235254,0.0025392252,0.4993073344230652,0.013333484530448914,6.046698753657044,-5.36949191796491
8.6,6.075635,-5.4492545,-0.67590564,0.5024702,0.002572021,0.5019712448120117,0.005534626543521881,6.08620582179381,-5.400463666290244
8.700000000000001,6.1149793,-5.4805117,-0.6771001,0.50248545,0.00260349,0.5047544240951538,-0.007393896579742432,6.125082767828577,-5.432664598738117
8.8,6.1542854,-5.5118113,-0.6782821,0.502399,0.0026277227,0.502648651599884,-0.009661756455898285,6.163615361852629,-5.464955918976031
8.9,6.1935453,-5.543147,-0.67945,0.50221586,0.002644762,0.5005292296409607,-0.00958249717950821,6.201950323418785,-5.497152876308875
9.0,6.232752,-5.574513,-0.6806029,0.50194466,0.0026574512,0.4969266653060913,-0.00614657998085022,6.240184358757634,-5.528900277038455
9.1,6.271899,-5.605903,-0.68174034,0.50159776,0.002664429,0.501207709312439,-0.018816232681274414,6.277916299841334,-5.561944683629005
9.200000000000001,6.3109813,-5.6373134,-0.68286157,0.50119025,0.002664137,0.49894237518310547,-0.02031698077917099,6.315340729661209,-5.595004852825045
9.3,6.349995,-5.66874,-0.6839659,0.5007396,0.002656996,0.49470311403274536,-0.011460505425930023,6.3529596686377525,-5.62715202334536
9.4,6.3889375,-5.7001805,-0.6850526,0.5002647,0.0026446888,0.4926651120185852,-0.006048530340194702,6.390728255727279,-5.658792010741952
9.5,6.4278073,-5.731633,-0.68612075,0.49978536,0.0026294088,0.48801863193511963,0.00902731716632843,6.429058637724184,-5.68901151754934
9.600000000000001,6.4666066,-5.7630987,-0.6871698,0.4993212,0.002613236,0.49565744400024414,-0.0026337280869483948,6.467208090684059,-5.720657237987138
9.700000000000001,6.5053377,-5.794577,-0.68819904,0.49889088,0.0025975967,0.4918264150619507,0.009746968746185303,6.505815403164638,-5.75114260632264
9.8,6.5440044,-5.8260703,-0.6892079,0.49851158,0.002582213,0.49605751037597656,0.0011826381087303162,6.54417384692305,-5.7825969274052165
9.9,6.5826116,-5.8575816,-0.69019574,0.49819806,0.0025675807,0.4922032952308655,0.01139579713344574,6.582854253454822,-5.813056172813156
10.0,6.621166,-5.8891144,-0.6911622,0.49796224,0.002553133,0.49362868070602417,0.012923583388328552,6.621712416307849,-5.843525930178767
10.100000000000001,6.659675,-5.9206724,-0.69210696,0.49781272,0.002536834,0.4975256323814392,0.0036110281944274902,6.660247512830197,-5.874998049268925
10.200000000000001,6.6981454,-5.952262,-0.69302964,0.49775442,0.0025169053,0.4958203434944153,0.009473919868469238,6.698996927063178,-5.905945724115458
10.3,6.736585,-5.983887,-0.69393,0.49778852,0.0024921822,0.4992942214012146,0.0011889860033988953,6.737455638990067,-5.937787344819314
10.4,6.7750006,-6.015554,-0.69480777,0.4979124,0.0024623182,0.498279333114624,0.0001949518918991089,6.775744782423194,-5.9696740946272095
10.5,6.8133993,-6.047267,-0.6956628,0.49811977,0.0024278013,0.4973057508468628,0.0026092082262039185,6.814086641100087,-6.001345849411725
10.600000000000001,6.851788,-6.0790305,-0.69649494,0.4984011,0.0023896452,0.4995895028114319,-0.0019349828362464905,6.852285791930143,-6.033544592099012
10.700000000000001,6.8901715,-6.1108494,-0.6973041,0.4987439,0.0023488589,0.49702364206314087,0.004858866333961487,6.8906984518665455,-6.065088666821976
10.8,6.9285555,-6.142725,-0.69809026,0.49913332,0.0023075426,0.49893468618392944,0.0018131211400032043,6.929036934836358,-6.097019088185163
10.9,6.966943,-6.1746593,-0.69885343,0.4995529,0.0022670233,0.5008323192596436,-0.004681795835494995,6.967078472909524,-6.129598079779444
11.0,7.005336,-6.206653,-0.6995936,0.49998507,0.0022260696,0.5025664567947388,-0.012665636837482452,7.004714481146083,-6.162927728780518
11.100000000000001,7.043736,-6.2387056,-0.7003108,0.50041205,0.0021859158,0.49963128566741943,-0.009722992777824402,7.042291779720434,-6.195870197023145
11.200000000000001,7.082143,-6.2708154,-0.7010054,0.5008165,0.0021468604,0.4994466304779053,-0.01109139621257782,7.079743816893739,-6.228931420068067
11.3,7.120555,-6.302979,-0.70167756,0.5011822,0.0021071807,0.5017427802085876,-0.018205903470516205,7.116889752611056,-6.26270940378248
11.4,7.158969,-6.3351936,-0.70232755,0.50149477,0.0020656227,0.49945056438446045,-0.01737743616104126,7.153892269690235,-6.296300208258108
11.5,7.1973815,-6.367454,-0.7029557,0.50174206,0.0020214966,0.49758636951446533,-0.01487431675195694,7.190893273267816,-6.329602762792349
11.600000000000001,7.235787,-6.3997555,-0.7035623,0.501915,0.0019747422,0.4966662526130676,-0.01489449292421341,7.227802600735723,-6.3628697685173705
11.700000000000001,7.274181,-6.432092,-0.7041477,0.5020074,0.0019258687,0.49656587839126587,-0.015627019107341766,7.264637375368465,-6.396207706828577
11.8,7.3125567,-6.464458,-0.70471203,0.50201666,0.0018757614,0.4978151321411133,-0.01793336123228073,7.3013990900460755,-6.4298230522276585
11.9,7.3509088,-6.4968467,-0.70525575,0.50194347,0.001825566,0.49536341428756714,-0.0120612233877182,7.338336485908892,-6.462852321673349
12.0,7.389232,-6.5292525,-0.70577914,0.50179195,0.0017763576,0.4969339370727539,-0.015314847230911255,7.375165084236471,-6.496250422949157
12.100000000000001,7.427521,-6.56167,-0.7062826,0.5015693,0.001728886,0.49919694662094116,-0.02269899845123291,7.411669788879582,-6.530375705356529
12.200000000000001,7.4657717,-6.5940924,-0.7067665,0.50128555,0.0016833597,0.4955846667289734,-0.014402180910110474,7.4484220528041005,-6.563653129288392
12.3,7.5039806,-6.626517,-0.70723116,0.50095314,0.0016394923,0.49704796075820923,-0.01954413205385208,7.484935995033368,-6.597433574915915
12.4,7.542145,-6.658939,-0.707677,0.5005863,0.0015966425,0.49574005603790283,-0.0181715190410614,7.521424718085359,-6.631040972355799
12.5,7.580263,-6.691356,-0.70810443,0.50020033,0.0015540692,0.49648940563201904,-0.021929018199443817,7.557711607575158,-6.664998118416612
12.600000000000001,7.618336,-6.723767,-0.7085138,0.4998114,0.0015113865,0.49647223949432373,-0.02091071754693985,7.594049551123493,-6.698891676589905
12.700000000000001,7.6563635,-6.7561717,-0.70890546,0.49943537,0.0014680823,0.4972947835922241,-0.023460574448108673,7.630270657787119,-6.733046565485594
12.8,7.6942086,-6.7887335,-0.708964,0.49908736,-0.0050039133,0.4947354793548584,-0.015344686806201935,7.6668238876791115,-6.7664209257629055
12.9,7.731273,-6.822156,-0.7071669,0.49878144,-0.021785686,0.498191773891449,-0.04052383452653885,7.702063938791365,-6.801868225307217
13.0,7.7671347,-6.8569584,-0.70182925,0.49853152,-0.04423336,0.4954531788825989,-0.0569169819355011,7.736225188920373,-6.8382019966859025
13.100000000000001,7.801756,-6.893252,-0.69142884,0.49835724,-0.067636624,0.4954766035079956,-0.07051582634449005,7.769897160728495,-6.875227579442177
13.200000000000001,7.835453,-6.930787,-0.6746043,0.49829355,-0.08838802,0.49964219331741333,-0.09089729934930801,7.803239586537433,-6.913533310669967
13.3,7.868803,-6.9690495,-0.6501899,0.49840015,-0.10354525,0.4981667399406433,-0.10350573062896729,7.83662651785281,-6.951927948158861
13.4,7.9026694,-7.007148,-0.6176853,0.49876252,-0.10816316,0.4989781379699707,-0.10961958765983582,7.870955657311791,-6.989762674875368
13.5,7.9379907,-7.0439553,-0.57735354,0.499473,-0.1032984,0.499478280544281,-0.10211469233036041,7.907233938914852,-7.025580909270448
13.600000000000001,7.9753637,-7.0785966,-0.52968365,0.50059634,-0.09466232,0.5021268725395203,-0.09674540162086487,7.945677666930504,-7.059300198481072
13.700000000000001,8.014933,-7.1106925,-0.47517562,0.50213504,-0.08905128,0.5009868144989014,-0.0808282196521759,7.98652818768631,-7.089407421001895
13.8,8.0564995,-7.140394,-0.41434193,0.50401056,-0.09190957,0.5041782855987549,-0.08931710571050644,8.02908393655962,-7.117880937262623
13.9,8.099733,-7.168254,-0.34775338,0.50606775,-0.10582267,0.5082265734672546,-0.10320448875427246,8.073347315497186,-7.144903288192962
14.0,8.144387,-7.194967,-0.2760213,0.5081041,-0.12999128,0.5098472237586975,-0.12674957513809204,8.118947829111134,-7.170993317358634
14.100000000000001,8.190423,-7.2210608,-0.19971178,0.5099137,-0.16069032,0.5124869346618652,-0.15663743019104004,8.166070412451521,-7.196512791622182
14.200000000000001,8.238017,-7.2466307,-0.1192665,0.5113329,-0.19250633,0.5113043189048767,-0.18099790811538696,8.214684038171601,-7.220567705612409
14.3,8.287443,-7.271201,-0.035000414,0.5122735,-0.21994087,0.51133793592453,-0.2087634950876236,8.265055983079003,-7.24322060790358
14.4,8.33889,-7.293772,0.05282918,0.512733,-0.23890503,0.5136780142784119,-0.2364044487476349,8.317600443870468,-7.264115614425259
14.5,8.392306,-7.313027,0.14394787,0.5127823,-0.24771145,0.5142314434051514,-0.2523486018180847,8.372111710831437,-7.281712765233582
14.600000000000001,8.447329,-7.32764,0.23804143,0.5125333,-0.24733809,0.509078323841095,-0.24612519145011902,8.427387652877544,-7.293627198817584
14.700000000000001,8.503343,-7.3365827,0.3347849,0.512099,-0.24094905,0.5068714022636414,-0.23801904916763306,8.483081191201066,-7.299453574277512
14.8,8.559625,-7.3393154,0.43387997,0.51155716,-0.23286875,0.5077822208404541,-0.23377785086631775,8.53898226795046,-7.299318326979751
14.9,8.615518,-7.3358116,0.5350654,0.5109293,-0.22733948,0.5073641538619995,-0.2293914258480072,8.594324129430095,-7.293181024906706
15.0,8.670554,-7.326435,0.6381066,0.51018065,-0.22741178,0.5053583979606628,-0.22647899389266968,8.648406584979625,-7.281269414924294
15.100000000000001,8.724488,-7.3117304,0.7427923,0.5092387,-0.23424521,0.5062259435653687,-0.23689281940460205,8.701716502605732,-7.264480078399623
15.200000000000001,8.777217,-7.2922063,0.8489507,0.508025,-0.24697301,0.503566324710846,-0.24321845173835754,8.753246382697162,-7.242754194200106
15.3,8.828633,-7.26819,0.95646554,0.50648844,-0.26312733,0.5040022730827332,-0.2582033574581146,8.803396997605265,-7.216452322116714
15.4,8.878464,-7.2397885,1.0652671,0.5046318,-0.27946597,0.5072968602180481,-0.28007087111473083,8.852467803663114,-7.185630998894411
15.5,8.926105,-7.2069383,1.1751995,0.50252163,-0.29115295,0.5063533186912537,-0.29392579197883606,8.899103078042913,-7.1502330931806375
15.600000000000001,8.970465,-7.16952,1.2857087,0.5002784,-0.29402003,0.5030813813209534,-0.29818758368492126,8.94186700194701,-7.110341816875145
15.700000000000001,9.010193,-7.127634,1.395923,0.49804452,-0.28776237,0.498948872089386,-0.290943443775177,8.979198497621324,-7.06626982945605
15.8,9.044111,-7.0817575,1.5049405,0.49594268,-0.27539906,0.4983730912208557,-0.28336361050605774,9.010753138474257,-7.018405318816506
15.9,9.071525,-7.032666,1.6119832,0.49404377,-0.2613124,0.49618834257125854,-0.26590391993522644,9.035277914356053,-6.967733699271113
16.0,9.092308,-6.9812393,1.7164283,0.49235642,-0.24963008,0.4964416027069092,-0.25603246688842773,9.053405887755439,-6.914899567590703
16.1,9.106814,-6.9282665,1.817789,0.4908396,-0.24305563,0.4932318925857544,-0.24485191702842712,9.06508902900854,-6.8610868755764365
16.2,9.115661,-6.8743424,1.9156955,0.48943081,-0.24229825,0.4907260537147522,-0.24101680517196655,9.07117981232212,-6.8067553565444365
16.3,9.119485,-6.819871,2.0098884,0.48807868,-0.24610966,0.49307769536972046,-0.2515104115009308,9.072983362579597,-6.751432863703698
16.400000000000002,9.118765,-6.7651577,2.1002045,0.48676836,-0.25189117,0.48833662271499634,-0.24351239204406738,9.069338963536461,-6.696986304792675
16.5,9.113746,-6.7105308,2.1865487,0.48553288,-0.25659063,0.4862196445465088,-0.2430756390094757,9.061099450601809,-6.643254903202658
16.6,9.104459,-6.656428,2.2688603,0.4844488,-0.25757065,0.48477262258529663,-0.2415345013141632,9.04844504786357,-6.590592770691037
16.7,9.090828,-6.603419,2.3470917,0.483619,-0.25331175,0.48325443267822266,-0.23601895570755005,9.031426549535038,-6.53957543387103
16.8,9.072785,-6.5521493,2.4212146,0.48314914,-0.24372832,0.4823393225669861,-0.22766414284706116,9.010194324633247,-6.490646766751984
16.900000000000002,9.050384,-6.5032353,2.4912395,0.48312467,-0.2300977,0.48080766201019287,-0.21043357253074646,8.984669350911007,-6.44478764901694
17.0,9.02384,-6.4571486,2.5572248,0.48359406,-0.21449311,0.4809924364089966,-0.2002403736114502,8.955598355897784,-6.401551361479637
17.1,8.993523,-6.414144,2.6192524,0.48456144,-0.1992597,0.48098260164260864,-0.18853721022605896,8.923320109760619,-6.361215022360479
17.2,8.959904,-6.374232,2.6774158,0.4859888,-0.18639664,0.48109757900238037,-0.17485512793064117,8.88812886034829,-6.324041538159301
17.3,8.923478,-6.3372216,2.7317975,0.4878053,-0.17703271,0.4818466305732727,-0.1679830551147461,8.850626575738081,-6.289436286086533
17.400000000000002,8.884702,-6.302807,2.7824647,0.48992023,-0.17123756,0.4813777804374695,-0.1576206535100937,8.811099513287012,-6.257761379407778
17.5,8.8439455,-6.270673,2.8294778,0.49223584,-0.1681144,0.4850756525993347,-0.1577906310558319,8.769780837482374,-6.22784934588132
17.6,8.80149,-6.240583,2.8729033,0.49465734,-0.16614096,0.4832664132118225,-0.14973610639572144,8.727163186389554,-6.200583816502591
17.7,8.757534,-6.212435,2.9128256,0.49709824,-0.16363662,0.4838208556175232,-0.14207883179187775,8.68326363162642,-6.175774156300629
17.8,8.712229,-6.186264,2.9493499,0.49948195,-0.15921943,0.4874761700630188,-0.14041098952293396,8.638096737603117,-6.152677959473687
17.900000000000002,8.665708,-6.162206,2.9825988,0.50174046,-0.15217184,0.4901009202003479,-0.1414192020893097,8.591943823425947,-6.130954894773631
18.0,8.618108,-6.140428,3.0127046,0.5038119,-0.14248209,0.4924454092979431,-0.12661275267601013,8.544735117425422,-6.112069165226057
18.1,8.56958,-6.1210575,3.0397942,0.505639,-0.13091795,0.49606412649154663,-0.12143528461456299,8.496619574971419,-6.094947365268998
18.2,8.520288,-6.104119,3.0639918,0.50716907,-0.11859634,0.4988941550254822,-0.1120920181274414,8.447749269549735,-6.079904319285681
18.3,8.470399,-6.089513,3.0853975,0.5083557,-0.10677156,0.5006105303764343,-0.09796944260597229,8.398317490797536,-6.067311130750739
18.400000000000002,8.420066,-6.077013,3.104108,0.5091617,-0.096567415,0.500959038734436,-0.08278371393680573,8.348567015915155,-6.057161191499371
18.5,8.369429,-6.066301,3.1202254,0.509563,-0.088621296,0.5011358857154846,-0.07179249823093414,8.298618255761921,-6.04891287368932
18.6,8.318603,-6.0570207,3.1338637,0.5095514,-0.08299179,0.5001828670501709,-0.06278066337108612,8.24864998549721,-6.042248409075325
18.7,8.267681,-6.048842,-3.138034,0.50913626,-0.07914225,0.5027320384979248,-0.06237164884805679,8.198354904752971,-6.036190182927878
18.8,8.216741,-6.0415134,-3.1289659,0.5083447,-0.076205745,0.5087894797325134,-0.06899209320545197,8.147392900081007,-6.029933944766797
18.900000000000002,8.165843,-6.0348773,-3.1219807,0.5072201,-0.07325554,0.5088412165641785,-0.06957118213176727,8.096382129729333,-6.0239760392030846
19.0,8.115044,-6.0288706,-3.116947,0.5058191,-0.069511026,0.5045101642608643,-0.060449570417404175,8.045797467564878,-6.0191761936045705
19.1,8.064384,-6.0235004,-3.1137426,0.5042085,-0.06452926,0.5044090151786804,-0.05582193285226822,7.995220682079159,-6.01500076575338
19.200000000000003,8.013903,-6.018804,-3.112258,0.5024617,-0.058284756,0.5035370588302612,-0.048598311841487885,7.944746098713133,-6.011619924242924
19.3,7.9636188,-6.0148067,-3.1123924,0.5006552,-0.05114404,0.5055321455001831,-0.04545675218105316,7.894081718923811,-6.008552142456032
19.400000000000002,7.9135427,-6.0114913,-3.1140487,0.49886575,-0.043725003,0.5039134621620178,-0.03851696103811264,7.84360340920802,-6.006089707767775
19.5,7.8636694,-6.0087786,-3.1171317,0.4971677,-0.036683943,0.5004038214683533,-0.02767375111579895,7.793510310983751,-6.004547073428967
19.6,7.8139834,-6.0065346,-3.121548,0.49563032,-0.030588169,0.4959319829940796,-0.014706447720527649,7.743897598709305,-6.00407073911043
19.700000000000003,7.76446,-6.004583,-3.1271994,0.49431553,-0.025813479,0.494365394115448,-0.010999619960784912,7.694450348507323,-6.00368241856668
19.8,7.71507,-6.0027328,-3.133988,0.49327546,-0.02228971,0.49392032623291016,-0.010638140141963959,7.645051654141017,-6.002994245753114
19.900000000000002,7.6657805,-6.000823,3.1413524,0.49255034,-0.019690417,0.49396711587905884,-0.010502353310585022,7.595655196285529,-6.001932143460335
20.0,7.616561,-5.998733,3.132525,0.49216667,-0.017592259,0.4931960701942444,-0.008793063461780548,7.546345590018601,-6.000605664662375
20.1,7.567378,-5.9963903,3.1227868,0.49213597,-0.015524358,0.4926788806915283,-0.004395931959152222,7.497094680228722,-5.999239677165489
20.200000000000003,7.5182004,-5.993771,3.1122072,0.49245435,-0.013070354,0.49543243646621704,-0.00865492969751358,7.447598254762368,-5.996918915402001
20.3,7.4689956,-5.9908857,3.100853,0.4931028,-0.0099959,0.495536208152771,-0.0069250017404556274,7.39811395531712,-5.994208749206295
20.400000000000002,7.419734,-5.98776,3.0887902,0.49404848,-0.006303869,0.49700742959976196,-0.008148424327373505,7.348525487323065,-5.990771939498671
20.5,7.370386,-5.9844103,3.076086,0.49524668,-0.0022055882,0.4995906949043274,-0.0078912153840065,7.298725225299736,-5.986714201266591
20.6,7.3209286,-5.980826,3.0628064,0.49664307,0.0019802216,0.499853253364563,-0.004246033728122711,7.248928374482302,-5.9823568298477445
20.700000000000003,7.271346,-5.9769673,3.0490105,0.49817657,0.005895142,0.49636685848236084,0.009391561150550842,7.1994174410499765,-5.97870305551635
20.8,7.2216325,-5.9727607,3.034753,0.49978197,0.00922946,0.498105525970459,0.01291465014219284,7.149753187016937,-5.974675537267137
20.900000000000002,7.1717925,-5.968112,3.0200844,0.5013926,0.011808847,0.5005404949188232,0.010760992765426636,7.099937755181726,-5.969676676270843
21.0,7.121843,-5.962921,3.0050514,0.5029429,0.013634187,0.5021185278892517,0.009361803531646729,7.050065808072041,-5.9637694361674445
21.1,7.0718083,-5.9571,2.989698,0.50437075,0.014857251,0.503052294254303,0.007363997399806976,7.000228359411592,-5.9568856070629925
21.200000000000003,7.0217195,-5.950584,2.9740672,0.5056194,0.01572691,0.5018288493156433,0.008046895265579224,6.950613838474366,-5.949311389119312
21.3,6.971611,-5.9433393,2.9582021,0.5066397,0.016519945,0.4998931884765625,-0.0016362369060516357,6.901492627940732,-5.940034242614319
21.400000000000002,6.921518,-5.9353623,2.942145,0.5073919,0.01746853,0.499117374420166,0.0003577917814254761,6.852563242733343,-5.9301804069216875
21.5,6.8714757,-5.9266715,2.9259365,0.5078473,0.018707553,0.49630099534988403,0.007799260318279266,6.803915870378273,-5.920321997951918
21.6,6.821519,-5.917297,2.909613,0.5079892,0.020251416,0.49469083547592163,0.015566758811473846,6.755414020821295,-5.910463800530999
21.700000000000003,6.7716823,-5.9072666,2.8932073,0.50781417,0.02200463,0.49471813440322876,0.022166721522808075,6.706915521250618,-5.900450334602668
21.8,6.722003,-5.8966002,2.8767486,0.50733197,0.023799513,0.4966087341308594,0.021543674170970917,6.658422232843887,-5.889530415801686
21.900000000000002,6.6725206,-5.885301,2.8602629,0.5065651,0.025448672,0.4991464614868164,0.015247926115989685,6.610046543046995,-5.877137291525245
22.0,6.6232753,-5.873358,2.8437753,0.50554806,0.026797574,0.4938510060310364,0.02740935981273651,6.562031128221211,-5.865266283533504
22.1,6.574308,-5.86075,2.8273103,0.50432533,0.02776313,0.49666714668273926,0.020782344043254852,6.5141547117438385,-5.8518890510295725
22.200000000000003,6.525656,-5.8474545,2.8108926,0.50294954,0.02835017,0.4936562180519104,0.02490094304084778,6.4666554067165345,-5.838214943827291
22.3,6.4773517,-5.833452,2.7945468,0.50147873,0.028643314,0.49485862255096436,0.02156320959329605,6.419386401989787,-5.823411516002874
22.400000000000002,6.4294167,-5.818736,2.7782977,0.49997386,0.028778775,0.4951702356338501,0.015844523906707764,6.372538259993046,-5.807296377051925
22.5,6.3818626,-5.8033113,2.7621675,0.49849623,0.02890527,0.49344509840011597,0.014433689415454865,6.3261686412802645,-5.79036054445699
22.6,6.334689,-5.787195,2.7461772,0.49710485,0.029145287,0.494468092918396,0.010140195488929749,6.280146723415055,-5.77224982219649
22.700000000000003,6.2878866,-5.7704124,2.7303457,0.4958542,0.029566262,0.49330705404281616,0.008798636496067047,6.234577332851656,-5.753336247721888
22.8,6.2414374,-5.7529883,2.714691,0.49479222,0.03016867,0.49297720193862915,0.008683644235134125,6.189344388429809,-5.733714830545381
22.900000000000002,6.1953206,-5.7349434,2.699229,0.49395853,0.030892141,0.4900974631309509,0.01732504367828369,6.144310559512537,-5.7143006332117725
23.0,6.1495156,-5.716289,2.6839762,0.49338323,0.031636525,0.4931882619857788,0.013084515929222107,6.099488152115057,-5.693684851434917
23.1,6.1040034,-5.6970253,2.6689477,0.49308568,0.03229093,0.4907950758934021,0.02332952618598938,6.054727303131531,-5.673418940860587
23.200000000000003,6.0587697,-5.6771417,2.6541576,0.49307394,0.032763265,0.49112677574157715,0.029745005071163177,6.009941289717919,-5.653044551194003
23.3,6.0138025,-5.6566215,2.6396196,0.49334458,0.03300053,0.49453437328338623,0.029336631298065186,5.965177129803794,-5.63182147813354
23.400000000000002,5.9690948,-5.635446,2.625345,0.4938828,0.032998964,0.4998907446861267,0.01872042566537857,5.920778676880508,-5.60877392972556
23.5,5.924639,-5.6135983,2.6113443,0.4946631,0.0328002,0.49889498949050903,0.02334386110305786,5.876559318389192,-5.585556268376583
23.6,5.8804297,-5.591069,2.5976267,0.49565035,0.03247522,0.4998992085456848,0.020514801144599915,5.832723088149536,-5.561440180881262
23.700000000000003,5.8364587,-5.567857,2.5842004,0.4968014,0.03210349,0.5022786855697632,0.01498723030090332,5.789305052469676,-5.5361427674126835
23.8,5.7927184,-5.543968,2.5710738,0.4980669,0.03175197,0.500126302242279,0.02025453746318817,5.74611949539095,-5.510837169126456
23.900000000000002,5.7492023,-5.519417,2.5582542,0.4993933,0.031459607,0.5018837451934814,0.018601402640342712,5.703206259462191,-5.484745269218267
24.0,5.705905,-5.494221,2.5457487,0.5007254,0.031230884,0.5034345984458923,0.01622127741575241,5.660627877752535,-5.457834738593238
24.1,5.662826,-5.4684024,2.533563,0.5020084,0.031038426,0.5036709904670715,0.01685749739408493,5.618324829245448,-5.430446082080518
24.200000000000003,5.6199713,-5.44198,2.5217023,0.5031904,0.030834258,0.5016384124755859,0.02322017401456833,5.5761453976895865,-5.403193590687119
24.3,5.5773506,-5.4149737,2.5101702,0.50422454,0.030566525,0.5011894106864929,0.02671913057565689,5.534112743194598,-5.375765442201761
24.400000000000002,5.5349817,-5.387402,2.4989696,0.50507057,0.030193042,0.5023823976516724,0.027449510991573334,5.492250659118996,-5.347855203792058
24.5,5.4928856,-5.3592844,2.488102,0.50569665,0.029691773,0.5023225545883179,0.030546091496944427,5.450510849422866,-5.319741178607649
24.6,5.4510856,-5.330641,2.4775686,0.50608027,0.029068075,0.5014994740486145,0.03491576761007309,5.408865004147813,-5.291583907711578
24.700000000000003,5.409605,-5.3014956,2.467371,0.50620914,0.028351905,0.5045872330665588,0.025361843407154083,5.367863684821404,-5.262064307405315
24.8,5.3684645,-5.271877,2.4575095,0.5060816,0.027586965,0.505212664604187,0.019339121878147125,5.327487603723992,-5.231635530625266
24.900000000000002,5.327681,-5.2418175,2.447985,0.50570625,0.026820669,0.5048811435699463,0.012157447636127472,5.287887798754171,-5.2002925382185525
25.0,5.2872663,-5.211352,2.4387972,0.5051018,0.026095165,0.5050516724586487,0.0014162659645080566,5.249258878795353,-5.167756427211844
25.1,5.247228,-5.180517,2.4299462,0.50429595,0.025431247,0.5014107823371887,0.0023876652121543884,5.2111317267860064,-5.135191031228565
25.200000000000003,5.2075686,-5.1493473,2.4214303,0.50332415,0.02483044,0.4990205764770508,0.0013031885027885437,5.173534468856298,-5.102378251147558
25.3,5.1682878,-5.1178746,2.4132488,0.5022284,0.02428012,0.49643945693969727,0.004573628306388855,5.136181857815919,-5.069674841947738
25.400000000000002,5.129382,-5.0861254,2.4053986,0.5010549,0.023755092,0.4946470260620117,0.008170023560523987,5.098978458771544,-5.037066079378228
25.5,5.090846,-5.0541205,2.3978772,0.49985272,0.023221146,0.4927098751068115,0.01331418752670288,5.061815665412706,-5.00468815980422
25.6,5.052672,-5.0218744,2.3906827,0.49867138,0.022651095,0.4952465295791626,0.008704178035259247,5.02501587154617,-4.9715336118637765
25.700000000000003,5.01485,-4.9893966,2.3838117,0.4975589,0.022034809,0.49584370851516724,0.00627579540014267,4.988568277568004,-4.937909564189195
25.8,4.977368,-4.9566917,2.3772612,0.4965599,0.02136858,0.49523115158081055,0.0057044848799705505,4.952425474943719,-4.904048640325544
25.900000000000002,4.940209,-4.9237623,2.3710277,0.49571374,0.020661991,0.49614226818084717,0.0028348714113235474,4.916628949704064,-4.8696937185750535
26.0,4.9033537,-4.8906083,2.3651078,0.49505302,0.019938977,0.49480241537094116,0.0040779560804367065,4.881044899557162,-4.835310060029607
26.1,4.8667793,-4.8572288,2.359497,0.49460238,0.019219963,0.49455904960632324,0.005981065332889557,4.845537465347616,-4.800879457613224
26.200000000000003,4.830461,-4.823623,2.3541908,0.49437743,0.018521955,0.4956853985786438,0.006222859025001526,4.810116610553831,-4.766198188474641
26.3,4.7943716,-4.789789,2.3491848,0.4943844,0.017858554,0.4958626627922058,0.006597869098186493,4.774830667157835,-4.731353743853802
26.400000000000002,4.7584844,-4.7557263,2.3444734,0.49462003,0.017227402,0.4967418313026428,0.006965935230255127,4.739621517377447,-4.696306269138247
26.5,4.722773,-4.7214317,2.3400514,0.49507168,0.016618453,0.4998166561126709,0.00025866180658340454,4.7048356745842685,-4.660415982046834
26.6,4.6872144,-4.6869035,2.335914,0.4957181,0.016017418,0.4999925494194031,-0.0011507347226142883,4.670288102903825,-4.624271770509745
26.700000000000003,4.6517878,-4.652139,2.332055,0.49653038,0.015408398,0.5020032525062561,-0.006598778069019318,4.6361359775882995,-4.58747312338215
26.8,4.616476,-4.617138,2.3284686,0.49747327,0.014783494,0.500758945941925,-0.005727343261241913,4.602138259580566,-4.550702504482223
26.900000000000002,4.581264,-4.5819006,2.3251472,0.4985066,0.014143107,0.49962949752807617,-0.002597704529762268,4.568112143690647,-4.514115795609524
27.0,4.546141,-4.5464296,2.322083,0.49958712,0.0134693775,0.5011407732963562,-0.0045834556221961975,4.534240259040896,-4.477179008289441
27.1,4.5111,-4.5107293,2.3192708,0.50067014,0.012763859,0.5020533800125122,-0.006847888231277466,4.500576196273354,-4.439926145613733
27.200000000000003,4.476135,-4.474809,2.3167052,0.50171155,0.01204996,0.4987102746963501,0.00182998925447464,4.4665973320813706,-4.403421493064961
27.3,4.4412417,-4.438681,2.3143795,0.50266945,0.011348374,0.5008558034896851,0.0005537047982215881,4.432652164692819,-4.366593595544925
27.400000000000002,4.406418,-4.4023633,2.3122866,0.50350595,0.01067488,0.5000218152999878,0.004429832100868225,4.398554622966514,-4.330018029382442
27.5,4.371662,-4.365875,2.3104193,0.50418854,0.010037962,0.5007293820381165,0.0037411749362945557,4.364528619994449,-4.293280171170418
27.6,4.336976,-4.329239,2.3087707,0.5046914,0.0094383545,0.5016071796417236,0.0001678764820098877,4.330768538624505,-4.256180914919097
27.700000000000003,4.302361,-4.2924795,2.307333,0.5049966,0.008870136,0.4987146258354187,0.009224474430084229,4.296585216599467,-4.2198557970963115
27.8,4.2678223,-4.2556205,2.306099,0.5050943,0.008323091,0.5007097721099854,0.006307251751422882,4.262529260382031,-4.183144866581994
27.900000000000002,4.233365,-4.2186856,2.3050606,0.50498325,0.007786217,0.4992004632949829,0.010851234197616577,4.228275259179593,-4.146815100273927
28.0,4.198997,-4.1816983,2.304211,0.50467086,0.007250706,0.5018680691719055,0.0026877596974372864,4.194480027145318,-4.109711594768183
28.1,4.164724,-4.1446795,2.3035417,0.50417256,0.006712022,0.5025065541267395,-0.004178151488304138,4.161177295985211,-4.07207874959034
28.200000000000003,4.1305523,-4.1076484,2.3030457,0.5035113,0.006170792,0.5001224279403687,-0.005555979907512665,4.128155086114587,-4.034514580843016
28.3,4.096485,-4.070622,2.3027158,0.5027161,0.0056321803,0.49805015325546265,-0.004005618393421173,4.095168432685196,-3.9971972832868654
28.400000000000002,4.0625243,-4.033615,2.3025446,0.5018214,0.0051058293,0.49189966917037964,0.013272687792778015,4.061313606864119,-3.961486427005669
28.5,4.0286684,-3.996641,2.3025246,0.5008649,0.004597823,0.4920318126678467,0.017837226390838623,4.027111055826966,-3.9260700435683926
28.6,3.994913,-3.959708,2.302649,0.49988657,0.0041137664,0.4943879246711731,0.01756664365530014,3.9927667800285307,-3.890464555365296
28.700000000000003,3.9612508,-3.922823,2.302911,0.49892658,0.0036573021,0.49357742071151733,0.02068217098712921,3.9582356323973578,-3.8551366051331657
28.8,3.9276717,-3.885989,2.3033035,0.49802387,0.0032278185,0.49554795026779175,0.019571959972381592,3.923641391266781,-3.819601456239187
28.900000000000002,3.894164,-3.8492057,2.3038201,0.49721453,0.0028218243,0.4989814758300781,0.010890886187553406,3.8894441893181395,-3.7832481534302405
29.0,3.8607144,-3.8124707,2.304454,0.4965303,0.0024335599,0.4966743588447571,0.014868006110191345,3.855083037627605,-3.747354198258157
29.1,3.827308,-3.7757776,2.305199,0.49599746,0.0020571575,0.49767374992370605,0.01163017749786377,3.820868509124392,-3.7111946868784336
29.200000000000003,3.7939293,-3.7391188,2.3060482,0.4956357,0.0016866783,0.4968098998069763,0.014278970658779144,3.7864847785370106,-3.6753059877325005
29.3,3.7605627,-3.7024846,2.3069954,0.4954575,0.0013200549,0.49748533964157104,0.01235567033290863,3.752164235682406,-3.6392706773322567
29.400000000000002,3.7271917,-3.6658647,2.3080347,0.49546766,0.0009596045,0.49742621183395386,0.014055915176868439,3.717684362048283,-3.6033897302449196
29.5,3.6938002,-3.6292489,2.3091593,0.49566323,0.00060260604,0.5002592206001282,0.00856473296880722,3.6833795863020034,-3.566968461932844
29.6,3.6603732,-3.592627,2.3103645,0.49603373,0.00025157732,0.5026856660842896,0.0020586028695106506,3.6493480521178996,-3.5299708154076934
29.700000000000003,3.626896,-3.5559905,2.3116446,0.4965617,-8.5372296e-05,0.5043869614601135,-0.00481068342924118,3.61566124558273,-3.492427606153259
29.8,3.5933547,-3.5193324,2.3129945,0.49722347,-0.0004022091,0.5011647939682007,0.00012375414371490479,3.5817779181360407,-3.4555008979135144
29.900000000000002,3.5597374,-3.482648,2.314409,0.4979902,-0.0006955333,0.5007598996162415,0.0012175440788269043,3.54778929379841,-3.4187260014431238
30.0,3.526034,-3.4459343,2.3158832,0.4988292,-0.00096474885,0.501333475112915,7.638335227966309e-05,3.513791483151841,-3.3818817147452904
30.1,3.4922366,-3.4091911,2.3174121,0.49970523,-0.0012119615,0.5008038878440857,0.0030990764498710632,3.479551482435053,-3.3453336130919857
30.200000000000003,3.4583402,-3.3724203,2.318991,0.50058204,-0.0014411682,0.5012039542198181,0.005684837698936462,3.4450370896322875,-3.308986207400398
30.3,3.4243424,-3.3356261,2.320615,0.50142384,-0.0016495897,0.5049738883972168,-0.006270475685596466,3.41108169164929,-3.2716042543200743
30.400000000000002,3.3902438,-3.2988145,2.3222787,0.50219667,-0.0018507361,0.5011170506477356,0.0022665709257125854,3.3767036810863855,-3.2351434980515426
30.5,3.3560479,-3.2619934,2.3239787,0.50286996,-0.0020481043,0.504420816898346,-0.005811162292957306,3.3426270575804655,-3.197947731737193
30.6,3.3217604,-3.225173,2.3257096,0.50341755,-0.0022300899,0.5062316060066223,-0.015768632292747498,3.3090872558091613,-3.159996808375753
30.700000000000003,3.2873888,-3.1883647,2.3274667,0.5038187,-0.0024141339,0.5005062818527222,-0.005445465445518494,3.2751232423771612,-3.123229870724237
30.8,3.252943,-3.1515803,2.3292484,0.50405896,-0.0026035944,0.5016695261001587,-0.008867919445037842,3.2412622038354932,-3.086203669150107
30.900000000000002,3.2184334,-3.114833,2.3310523,0.5041307,-0.0027832233,0.5001805424690247,-0.00768386572599411,3.207351233087901,-3.049428103464084
31.0,3.1838703,-3.0781374,2.3328753,0.50403327,-0.0029436103,0.5009047985076904,-0.012155286967754364,3.173646737791267,-3.0123533050358775
31.1,3.149263,-3.0415075,2.3347142,0.50377285,-0.003080435,0.5008963942527771,-0.017096146941184998,3.1402314982054724,-2.97499936918461
31.200000000000003,3.1146204,-3.0049574,2.3365655,0.50336224,-0.003194075,0.49625515937805176,-0.007783941924571991,3.106397572139199,-2.938687343951168
31.3,3.079951,-2.9684992,2.3384264,0.50282013,-0.0032866688,0.49734121561050415,-0.009365372359752655,3.072534507167952,-2.9022503739866274
31.400000000000002,3.0452619,-2.9321434,2.3402925,0.5021705,-0.0033619388,0.4991552233695984,-0.01667771488428116,3.0390025095453868,-2.8652375928516003
31.5,3.0105586,-2.8958976,2.3421607,0.50144124,-0.003433096,0.49826914072036743,-0.019046030938625336,3.0056329903364736,-2.8281859523123036
31.6,2.9758465,-2.8597662,2.344028,0.5006631,-0.0035118775,0.49500346183776855,-0.01419016718864441,2.972074921498776,-2.7917695563257907
31.700000000000003,2.9411283,-2.8237507,2.3458927,0.4998686,-0.0035985739,0.49546128511428833,-0.016483083367347717,2.938580763933395,-2.755222638811048
31.8,2.906405,-2.7878501,2.347752,0.49909025,-0.0036885203,0.4947469234466553,-0.016255207359790802,2.9050525440291617,-2.7188049786677086
31.900000000000002,2.8716745,-2.752062,2.349604,0.49835965,-0.003772325,0.4948244094848633,-0.01673717051744461,2.8714858044786316,-2.6824100987127397
32.0,2.8369324,-2.7163815,2.351445,0.4977059,-0.003849498,0.49202102422714233,-0.008828878402709961,2.8374875516176594,-2.6468327860520686
32.1,2.8021722,-2.6808023,2.3532734,0.4971547,-0.0039189584,0.49341368675231934,-0.010093428194522858,2.8034157948782856,-2.6111297773782147
32.2,2.767386,-2.6453164,2.3550873,0.49672717,-0.003973518,0.4953857660293579,-0.012354657053947449,2.769300110329851,-2.575189312507183
32.300000000000004,2.732564,-2.609915,2.3568842,0.496439,-0.0040134573,0.49721604585647583,-0.015297099947929382,2.7351983062965988,-2.538972673556042
32.4,2.6976957,-2.574588,2.3586628,0.4963002,-0.0040410436,0.4940088987350464,-0.0073911696672439575,2.700701827759925,-2.5036033763796284
32.5,2.6627707,-2.5393252,2.360421,0.49631435,-0.0040578106,0.49379807710647583,-0.002636842429637909,2.6658234322195105,-2.4686472257985517
32.6,2.6277785,-2.5041163,2.3621573,0.49647883,-0.004066756,0.4970805048942566,-0.007100537419319153,2.630964652026233,-2.4332034688981823
32.7,2.592709,-2.4689505,2.3638701,0.49678493,-0.00407108,0.4959110617637634,-0.0032250583171844482,2.595856613067061,-2.39817765809744
32.800000000000004,2.557554,-2.4338183,2.3655584,0.49721825,-0.0040732534,0.5011914372444153,-0.0125199556350708,2.560963698694019,-2.362177927721813
32.9,2.5223055,-2.3987112,2.3672202,0.49775937,-0.0040742494,0.5025483965873718,-0.018863238394260406,2.526357570624421,-2.325687887617928
33.0,2.4869578,-2.3636217,2.3688548,0.4983848,-0.0040737917,0.5027605891227722,-0.02230072021484375,2.491916619229796,-2.288993525816626
33.1,2.4515064,-2.3285441,2.370461,0.49906787,-0.004070342,0.5023494362831116,-0.024397537112236023,2.4575923946161695,-2.2522328190200427
33.2,2.415949,-2.2934752,2.372038,0.49977988,-0.0040615518,0.5007984638214111,-0.018968507647514343,2.42294387845178,-2.2160241269131933
33.300000000000004,2.380285,-2.2584133,2.3735847,0.50049144,-0.004045209,0.49873948097229004,-0.015180021524429321,2.388124308272029,-2.1802846170979016
33.4,2.3445156,-2.223359,2.3751009,0.5011735,-0.0040198616,0.49924713373184204,-0.014856390655040741,2.353191577201326,-2.1445860396924994
33.5,2.3086443,-2.1883154,2.3765855,0.50179857,-0.0039830864,0.4995731711387634,-0.016769632697105408,2.3183148658586497,-2.108778767457044
33.6,2.272676,-2.1532867,2.3780382,0.502342,-0.0039385636,0.5004323720932007,-0.017532318830490112,2.2833768467308775,-2.0729076895271654
33.7,2.2366183,-2.1182785,2.3794587,0.5027826,-0.0038896978,0.5013613700866699,-0.020358748733997345,2.248515863252027,-2.0368176791151513
33.800000000000004,2.20048,-2.083298,2.3808467,0.5031038,-0.0038375892,0.5002208948135376,-0.01896849274635315,2.2135915720747676,-2.0009554237619636
33.9,2.1642709,-2.0483527,2.3822021,0.5032941,-0.0037837503,0.5000410079956055,-0.01838281750679016,2.178591428800435,-1.965195399330433
34.0,2.1280022,-2.0134513,2.3835251,0.50334746,-0.0037293169,0.49873751401901245,-0.017272353172302246,2.1435623149230363,-1.9296519667203997
34.1,2.091685,-1.978602,2.3848155,0.50326353,-0.0036746035,0.49649709463119507,-0.011975124478340149,2.10828655990257,-1.8946927219692478
34.2,2.0553308,-1.9438133,2.3860729,0.5030476,-0.0036200648,0.494947612285614,-0.005761399865150452,2.07265360886023,-1.860336410665929
34.300000000000004,2.0189497,-1.9090928,2.3872974,0.5027102,-0.0035657077,0.4941939115524292,-0.00031270831823349,2.0366604279777913,-1.826472445600038
34.4,1.9825518,-1.8744472,2.3884895,0.50226676,-0.0035106847,0.4957367777824402,-0.0005413219332695007,2.000529975801999,-1.7925292152834005
34.5,1.9461454,-1.8398823,2.3896487,0.5017368,-0.003454112,0.496593713760376,-0.0019143447279930115,1.96439139951219,-1.7584690755836538
34.6,1.9097371,-1.8054019,2.3907754,0.5011431,-0.0033954007,0.49665141105651855,-0.001154102385044098,1.9281583834196585,-1.7245013246218104
34.7,1.8733319,-1.7710087,2.3918695,0.5005107,-0.0033343544,0.49703383445739746,-0.0028430819511413574,1.8919753292671568,-1.6904235642889898
34.800000000000004,1.8369325,-1.7367032,2.3929317,0.49986592,-0.0032712603,0.4973585605621338,-0.006552465260028839,1.8559847924954687,-1.6560904026440149
34.9,1.80054,-1.7024841,2.3939614,0.4992353,-0.0032067758,0.4958837032318115,-0.0039642006158828735,1.819891095378144,-1.62208439363712
35.0,1.7641534,-1.6683484,2.3949594,0.49864435,-0.0031417098,0.4940629005432129,0.0003918111324310303,1.7836012728887989,-1.5885578099193718
35.1,1.72777,-1.6342912,2.3959255,0.49811664,-0.003076815,0.4939728379249573,0.003850005567073822,1.7470510691896308,-1.5553264620524203
35.2,1.6913854,-1.600306,2.3968601,0.49767292,-0.0030126441,0.4938439130783081,0.0072971731424331665,1.7102456623996969,-1.5223914863695518
35.300000000000004,1.654994,-1.5663855,2.3977635,0.4973301,-0.002949379,0.4936392903327942,0.012007705867290497,1.67310662083119,-1.4898502674160872
35.4,1.6185889,-1.5325211,2.3986359,0.49710086,-0.0028867526,0.49423980712890625,0.01654534786939621,1.635588021773394,-1.4576350213420661
35.5,1.5821629,-1.4987036,2.3994775,0.49699304,-0.0028244453,0.4972573518753052,0.012328319251537323,1.5981049249678743,-1.4249366105494279
35.6,1.5457077,-1.4649236,2.4002888,0.4970094,-0.0027619642,0.5003462433815002,0.004923731088638306,1.5608674728033978,-1.3915138904291795
35.7,1.5092156,-1.431172,2.4010704,0.49714762,-0.0026986739,0.4999542236328125,0.004567891359329224,1.5236568541315572,-1.3581204663511302
35.800000000000004,1.4726789,-1.39744,2.4018226,0.4974004,-0.0026340568,0.4993380904197693,0.006478816270828247,1.486337817243415,-1.3249377220133751
35.9,1.4360904,-1.3637191,2.4025457,0.49775594,-0.0025680452,0.5035750269889832,-0.00548853725194931,1.449487739881426,-1.2906120593555814
36.0,1.3994441,-1.3300023,2.4032402,0.49819836,-0.0025008474,0.5015643239021301,-0.0050049275159835815,1.4127299887151914,-1.2564830990387248
36.1,1.3627353,-1.2962836,2.4039068,0.4987084,-0.0024328344,0.5019232034683228,-0.008114553987979889,1.3761320830462573,-1.2221243915206723
36.2,1.3259605,-1.2625583,2.404546,0.49926433,-0.0023645351,0.4978950023651123,0.002160996198654175,1.3391198697920028,-1.1888206814740596
36.300000000000004,1.2891182,-1.2288231,2.4051588,0.4998429,-0.0022964946,0.49957311153411865,0.0007551535964012146,1.30205735474405,-1.1553227917111415
36.4,1.2522082,-1.1950761,2.405745,0.50042015,-0.002228826,0.5004040002822876,-0.0010978877544403076,1.2650379956297855,-1.1216535069054097
36.5,1.2152325,-1.1613173,2.4063058,0.50097257,-0.00216226,0.5009753704071045,-0.002190537750720978,1.228030681886368,-1.0878856237677597
36.6,1.1781944,-1.1275482,2.4068418,0.50147796,-0.0020960819,0.5008298754692078,-0.0026205629110336304,1.1910448997363665,-1.0541154263464037
36.7,1.141099,-1.0937715,2.4073532,0.5019163,-0.0020301023,0.5011814832687378,-0.006039783358573914,1.1542448463709802,-1.0200867670450233
36.800000000000004,1.1039525,-1.0599912,2.407841,0.5022706,-0.0019666688,0.5020121335983276,-0.011726602911949158,1.1177473322696179,-0.9855980961605307
36.9,1.0667628,-1.0262126,2.408306,0.5025275,-0.0019058284,0.5023265480995178,-0.016051925718784332,1.0814999278975672,-0.9507839908476315
37.0,1.0295383,-0.99244136,2.4087489,0.5026778,-0.0018459826,0.49713224172592163,-0.005338795483112335,1.0449064913819195,-0.9171297178799717
37.1,0.9922878,-0.9586841,2.4091706,0.5027169,-0.0017862318,0.49725550413131714,-0.004006661474704742,1.008200622610268,-0.8835816911873488
37.2,0.9550206,-0.9249476,2.409572,0.5026446,-0.00172626,0.4968681335449219,-0.0030150562524795532,0.9714438326436795,-0.8501480446868801
37.300000000000004,0.91774553,-0.8912386,2.4099534,0.50246537,-0.0016661396,0.49601316452026367,0.00020926445722579956,0.9345224942410151,-0.8170254571936584
37.4,0.880471,-0.8575632,2.4103158,0.50218797,-0.0016064974,0.4985393285751343,-0.006503395736217499,0.8978494120254329,-0.7832479113424331
37.5,0.84320474,-0.823927,2.4106596,0.501825,-0.0015481141,0.49628937244415283,-0.0011979341506958008,0.8609780662940005,-0.7500281939079697
37.6,0.80595326,-0.79033434,2.4109857,0.5013924,-0.0014916228,0.49551987648010254,0.0021686851978302,0.8239285355608621,-0.717122589760991
37.7,0.76872194,-0.75678855,2.4112947,0.5009088,-0.0014374736,0.497361958026886,-0.0014348924160003662,0.7869720001320835,-0.6838370936525165
37.800000000000004,0.7315146,-0.7232915,2.4115868,0.50039464,-0.0013850951,0.4961647391319275,0.0006075501441955566,0.7499587528536144,-0.6507944287985249
37.9,0.6943332,-0.6898437,2.411863,0.49987122,-0.0013353081,0.49651485681533813,0.00123625248670578,0.7128683666377796,-0.6177855123675682
38.0,0.6571784,-0.6564442,2.4121237,0.4993601,-0.0012881361,0.49981755018234253,-0.008041366934776306,0.6761414837187405,-0.5838744737285678
38.1,0.6200491,-0.6230906,2.4123695,0.498882,-0.0012427914,0.4996796250343323,-0.012771688401699066,0.63973172807487,-0.5496289173607053
38.2,0.58294266,-0.5897794,2.412601,0.49845588,-0.0011985725,0.49757540225982666,-0.011615023016929626,0.6033939405656239,-0.5156182264551974
38.300000000000004,0.5458549,-0.5565058,2.412819,0.49809852,-0.0011547916,0.49469566345214844,-0.0051311105489730835,0.5668317689620062,-0.48229092706016863
38.400000000000006,0.5087807,-0.5232642,2.4130235,0.49782357,-0.0011111109,0.4941859841346741,-0.0027289092540740967,0.5301408699563179,-0.44918427714262005
38.5,0.47171387,-0.49004835,2.4132156,0.49764112,-0.0010675451,0.4985855221748352,-0.012217290699481964,0.4937468946090915,-0.4150837432821456
38.6,0.4346477,-0.45685127,2.4133956,0.49755743,-0.0010244185,0.49983930587768555,-0.01961579918861389,0.45774559144355254,-0.3803541120839325
38.7,0.39757526,-0.4236659,2.413564,0.49757454,-0.0009822145,0.4953054189682007,-0.008591853082180023,0.421343359315836,-0.346755149657894
38.800000000000004,0.36048958,-0.39048517,2.413721,0.49769044,-0.0009407471,0.49545878171920776,-0.006602279841899872,0.38479203595806466,-0.31330024410409574
38.900000000000006,0.32338396,-0.35730228,2.4138675,0.49789906,-0.00090127386,0.49707162380218506,-0.008626461029052734,0.3482500293610902,-0.27959226427648015
