FRQ, BETA, SPEED, GROUP, Mode, Mod(F), Pha(F), Re(F), Im(F) 
-3.000000e-02, 0.000000, 0.000000, 0, 1, 0.000000e+00, 0.000000, 0.000000e+00, 0.000000e+00 
-3.000000e-02, 0.000000, 0.000000, 0, 2, 0.000000e+00, 0.000000, 0.000000e+00, 0.000000e+00 
-3.000000e-02, 0.000000, 0.000000, 0, 3, 0.000000e+00, 0.000000, 0.000000e+00, 0.000000e+00 
-3.000000e-02, 0.000000, 0.000000, 0, 4, 0.000000e+00, 0.000000, 0.000000e+00, 0.000000e+00 
-3.000000e-02, 0.000000, 0.000000, 0, 5, 0.000000e+00, 0.000000, 0.000000e+00, 0.000000e+00 
-3.000000e-02, 0.000000, 0.000000, 0, 6, 0.000000e+00, 0.000000, 0.000000e+00, 0.000000e+00 
0.000000e+00, 0.000000, 0.000000, 0, 1, 0.000000e+00, 0.000000, 0.000000e+00, 0.000000e+00 
0.000000e+00, 0.000000, 0.000000, 0, 2, 0.000000e+00, 0.000000, 0.000000e+00, 0.000000e+00 
0.000000e+00, 0.000000, 0.000000, 0, 3, 0.000000e+00, 0.000000, 0.000000e+00, 0.000000e+00 
0.000000e+00, 0.000000, 0.000000, 0, 4, 0.000000e+00, 0.000000, 0.000000e+00, 0.000000e+00 
0.000000e+00, 0.000000, 0.000000, 0, 5, 0.000000e+00, 0.000000, 0.000000e+00, 0.000000e+00 
0.000000e+00, 0.000000, 0.000000, 0, 6, 0.000000e+00, 0.000000, 0.000000e+00, 0.000000e+00 
3.000000e-02, 0.000000, 0.000000, 0, 1, 3.348840e+01, 121.513461, -1.750435e+01, 2.854945e+01 
3.000000e-02, 0.000000, 0.000000, 0, 2, 2.500908e-04, -113.388902, -9.927858e-05, -2.295412e-04 
3.000000e-02, 0.000000, 0.000000, 0, 3, 1.667615e+04, -0.001741, 1.667615e+04, -5.065993e-01 
3.000000e-02, 0.000000, 0.000000, 0, 4, 7.572066e-01, 0.266962, 7.571983e-01, 3.528090e-03 
3.000000e-02, 0.000000, 0.000000, 0, 5, 1.200325e+04, 116.154133, -5.290882e+03, 1.077426e+04 
3.000000e-02, 0.000000, 0.000000, 0, 6, 2.741490e+00, 1.261351, 2.740825e+00, 6.034829e-02 
6.000000e-02, 0.000000, 0.000000, 0, 1, 1.151004e+02, 98.483228, -1.697960e+01, 1.138411e+02 
6.000000e-02, 0.000000, 0.000000, 0, 2, 9.925779e-04, -111.474966, -3.633775e-04, -9.236708e-04 
6.000000e-02, 0.000000, 0.000000, 0, 3, 1.658334e+04, -0.005788, 1.658334e+04, -1.675158e+00 
6.000000e-02, 0.000000, 0.000000, 0, 4, 7.577537e-01, 1.073388, 7.576207e-01, 1.419505e-02 
6.000000e-02, 0.000000, 0.000000, 0, 5, 4.311239e+04, 95.788868, -4.348446e+03, 4.289253e+04 
6.000000e-02, 0.000000, 0.000000, 0, 6, 2.760067e+00, 5.054786, 2.749333e+00, 2.431847e-01 
9.000000e-02, 0.000000, 0.000000, 0, 1, 2.549772e+02, 93.348343, -1.489229e+01, 2.545419e+02 
9.000000e-02, 0.000000, 0.000000, 0, 2, 2.202367e-03, -108.219940, -6.886042e-04, -2.091947e-03 
9.000000e-02, 0.000000, 0.000000, 0, 3, 1.640980e+04, -0.008641, 1.640980e+04, -2.474955e+00 
9.000000e-02, 0.000000, 0.000000, 0, 4, 7.555384e-01, 2.440999, 7.548529e-01, 3.217882e-02 
9.000000e-02, 0.000000, 0.000000, 0, 5, 9.571671e+04, 91.704322, -2.846772e+03, 9.567437e+04 
9.000000e-02, 0.000000, 0.000000, 0, 6, 2.793269e+00, 11.411919, 2.738046e+00, 5.526798e-01 
1.200000e-01, 0.000000, 0.000000, 0, 1, 4.476718e+02, 91.215119, -9.493436e+00, 4.475711e+02 
1.200000e-01, 0.000000, 0.000000, 0, 2, 3.833082e-03, -103.510211, -8.954795e-04, -3.727014e-03 
1.200000e-01, 0.000000, 0.000000, 0, 3, 1.612833e+04, -0.004537, 1.612833e+04, -1.277231e+00 
1.200000e-01, 0.000000, 0.000000, 0, 4, 7.459147e-01, 4.424181, 7.436921e-01, 5.753973e-02 
1.200000e-01, 0.000000, 0.000000, 0, 5, 1.677709e+05, 90.312177, -9.140996e+02, 1.677684e+05 
1.200000e-01, 0.000000, 0.000000, 0, 6, 2.847095e+00, 20.384752, 2.668795e+00, 9.917076e-01 
1.500000e-01, 0.000000, 0.000000, 0, 1, 6.868811e+02, 89.876540, 1.480080e+00, 6.868795e+02 
1.500000e-01, 0.000000, 0.000000, 0, 2, 5.815145e-03, -97.157237, -7.245248e-04, -5.769834e-03 
1.500000e-01, 0.000000, 0.000000, 0, 3, 1.570331e+04, 0.014486, 1.570331e+04, 3.970174e+00 
1.500000e-01, 0.000000, 0.000000, 0, 4, 7.225846e-01, 7.143898, 7.169752e-01, 8.986187e-02 
1.500000e-01, 0.000000, 0.000000, 0, 5, 2.568532e+05, 89.726543, 1.225885e+03, 2.568502e+05 
1.500000e-01, 0.000000, 0.000000, 0, 6, 2.935355e+00, 32.002141, 2.489264e+00, 1.555594e+00 
1.800000e-01, 0.000000, 0.000000, 0, 1, 9.621348e+02, 88.777805, 2.052206e+01, 9.619159e+02 
1.800000e-01, 0.000000, 0.000000, 0, 2, 8.064664e-03, -88.878736, 1.578133e-04, -8.063119e-03 
1.800000e-01, 0.000000, 0.000000, 0, 3, 1.509374e+04, 0.058560, 1.509374e+04, 1.542684e+01 
1.800000e-01, 0.000000, 0.000000, 0, 4, 6.780982e-01, 10.859854, 6.659541e-01, 1.277587e-01 
1.800000e-01, 0.000000, 0.000000, 0, 5, 3.592666e+05, 89.485950, 3.223248e+03, 3.592522e+05 
1.800000e-01, 0.000000, 0.000000, 0, 6, 3.083552e+00, 46.140603, 2.136565e+00, 2.223371e+00 
2.100000e-01, 0.000000, 0.000000, 0, 1, 1.257020e+03, 87.726011, 4.987626e+01, 1.256030e+03 
2.100000e-01, 0.000000, 0.000000, 0, 2, 1.051729e-02, -78.308469, 2.131251e-03, -1.029909e-02 
2.100000e-01, 0.000000, 0.000000, 0, 3, 1.425786e+04, 0.140079, 1.425782e+04, 3.485825e+01 
2.100000e-01, 0.000000, 0.000000, 0, 4, 6.050039e-01, 16.150345, 5.811275e-01, 1.682872e-01 
2.100000e-01, 0.000000, 0.000000, 0, 5, 4.696160e+05, 89.440719, 4.583989e+03, 4.695936e+05 
2.100000e-01, 0.000000, 0.000000, 0, 6, 3.327684e+00, 62.333414, 1.545129e+00, 2.947211e+00 
2.400000e-01, 0.000000, 0.000000, 0, 1, 1.547891e+03, 86.636312, 9.082053e+01, 1.545224e+03 
2.400000e-01, 0.000000, 0.000000, 0, 2, 1.320162e-02, -65.101350, 5.558073e-03, -1.197458e-02 
2.400000e-01, 0.000000, 0.000000, 0, 3, 1.315965e+04, 0.274021, 1.315950e+04, 6.293661e+01 
2.400000e-01, 0.000000, 0.000000, 0, 4, 4.984661e-01, 24.458020, 4.537362e-01, 2.063781e-01 
2.400000e-01, 0.000000, 0.000000, 0, 5, 5.805302e+05, 89.537673, 4.684324e+03, 5.805113e+05 
2.400000e-01, 0.000000, 0.000000, 0, 6, 3.701274e+00, 79.716345, 6.607571e-01, 3.641817e+00 
2.700000e-01, 0.000000, 0.000000, 0, 1, 1.803503e+03, 85.460651, 1.427359e+02, 1.797845e+03 
2.700000e-01, 0.000000, 0.000000, 0, 2, 1.634186e-02, -49.227841, 1.067210e-02, -1.237590e-02 
2.700000e-01, 0.000000, 0.000000, 0, 3, 1.177710e+04, 0.478734, 1.177669e+04, 9.840214e+01 
2.700000e-01, 0.000000, 0.000000, 0, 4, 3.637389e-01, 40.138486, 2.780742e-01, 2.344797e-01 
2.700000e-01, 0.000000, 0.000000, 0, 5, 6.826311e+05, 89.761663, 2.839580e+03, 6.826252e+05 
2.700000e-01, 0.000000, 0.000000, 0, 6, 4.211676e+00, 97.339887, -5.380631e-01, 4.177165e+00 
3.000000e-01, 0.000000, 0.000000, 0, 1, 1.986247e+03, 84.160507, 2.020849e+02, 1.975940e+03 
3.000000e-01, 0.000000, 0.000000, 0, 2, 2.040236e-02, -31.384076, 1.741741e-02, -1.062499e-02 
3.000000e-01, 0.000000, 0.000000, 0, 3, 1.011176e+04, 0.777744, 1.011082e+04, 1.372547e+02 
3.000000e-01, 0.000000, 0.000000, 0, 4, 2.487768e-01, 77.321678, 5.460081e-02, 2.427110e-01 
3.000000e-01, 0.000000, 0.000000, 0, 5, 7.648994e+05, 90.116294, -1.552521e+03, 7.648979e+05 
3.000000e-01, 0.000000, 0.000000, 0, 6, 4.820132e+00, 114.678044, -2.012496e+00, 4.379901e+00 
3.300000e-01, 0.000000, 0.000000, 0, 1, 2.055728e+03, 82.689952, 2.615679e+02, 2.039019e+03 
3.300000e-01, 0.000000, 0.000000, 0, 2, 2.591592e-02, -12.984767, 2.525324e-02, -5.823099e-03 
3.300000e-01, 0.000000, 0.000000, 0, 3, 8.198198e+03, 1.204146, 8.196388e+03, 1.722833e+02 
3.300000e-01, 0.000000, 0.000000, 0, 4, 3.016463e-01, 133.197871, -2.064829e-01, 2.198983e-01 
3.300000e-01, 0.000000, 0.000000, 0, 5, 8.155854e+05, 90.617403, -8.788347e+03, 8.155380e+05 
3.300000e-01, 0.000000, 0.000000, 0, 6, 5.441336e+00, 131.898318, -3.633782e+00, 4.050156e+00 
3.600000e-01, 0.000000, 0.000000, 0, 1, 1.975147e+03, 80.973453, 3.098848e+02, 1.950686e+03 
3.600000e-01, 0.000000, 0.000000, 0, 2, 3.308115e-02, 4.647433, 3.297238e-02, 2.680370e-03 
3.600000e-01, 0.000000, 0.000000, 0, 3, 6.111359e+03, 1.813122, 6.108299e+03, 1.933614e+02 
3.600000e-01, 0.000000, 0.000000, 0, 4, 5.065656e-01, 162.082868, -4.819984e-01, 1.558404e-01 
3.600000e-01, 0.000000, 0.000000, 0, 5, 8.237503e+05, 91.292321, -1.857833e+04, 8.235408e+05 
3.600000e-01, 0.000000, 0.000000, 0, 6, 5.969944e+00, 149.828854, -5.161183e+00, 3.000402e+00 
3.900000e-01, 0.000000, 0.000000, 0, 1, 1.720416e+03, 78.852105, 3.326291e+02, 1.687954e+03 
3.900000e-01, 0.000000, 0.000000, 0, 2, 4.139241e-02, 21.093366, 3.861892e-02, 1.489666e-02 
3.900000e-01, 0.000000, 0.000000, 0, 3, 3.968742e+03, 2.728965, 3.964241e+03, 1.889574e+02 
3.900000e-01, 0.000000, 0.000000, 0, 4, 7.356402e-01, 176.497141, -7.342658e-01, 4.494640e-02 
3.900000e-01, 0.000000, 0.000000, 0, 5, 7.813895e+05, 92.184128, -2.977953e+04, 7.808218e+05 
3.900000e-01, 0.000000, 0.000000, 0, 6, 6.341828e+00, 169.832185, -6.242229e+00, 1.119535e+00 
4.200000e-01, 0.000000, 0.000000, 0, 1, 1.290938e+03, 75.886544, 3.147860e+02, 1.251971e+03 
4.200000e-01, 0.000000, 0.000000, 0, 2, 4.954812e-02, 36.895776, 3.962507e-02, 2.974677e-02 
4.200000e-01, 0.000000, 0.000000, 0, 3, 1.924544e+03, 4.444101, 1.918757e+03, 1.491260e+02 
4.200000e-01, 0.000000, 0.000000, 0, 4, 9.196096e-01, -173.187179, -9.131162e-01, -1.090898e-01 
4.200000e-01, 0.000000, 0.000000, 0, 5, 6.858750e+05, 93.365281, -4.026187e+04, 6.846923e+05 
4.200000e-01, 0.000000, 0.000000, 0, 6, 6.635147e+00, -166.552387, -6.453231e+00, -1.543045e+00 
4.500000e-01, 0.000000, 0.000000, 0, 1, 7.203728e+02, 70.118989, 2.449757e+02, 6.774392e+02 
4.500000e-01, 0.000000, 0.000000, 0, 2, 5.573432e-02, 53.322301, 3.329083e-02, 4.469938e-02 
4.500000e-01, 0.000000, 0.000000, 0, 3, 1.623136e+02, 25.454937, 1.465567e+02, 6.976254e+01 
4.500000e-01, 0.000000, 0.000000, 0, 4, 1.005614e+00, -163.317897, -9.632897e-01, -2.886728e-01 
4.500000e-01, 0.000000, 0.000000, 0, 5, 5.421994e+05, 94.979729, -4.706470e+04, 5.401529e+05 
4.500000e-01, 0.000000, 0.000000, 0, 6, 7.150190e+00, -138.984942, -5.395084e+00, -4.692365e+00 
4.800000e-01, 0.000000, 0.000000, 0, 1, 1.263692e+02, 16.914058, 1.209027e+02, 3.676547e+01 
4.800000e-01, 0.000000, 0.000000, 0, 2, 5.846928e-02, 72.407111, 1.767243e-02, 5.573457e-02 
4.800000e-01, 0.000000, 0.000000, 0, 3, 1.186253e+03, -177.928659, -1.185478e+03, -4.287577e+01 
4.800000e-01, 0.000000, 0.000000, 0, 4, 9.560261e-01, -151.255879, -8.382209e-01, -4.597518e-01 
4.800000e-01, 0.000000, 0.000000, 0, 5, 3.642792e+05, 97.410443, -4.698340e+04, 3.612366e+05 
4.800000e-01, 0.000000, 0.000000, 0, 6, 8.244473e+00, -110.191760, -2.845689e+00, -7.737790e+00 
5.100000e-01, 0.000000, 0.000000, 0, 1, 5.673471e+02, -94.597147, -4.547246e+01, -5.655219e+02 
5.100000e-01, 0.000000, 0.000000, 0, 2, 5.835708e-02, 97.091132, -7.204058e-03, 5.791071e-02 
5.100000e-01, 0.000000, 0.000000, 0, 3, 1.961881e+03, -175.050534, -1.954566e+03, -1.692654e+02 
5.100000e-01, 0.000000, 0.000000, 0, 4, 7.739483e-01, -132.126601, -5.191421e-01, -5.740100e-01 
5.100000e-01, 0.000000, 0.000000, 0, 5, 1.746197e+05, 102.440029, -3.761617e+04, 1.705200e+05 
5.100000e-01, 0.000000, 0.000000, 0, 6, 9.883753e+00, -83.862622, 1.056699e+00, -9.827104e+00 
5.400000e-01, 0.000000, 0.000000, 0, 1, 1.036035e+03, -102.568141, -2.254418e+02, -1.011210e+03 
5.400000e-01, 0.000000, 0.000000, 0, 2, 6.031178e-02, 129.211949, -3.812856e-02, 4.673033e-02 
5.400000e-01, 0.000000, 0.000000, 0, 3, 2.137164e+03, -172.532444, -2.119038e+03, -2.777560e+02 
5.400000e-01, 0.000000, 0.000000, 0, 4, 5.793771e-01, -93.477635, -3.514439e-02, -5.783102e-01 
5.400000e-01, 0.000000, 0.000000, 0, 5, 1.908417e+04, -168.229711, -1.868289e+04, -3.892949e+03 
5.400000e-01, 0.000000, 0.000000, 0, 6, 1.150211e+01, -60.511023, 5.661984e+00, -1.001202e+01 
5.700000e-01, 0.000000, 0.000000, 0, 1, 1.256795e+03, -107.429515, -3.764507e+02, -1.199091e+03 
5.700000e-01, 0.000000, 0.000000, 0, 2, 7.103021e-02, 163.453072, -6.808862e-02, 2.022944e-02 
5.700000e-01, 0.000000, 0.000000, 0, 3, 1.775706e+03, -169.232941, -1.744444e+03, -3.317311e+02 
5.700000e-01, 0.000000, 0.000000, 0, 4, 6.791488e-01, -39.521284, 5.238874e-01, -4.321864e-01 
5.700000e-01, 0.000000, 0.000000, 0, 5, 1.341913e+05, -87.070558, 6.857999e+03, -1.340159e+05 
5.700000e-01, 0.000000, 0.000000, 0, 6, 1.236624e+01, -37.696595, 9.784912e+00, -7.561711e+00 
6.000000e-01, 0.000000, 0.000000, 0, 1, 1.172098e+03, -112.690646, -4.521430e+02, -1.081379e+03 
6.000000e-01, 0.000000, 0.000000, 0, 2, 8.899778e-02, -167.836357, -8.699976e-02, -1.875224e-02 
6.000000e-01, 0.000000, 0.000000, 0, 3, 1.050246e+03, -163.244526, -1.005657e+03, -3.027731e+02 
6.000000e-01, 0.000000, 0.000000, 0, 4, 1.020285e+00, -7.350482, 1.011900e+00, -1.305337e-01 
6.000000e-01, 0.000000, 0.000000, 0, 5, 2.020087e+05, -80.714815, 3.259383e+04, -1.993619e+05 
6.000000e-01, 0.000000, 0.000000, 0, 6, 1.214558e+01, -11.272468, 1.191128e+01, -2.374157e+00 
6.300000e-01, 0.000000, 0.000000, 0, 1, 8.096362e+02, -121.137307, -4.186554e+02, -6.929924e+02 
6.300000e-01, 0.000000, 0.000000, 0, 2, 1.042245e-01, -144.044763, -8.436727e-02, -6.119576e-02 
6.300000e-01, 0.000000, 0.000000, 0, 3, 2.427081e+02, -129.852294, -1.555299e+02, -1.863267e+02 
6.300000e-01, 0.000000, 0.000000, 0, 4, 1.287658e+00, 12.390777, 1.257665e+00, 2.763033e-01 
6.300000e-01, 0.000000, 0.000000, 0, 5, 2.003529e+05, -75.548419, 5.000043e+04, -1.940135e+05 
6.300000e-01, 0.000000, 0.000000, 0, 6, 1.165335e+01, 23.559747, 1.068197e+01, 4.657904e+00 
6.600000e-01, 0.000000, 0.000000, 0, 1, 3.146538e+02, -149.945248, -2.723477e+02, -1.575872e+02 
6.600000e-01, 0.000000, 0.000000, 0, 2, 1.072483e-01, -120.097461, -5.378207e-02, -9.278842e-02 
6.600000e-01, 0.000000, 0.000000, 0, 3, 5.395002e+02, -1.337830, 5.393532e+02, -1.259594e+01 
6.600000e-01, 0.000000, 0.000000, 0, 4, 1.311302e+00, 31.085733, 1.122993e+00, 6.770513e-01 
6.600000e-01, 0.000000, 0.000000, 0, 5, 1.403204e+05, -68.468100, 5.150028e+04, -1.305279e+05 
6.600000e-01, 0.000000, 0.000000, 0, 6, 1.282516e+01, 64.228306, 5.576205e+00, 1.154949e+01 
6.900000e-01, 0.000000, 0.000000, 0, 1, 3.456434e+02, 98.420241, -5.061342e+01, 3.419175e+02 
6.900000e-01, 0.000000, 0.000000, 0, 2, 9.808488e-02, -88.819913, 2.020053e-03, -9.806408e-02 
6.900000e-01, 0.000000, 0.000000, 0, 3, 8.942835e+02, 10.054805, 8.805484e+02, 1.561330e+02 
6.900000e-01, 0.000000, 0.000000, 0, 4, 1.085324e+00, 58.026219, 5.747130e-01, 9.206702e-01 
6.900000e-01, 0.000000, 0.000000, 0, 5, 5.128692e+04, -47.837105, 3.442587e+04, -3.801589e+04 
6.900000e-01, 0.000000, 0.000000, 0, 6, 1.581161e+01, 98.953935, -2.460925e+00, 1.561893e+01 
7.200000e-01, 0.000000, 0.000000, 0, 1, 6.507834e+02, 74.573191, 1.731131e+02, 6.273363e+02 
7.200000e-01, 0.000000, 0.000000, 0, 2, 9.582710e-02, -44.739790, 6.806702e-02, -6.745156e-02 
7.200000e-01, 0.000000, 0.000000, 0, 3, 8.448532e+02, 17.001062, 8.079325e+02, 2.470261e+02 
7.200000e-01, 0.000000, 0.000000, 0, 4, 9.065429e-01, 106.633078, -2.594903e-01, 8.686109e-01 
7.200000e-01, 0.000000, 0.000000, 0, 5, 4.675677e+04, 85.095623, 3.997379e+03, 4.658558e+04 
7.200000e-01, 0.000000, 0.000000, 0, 6, 1.807008e+01, 126.868411, -1.084167e+01, 1.445634e+01 
7.500000e-01, 0.000000, 0.000000, 0, 1, 6.799143e+02, 62.481588, 3.141433e+02, 6.029904e+02 
7.500000e-01, 0.000000, 0.000000, 0, 2, 1.191582e-01, -2.291755, 1.190629e-01, -4.764898e-03 
7.500000e-01, 0.000000, 0.000000, 0, 3, 4.744809e+02, 26.638426, 4.241166e+02, 2.127376e+02 
7.500000e-01, 0.000000, 0.000000, 0, 4, 1.186002e+00, 156.824177, -1.090294e+00, 4.667560e-01 
7.500000e-01, 0.000000, 0.000000, 0, 5, 9.590112e+04, 106.367016, -2.702389e+04, 9.201485e+04 
7.500000e-01, 0.000000, 0.000000, 0, 6, 1.753963e+01, 155.621461, -1.597576e+01, 7.239714e+00 
7.800000e-01, 0.000000, 0.000000, 0, 1, 4.416224e+02, 44.531770, 3.148157e+02, 3.097118e+02 
7.800000e-01, 0.000000, 0.000000, 0, 2, 1.456226e-01, 28.390999, 1.281076e-01, 6.924150e-02 
7.800000e-01, 0.000000, 0.000000, 0, 3, 8.137878e+01, 126.873871, -4.883178e+01, 6.509963e+01 
7.800000e-01, 0.000000, 0.000000, 0, 4, 1.562077e+00, -172.881926, -1.550038e+00, -1.935641e-01 
7.800000e-01, 0.000000, 0.000000, 0, 5, 9.604372e+04, 116.828462, -4.334654e+04, 8.570574e+04 
7.800000e-01, 0.000000, 0.000000, 0, 6, 1.536780e+01, -164.161417, -1.478435e+01, -4.194304e+00 
8.100000e-01, 0.000000, 0.000000, 0, 1, 1.967655e+02, -24.861220, 1.785310e+02, -8.272452e+01 
8.100000e-01, 0.000000, 0.000000, 0, 2, 1.459717e-01, 56.466923, 8.063746e-02, 1.216772e-01 
8.100000e-01, 0.000000, 0.000000, 0, 3, 3.905301e+02, -162.494147, -3.724431e+02, -1.174727e+02 
8.100000e-01, 0.000000, 0.000000, 0, 4, 1.607734e+00, -147.356822, -1.353786e+00, -8.672206e-01 
8.100000e-01, 0.000000, 0.000000, 0, 5, 5.318701e+04, 131.896029, -3.551727e+04, 3.959016e+04 
8.100000e-01, 0.000000, 0.000000, 0, 6, 1.667325e+01, -113.258281, -6.583877e+00, -1.531828e+01 
8.400000e-01, 0.000000, 0.000000, 0, 1, 3.577541e+02, -93.656161, -2.281353e+01, -3.570260e+02 
8.400000e-01, 0.000000, 0.000000, 0, 2, 1.225108e-01, 95.873658, -1.253717e-02, 1.218676e-01 
8.400000e-01, 0.000000, 0.000000, 0, 3, 4.680621e+02, -151.284683, -4.104988e+02, -2.248842e+02 
8.400000e-01, 0.000000, 0.000000, 0, 4, 1.320791e+00, -111.265221, -4.790319e-01, -1.230860e+00 
8.400000e-01, 0.000000, 0.000000, 0, 5, 1.747932e+04, -114.196574, -7.164224e+03, -1.594367e+04 
8.400000e-01, 0.000000, 0.000000, 0, 6, 2.125450e+01, -74.414464, 5.710587e+00, -2.047298e+01 
8.700000e-01, 0.000000, 0.000000, 0, 1, 4.123702e+02, -116.005332, -1.808057e+02, -3.706191e+02 
8.700000e-01, 0.000000, 0.000000, 0, 2, 1.273148e-01, 151.761110, -1.121621e-01, 6.023885e-02 
8.700000e-01, 0.000000, 0.000000, 0, 3, 2.698733e+02, -137.305338, -1.983509e+02, -1.829987e+02 
8.700000e-01, 0.000000, 0.000000, 0, 4, 1.271562e+00, -54.513817, 7.381502e-01, -1.035376e+00 
8.700000e-01, 0.000000, 0.000000, 0, 5, 5.453321e+04, -63.132010, 2.464554e+04, -4.864636e+04 
8.700000e-01, 0.000000, 0.000000, 0, 6, 2.260224e+01, -44.250560, 1.618988e+01, -1.577179e+01 
9.000000e-01, 0.000000, 0.000000, 0, 1, 2.571556e+02, -145.273459, -2.113511e+02, -1.464913e+02 
9.000000e-01, 0.000000, 0.000000, 0, 2, 1.690192e-01, -166.567780, -1.643957e-01, -3.926229e-02 
9.000000e-01, 0.000000, 0.000000, 0, 3, 8.689271e+01, -8.898412, 8.584688e+01, -1.344083e+01 
9.000000e-01, 0.000000, 0.000000, 0, 4, 1.710419e+00, -9.206343, 1.688386e+00, -2.736507e-01 
9.000000e-01, 0.000000, 0.000000, 0, 5, 5.797991e+04, -48.068595, 3.874452e+04, -4.313389e+04 
9.000000e-01, 0.000000, 0.000000, 0, 6, 1.883481e+01, -6.157756, 1.872613e+01, -2.020341e+00 
9.300000e-01, 0.000000, 0.000000, 0, 1, 1.756120e+02, 128.419226, -1.091272e+02, 1.375894e+02 
9.300000e-01, 0.000000, 0.000000, 0, 2, 1.800656e-01, -136.143188, -1.298406e-01, -1.247600e-01 
9.300000e-01, 0.000000, 0.000000, 0, 3, 2.924605e+02, 34.491210, 2.410498e+02, 1.656145e+02 
9.300000e-01, 0.000000, 0.000000, 0, 4, 1.924066e+00, 22.549401, 1.776970e+00, 7.378406e-01 
9.300000e-01, 0.000000, 0.000000, 0, 5, 2.665428e+04, -21.745653, 2.475750e+04, -9.875065e+03 
9.300000e-01, 0.000000, 0.000000, 0, 6, 1.796965e+01, 53.005826, 1.081294e+01, 1.435230e+01 
9.600000e-01, 0.000000, 0.000000, 0, 1, 2.758108e+02, 80.573191, 4.517438e+01, 2.720861e+02 
9.600000e-01, 0.000000, 0.000000, 0, 2, 1.436847e-01, -95.504050, -1.378168e-02, -1.430222e-01 
9.600000e-01, 0.000000, 0.000000, 0, 3, 2.827894e+02, 50.208159, 1.809853e+02, 2.172882e+02 
9.600000e-01, 0.000000, 0.000000, 0, 4, 1.660503e+00, 61.037327, 8.040815e-01, 1.452833e+00 
9.600000e-01, 0.000000, 0.000000, 0, 5, 2.408027e+04, 107.235150, -7.134842e+03, 2.299899e+04 
9.600000e-01, 0.000000, 0.000000, 0, 6, 2.414787e+01, 99.381946, -3.936467e+00, 2.382486e+01 
9.900000e-01, 0.000000, 0.000000, 0, 1, 2.221223e+02, 51.190512, 1.392113e+02, 1.730853e+02 
9.900000e-01, 0.000000, 0.000000, 0, 2, 1.447666e-01, -31.121018, 1.239314e-01, -7.482224e-02 
9.900000e-01, 0.000000, 0.000000, 0, 3, 9.779603e+01, 96.013507, -1.024540e+01, 9.725788e+01 
9.900000e-01, 0.000000, 0.000000, 0, 4, 1.583618e+00, 119.894480, -7.892820e-01, 1.372909e+00 
9.900000e-01, 0.000000, 0.000000, 0, 5, 4.423191e+04, 135.676958, -3.164403e+04, 3.090497e+04 
9.900000e-01, 0.000000, 0.000000, 0, 6, 2.567503e+01, 131.260957, -1.693241e+01, 1.930027e+01 
1.020000e+00, 0.000000, 0.000000, 0, 1, 1.231217e+02, -24.398547, 1.121262e+02, -5.085927e+01 
1.020000e+00, 0.000000, 0.000000, 0, 2, 2.000126e-01, 12.907131, 1.949590e-01, 4.467710e-02 
1.020000e+00, 0.000000, 0.000000, 0, 3, 1.815738e+02, -148.473217, -1.547727e+02, -9.494440e+01 
1.020000e+00, 0.000000, 0.000000, 0, 4, 2.076923e+00, 169.080926, -2.039322e+00, 3.934156e-01 
1.020000e+00, 0.000000, 0.000000, 0, 5, 3.060171e+04, 157.620134, -2.829679e+04, 1.165146e+04 
1.020000e+00, 0.000000, 0.000000, 0, 6, 1.966903e+01, 175.184392, -1.959960e+01, 1.651201e+00 
1.050000e+00, 0.000000, 0.000000, 0, 1, 1.926316e+02, -89.427084, 1.926144e+00, -1.926220e+02 
1.050000e+00, 0.000000, 0.000000, 0, 2, 1.971789e-01, 45.366425, 1.385320e-01, 1.403154e-01 
1.050000e+00, 0.000000, 0.000000, 0, 3, 2.329293e+02, -125.460255, -1.351312e+02, -1.897251e+02 
1.050000e+00, 0.000000, 0.000000, 0, 4, 2.235190e+00, -153.485468, -2.000096e+00, -9.978444e-01 
1.050000e+00, 0.000000, 0.000000, 0, 5, 1.400167e+04, -92.267925, -5.540798e+02, -1.399070e+04 
1.050000e+00, 0.000000, 0.000000, 0, 6, 2.106708e+01, -116.472890, -9.391163e+00, -1.885810e+01 
1.080000e+00, 0.000000, 0.000000, 0, 1, 1.603930e+02, -123.275590, -8.800230e+01, -1.340952e+02 
1.080000e+00, 0.000000, 0.000000, 0, 2, 1.460320e-01, 99.911785, -2.513675e-02, 1.438524e-01 
1.080000e+00, 0.000000, 0.000000, 0, 3, 1.026841e+02, -86.861157, 5.622547e+00, -1.025301e+02 
1.080000e+00, 0.000000, 0.000000, 0, 4, 1.935574e+00, -103.854157, -4.634756e-01, -1.879265e+00 
1.080000e+00, 0.000000, 0.000000, 0, 5, 3.331534e+04, -41.021921, 2.513505e+04, -2.186645e+04 
1.080000e+00, 0.000000, 0.000000, 0, 6, 2.879165e+01, -74.785865, 7.555712e+00, -2.778255e+01 
1.110000e+00, 0.000000, 0.000000, 0, 1, 9.220999e+01, 151.802961, -8.126723e+01, 4.356970e+01 
1.110000e+00, 0.000000, 0.000000, 0, 2, 1.934619e-01, 166.651244, -1.882351e-01, 4.466605e-02 
1.110000e+00, 0.000000, 0.000000, 0, 3, 1.363653e+02, 32.847440, 1.145629e+02, 7.396509e+01 
1.110000e+00, 0.000000, 0.000000, 0, 4, 2.198263e+00, -41.497840, 1.646456e+00, -1.456551e+00 
1.110000e+00, 0.000000, 0.000000, 0, 5, 2.486565e+04, -16.761818, 2.380916e+04, -7.171100e+03 
1.110000e+00, 0.000000, 0.000000, 0, 6, 2.574181e+01, -39.928557, 1.973998e+01, -1.652191e+01 
1.140000e+00, 0.000000, 0.000000, 0, 1, 1.462139e+02, 89.163255, 2.135226e+00, 1.461983e+02 
1.140000e+00, 0.000000, 0.000000, 0, 2, 2.380361e-01, -156.856765, -2.188802e-01, -9.355561e-02 
1.140000e+00, 0.000000, 0.000000, 0, 3, 1.772034e+02, 60.450956, 8.739113e+01, 1.541553e+02 
1.140000e+00, 0.000000, 0.000000, 0, 4, 2.695618e+00, 4.971620, 2.685476e+00, 2.336084e-01 
1.140000e+00, 0.000000, 0.000000, 0, 5, 1.209156e+04, 98.429097, -1.772447e+03, 1.196095e+04 
1.140000e+00, 0.000000, 0.000000, 0, 6, 2.020210e+01, 27.234225, 1.796256e+01, 9.245070e+00 
1.170000e+00, 0.000000, 0.000000, 0, 1, 1.015454e+02, 47.030307, 6.921451e+01, 7.430224e+01 
1.170000e+00, 0.000000, 0.000000, 0, 2, 1.816532e-01, -111.716523, -6.721434e-02, -1.687605e-01 
1.170000e+00, 0.000000, 0.000000, 0, 3, 6.341543e+01, 114.304662, -2.610106e+01, 5.779491e+01 
1.170000e+00, 0.000000, 0.000000, 0, 4, 2.531718e+00, 53.298047, 1.513088e+00, 2.029819e+00 
1.170000e+00, 0.000000, 0.000000, 0, 5, 2.690874e+04, 146.804106, -2.251733e+04, 1.473262e+04 
1.170000e+00, 0.000000, 0.000000, 0, 6, 3.045186e+01, 85.676056, 2.295932e+00, 3.036519e+01 
1.200000e+00, 0.000000, 0.000000, 0, 1, 8.718984e+01, -53.455200, 5.191729e+01, -7.004758e+01 
1.200000e+00, 0.000000, 0.000000, 0, 2, 1.995662e-01, -34.271788, 1.649167e-01, -1.123796e-01 
1.200000e+00, 0.000000, 0.000000, 0, 3, 1.274128e+02, -133.201325, -8.722221e+01, -9.287791e+01 
1.200000e+00, 0.000000, 0.000000, 0, 4, 2.608656e+00, 118.724798, -1.253728e+00, 2.287630e+00 
1.200000e+00, 0.000000, 0.000000, 0, 5, 1.514423e+04, 177.672298, -1.513173e+04, 6.150812e+02 
1.200000e+00, 0.000000, 0.000000, 0, 6, 3.184897e+01, 121.338102, -1.656424e+01, 2.720262e+01 
1.230000e+00, 0.000000, 0.000000, 0, 1, 1.107457e+02, -100.957168, -2.104999e+01, -1.087267e+02 
1.230000e+00, 0.000000, 0.000000, 0, 2, 2.775877e-01, 9.937547, 2.734229e-01, 4.790460e-02 
1.230000e+00, 0.000000, 0.000000, 0, 3, 1.179684e+02, -106.796796, -3.409030e+01, -1.129354e+02 
1.230000e+00, 0.000000, 0.000000, 0, 4, 3.252363e+00, 173.893804, -3.233910e+00, 3.459590e-01 
1.230000e+00, 0.000000, 0.000000, 0, 5, 1.495657e+04, -49.748199, 9.664155e+03, -1.141503e+04 
1.230000e+00, 0.000000, 0.000000, 0, 6, 2.346845e+01, -174.950084, -2.337735e+01, -2.065777e+00 
1.260000e+00, 0.000000, 0.000000, 0, 1, 6.027846e+01, -173.755939, -5.992087e+01, -6.556117e+00 
1.260000e+00, 0.000000, 0.000000, 0, 2, 2.236124e-01, 56.141725, 1.245835e-01, 1.856918e-01 
1.260000e+00, 0.000000, 0.000000, 0, 3, 5.187506e+01, 15.601572, 4.996374e+01, 1.395160e+01 
1.260000e+00, 0.000000, 0.000000, 0, 4, 3.199376e+00, -132.961907, -2.180413e+00, -2.341326e+00 
1.260000e+00, 0.000000, 0.000000, 0, 5, 2.080251e+04, -20.033494, 1.954380e+04, -7.126303e+03 
1.260000e+00, 0.000000, 0.000000, 0, 6, 3.507592e+01, -106.104017, -9.729428e+00, -3.369953e+01 
1.290000e+00, 0.000000, 0.000000, 0, 1, 9.213325e+01, 103.185336, -2.101575e+01, 8.970437e+01 
1.290000e+00, 0.000000, 0.000000, 0, 2, 2.407009e-01, 137.768180, -1.782225e-01, 1.617827e-01 
1.290000e+00, 0.000000, 0.000000, 0, 3, 1.221264e+02, 64.152975, 5.324345e+01, 1.099091e+02 
1.290000e+00, 0.000000, 0.000000, 0, 4, 3.313554e+00, -64.310566, 1.436402e+00, -2.986033e+00 
1.290000e+00, 0.000000, 0.000000, 0, 5, 5.929770e+03, 65.393778, 2.469035e+03, 5.391293e+03 
1.290000e+00, 0.000000, 0.000000, 0, 6, 3.823246e+01, -65.522106, 1.584132e+01, -3.479618e+01 
1.320000e+00, 0.000000, 0.000000, 0, 1, 6.648845e+01, 52.329321, 4.063256e+01, 5.262803e+01 
1.320000e+00, 0.000000, 0.000000, 0, 2, 3.322894e-01, -173.561601, -3.301937e-01, -3.726125e-02 
1.320000e+00, 0.000000, 0.000000, 0, 3, 4.613317e+01, 108.906932, -1.494862e+01, 4.364411e+01 
1.320000e+00, 0.000000, 0.000000, 0, 4, 4.014146e+00, -4.271154, 4.002998e+00, -2.989603e-01 
1.320000e+00, 0.000000, 0.000000, 0, 5, 1.833634e+04, 153.429745, -1.639977e+04, 8.201748e+03 
1.320000e+00, 0.000000, 0.000000, 0, 6, 2.964916e+01, 5.171175, 2.952849e+01, 2.672325e+00 
1.350000e+00, 0.000000, 0.000000, 0, 1, 6.708676e+01, -50.385829, 4.277549e+01, -5.168066e+01 
1.350000e+00, 0.000000, 0.000000, 0, 2, 2.611782e-01, -117.448813, -1.203916e-01, -2.317755e-01 
1.350000e+00, 0.000000, 0.000000, 0, 3, 9.379951e+01, -120.994930, -4.830320e+01, -8.040615e+01 
1.350000e+00, 0.000000, 0.000000, 0, 4, 3.913973e+00, 56.475541, 2.161659e+00, 3.262884e+00 
1.350000e+00, 0.000000, 0.000000, 0, 5, 1.000101e+04, -174.651441, -9.957465e+03, -9.322386e+02 
1.350000e+00, 0.000000, 0.000000, 0, 6, 4.495745e+01, 73.880590, 1.248199e+01, 4.318996e+01 
1.380000e+00, 0.000000, 0.000000, 0, 1, 6.817715e+01, -102.024172, -1.420296e+01, -6.668133e+01 
1.380000e+00, 0.000000, 0.000000, 0, 2, 3.278706e-01, -34.643535, 2.697407e-01, -1.863843e-01 
1.380000e+00, 0.000000, 0.000000, 0, 3, 7.405549e+01, -94.121964, -5.323094e+00, -7.386393e+01 
1.380000e+00, 0.000000, 0.000000, 0, 4, 4.286849e+00, 129.046463, -2.700502e+00, 3.329319e+00 
1.380000e+00, 0.000000, 0.000000, 0, 5, 1.265088e+04, -32.312856, 1.069179e+04, -6.762429e+03 
1.380000e+00, 0.000000, 0.000000, 0, 6, 4.384194e+01, 122.064714, -2.327467e+01, 3.715381e+01 
1.410000e+00, 0.000000, 0.000000, 0, 1, 5.057619e+01, 157.943289, -4.687465e+01, 1.899258e+01 
1.410000e+00, 0.000000, 0.000000, 0, 2, 3.880563e-01, 15.550152, 3.738520e-01, 1.040308e-01 
1.410000e+00, 0.000000, 0.000000, 0, 3, 5.776826e+01, 52.259418, 3.535922e+01, 4.568257e+01 
1.410000e+00, 0.000000, 0.000000, 0, 4, 4.861033e+00, -168.045610, -4.755611e+00, -1.006880e+00 
1.410000e+00, 0.000000, 0.000000, 0, 5, 1.297952e+04, -4.861648, 1.293282e+04, -1.100014e+03 
1.410000e+00, 0.000000, 0.000000, 0, 6, 4.078309e+01, -154.122225, -3.669365e+01, -1.779989e+01 
1.440000e+00, 0.000000, 0.000000, 0, 1, 6.267156e+01, 97.423110, -8.096889e+00, 6.214632e+01 
1.440000e+00, 0.000000, 0.000000, 0, 2, 3.111407e-01, 91.285239, -6.978818e-03, 3.110625e-01 
1.440000e+00, 0.000000, 0.000000, 0, 3, 8.161336e+01, 82.579508, 1.054039e+01, 8.092985e+01 
1.440000e+00, 0.000000, 0.000000, 0, 4, 4.704824e+00, -97.333132, -6.005150e-01, -4.666342e+00 
1.440000e+00, 0.000000, 0.000000, 0, 5, 7.519198e+03, 137.688757, -5.560440e+03, 5.061606e+03 
1.440000e+00, 0.000000, 0.000000, 0, 6, 5.741534e+01, -93.331297, -3.336368e+00, -5.731832e+01 
1.470000e+00, 0.000000, 0.000000, 0, 1, 4.044951e+01, 0.365377, 4.044869e+01, 2.579464e-01 
1.470000e+00, 0.000000, 0.000000, 0, 2, 4.490990e-01, 164.262448, -4.322641e-01, 1.218097e-01 
1.470000e+00, 0.000000, 0.000000, 0, 3, 3.313931e+01, -142.580938, -2.631966e+01, -2.013677e+01 
1.470000e+00, 0.000000, 0.000000, 0, 4, 5.445145e+00, -23.949516, 4.976337e+00, -2.210356e+00 
1.470000e+00, 0.000000, 0.000000, 0, 5, 1.306720e+04, 173.649428, -1.298701e+04, 1.445383e+03 
1.470000e+00, 0.000000, 0.000000, 0, 6, 4.679061e+01, -28.429809, 4.114771e+01, -2.227616e+01 
1.500000e+00, 0.000000, 0.000000, 0, 1, 5.629778e+01, -67.776350, 2.129311e+01, -5.211568e+01 
1.500000e+00, 0.000000, 0.000000, 0, 2, 4.003637e-01, -136.251248, -2.892143e-01, -2.768504e-01 
1.500000e+00, 0.000000, 0.000000, 0, 3, 7.659452e+01, -96.653189, -8.874185e+00, -7.607870e+01 
1.500000e+00, 0.000000, 0.000000, 0, 4, 5.517434e+00, 44.431499, 3.939933e+00, 3.862513e+00 
1.500000e+00, 0.000000, 0.000000, 0, 5, 4.681485e+03, -59.515029, 2.374975e+03, -4.034327e+03 
1.500000e+00, 0.000000, 0.000000, 0, 6, 6.005115e+01, 56.528563, 3.311948e+01, 5.009232e+01 
