timestamp,angular_vel_x,angular_vel_y,angular_vel_z,linear_vel_x,linear_vel_y,linear_vel_z,orientation_w,orientation_x,orientation_y,orientation_z,position_x,position_y,position_z
1745667472.6062133,-0.11829104071136291,-0.0708351370886961,0.010175139582458312,-0.809801066157231,0.8381773369876614,-0.020221376050250813,0.6579358412074264,0.006630265482545571,0.005035107579089198,-0.7530279650358107,10.013477141920223,28.579114750233515,-0.004486368469857613
1745667472.6813946,-0.11829104071136291,-0.0708351370886961,0.010175139582458312,-0.8090045525892661,0.8388715090644548,-0.004280462624553748,0.6583602745076123,7.428320235747243e-05,0.007155171507379522,-0.7526689491090804,10.107393501273922,28.648137182247766,-0.005052928197935508
1745667472.809683,0.07169537763651164,-0.5640591009506569,-0.5229649785315285,-0.8555134883888206,0.7948756445297183,-0.04731136118308423,0.6293098135191797,0.004372474133140861,-0.018114676356625604,-0.7769310771097429,10.202550438711958,28.715928217971186,-0.007600439617370408
1745667472.910845,0.07169537710313875,-0.5640591013640802,-0.5229649783348184,0.059490656074308396,0.07463210693024132,-0.10392153348000338,0.6080073736267116,-0.014808257173878089,-0.03851525605266817,-0.7928583254189983,9.452975168504747,28.042107040878268,-0.00872161033742563
1745667472.9879777,-0.5735497620307696,-0.4865361819991706,0.292207221685018,0.08306870108598563,0.08702149417447728,-0.12083568392608614,0.6570020159088866,-0.009330121756147397,0.007447943584530816,-0.7537942876249702,9.459757302404526,28.03319870856101,-0.019853467313158735
1745667473.1091897,-0.5735497620307696,-0.4865361819991706,0.292207221685018,0.0899485820618889,0.10486734492307245,-0.14171451311451697,0.6673912659075918,-0.0463822334437721,0.013210795762769357,-0.7431440381826017,9.467464848811199,28.023146850882853,-0.03322754902942613
1745667473.18366,-0.8235005255037974,0.2654904001483075,0.42950343858802587,0.08087823996477417,0.08919154004703056,-0.13505646900475893,0.6297561267747243,0.014151636189233438,0.03484805596177464,-0.7758817983291979,9.474489367938267,28.013903896630282,-0.047109695833447957
1745667473.2861617,-0.8235005237291174,0.26549040153076625,0.4295034379087673,-0.020471980568931927,0.13724319132896662,0.01845241000037429,0.6457972645298212,-0.0007414318320085739,0.0747946086237579,-0.7598362388866812,9.535874489972239,28.07798315536759,0.0008199293787565695
1745667473.3773358,0.03879624240298696,-0.1377918447158752,-0.2607914109854955,-0.05848095542510871,0.14098811548956872,0.016768091535568953,0.6024849426151926,0.015194703032850754,-0.003310793791614414,-0.7979787300211585,9.550821453366634,28.07885953714529,0.0024530243256110818
1745667473.4848492,0.03879624240298696,-0.1377918447158752,-0.2607914109854955,-0.07929142533024144,0.13807657996607323,0.02690221583028267,0.5919610918178642,0.01090731099492658,-0.008810896647420647,-0.8058445659312536,9.566108019899215,28.081449565378875,0.005076693613410034
1745667473.5775156,0.1942486792047397,-0.22143854208438352,-0.07080523643489495,-0.08334134190894003,0.1464730130070635,0.06693426853472592,0.6268178335167575,0.0061258579189227185,0.006785036162751078,-0.7791122131852292,9.581830061582007,28.08552557611853,0.010564009071233754
1745667473.6693058,0.1942486792047397,-0.22143854208438352,-0.07080523643489495,-0.099310149341297,0.15019227959331494,0.09322300318379897,0.6240033925589227,0.003562885488687661,-0.007700658430995229,-0.781375563849855,9.598223007334965,28.091183449272116,0.018728368251766915
1745667473.7703547,0.0149143415103856,-0.10777595340982309,-0.24333492275481194,-0.05717821997598295,0.09883968608352281,0.09280092632956613,0.6520348995256777,-0.003976811319006315,0.029359477707838887,-0.7576098572754947,9.563988083913479,28.090149421014488,0.0072047994548727415
1745667473.895961,0.0149143415103856,-0.10777595340982309,-0.24333492275481194,-0.06481380770673868,0.09534463966879102,0.1281432791200392,0.6429207907192782,-0.00792992306956852,0.02522996083778417,-0.7654759449238969,9.575040249743335,28.094249744585653,0.01791469644025738
1745667473.9867828,0.2557608653788323,-0.19699840110626085,0.0012452072705567974,-0.057222694376192776,0.09978969465407037,0.16509131313279085,0.6854127592131357,-0.0036365143297992734,0.020710759748983166,-0.7278510765960199,9.585963212301497,28.098695679887395,0.03234922800025547
1745667474.0674515,0.2557608653788323,-0.19699840110626085,0.0012452072705567974,-0.0585429762241847,0.10201040638671185,0.20057969240995777,0.6856192726278643,-0.002039007377020222,0.004649933449730672,-0.7279426032106294,9.596751645739872,28.103622903671344,0.05047693144719851
1745667474.1802857,0.10259761648106426,-0.051490312693530396,-0.06358175975051669,0.12926183824501009,-0.02112124546936378,0.09163433962127322,0.7075691765540857,-0.007722965532586843,0.032715341448273046,-0.7058441206299579,9.528543664637612,27.958422885589044,0.006949117341856351
1745667474.2844675,0.10259761648106426,-0.051490312693530396,-0.06358175975051669,0.12479127109691643,-0.022008018170203432,0.12809812583958496,0.7054338647352419,-0.006014277676528346,0.027247580359431908,-0.7082262776212743,9.526933202233343,27.945372695954852,0.017612066628301528
1745667474.3682647,0.3837603927263942,-0.027853534931841468,0.024626550817335807,0.12272061048068364,-0.03109830716907949,0.16673678899936015,0.7363410712295502,0.0013030801543004163,0.024625997167456885,-0.6761609934521058,9.525496717313725,27.932216882272268,0.032041869449441096
1745667474.477799,0.3837603927263942,-0.027853534931841468,0.024626550817335807,0.12122436461763073,-0.02438593526097245,0.20471179413643445,0.7370460661467536,0.0145195952631439,0.010621008544691711,-0.6756030431462572,9.524025282865267,27.919174265805708,0.05019057825737651
1745667474.5685039,0.10557353818477061,-0.1585127410034487,0.12392462047618238,0.12199957276673773,-0.04806395092000587,0.23759917527565003,0.7643556306912859,-0.014637309163098133,0.02971921000943104,-0.6439433108336523,9.522871491676115,27.906004179878998,0.07203667506889318
1745667474.6759322,0.10557353818477061,-0.1585127410034487,0.12392462047618238,0.12584200067325188,-0.04882408473916298,0.27275474928058496,0.7686090404746578,-0.015521072957703662,0.02035101570631932,-0.6392065983346767,9.521747117082816,27.892734853933952,0.09754380824701521
1745667474.7803998,0.23441888793755802,-0.08627845470488747,0.2145039361773347,0.10914698648357173,-0.012906648514289075,0.10384060717603819,0.7846565475517857,-0.007860118873808445,0.0282184617870087,-0.619238273469734,9.557643856314149,27.873234480363415,0.008258760910278511
1745667474.8802664,0.23441888793755802,-0.08627845470488747,0.2145039361773347,0.10982370097501581,-0.01336486315930953,0.13904256228101286,0.791405224032115,-0.0010311439685053627,0.017656411167159443,-0.6110359721501593,9.559504952232498,27.86204204745558,0.02010059535664939
1745667474.9647248,0.006654002096031897,-0.004424187991987863,-0.04897381578163612,0.10984020745282302,-0.024832144835567803,0.17554261623953896,0.8017076293900178,-0.014788370269551874,0.036540108518363604,-0.5964151251872095,9.561578228478272,27.85058376043959,0.03553597208373507
1745667475.0714598,0.006654002096031897,-0.004424187991987863,-0.04897381578163612,0.11107039757333487,-0.026786236764241952,0.21120352054754993,0.8002577302209188,-0.014743004646212829,0.03612801169188118,-0.5983853071448666,9.563709163890149,27.838881936762423,0.054538883174424166
1745667475.180103,0.23034601377277317,-0.05375589143613245,0.2670351368031811,0.11089399462351444,-0.034061530808087555,0.24745649493760896,0.8267411727691226,-0.005637083310410383,0.02678721495598257,-0.5619160984123781,9.565863672583582,27.826920070216346,0.0771560009452135
1745667475.2748897,0.2303460129862356,-0.05375589205788219,0.2670351370646687,0.22651299322860574,-0.05253796400146945,0.0980257415278093,0.8342487038529659,0.002732555406299404,0.018164809335658668,-0.5510822742226401,9.641152588834094,27.652752024056134,0.007334231210918129
1745667475.3744457,0.19515239091665895,0.10841352513949673,0.2827193548728774,0.22141979950730753,-0.0673696992429823,0.13861198774800282,0.8494213493750937,-0.0021003381565056437,0.03334311113146798,-0.5266566212870563,9.64571983826148,27.629578130034048,0.018384249355012004
1745667475.4840086,0.19515239091665895,0.10841352513949673,0.2827193548728774,0.2172498889604815,-0.07150213572942313,0.17910826827497228,0.8565677275319026,0.009513877000430356,0.03283294351388561,-0.5149011673277377,9.650358770648703,27.606250278646606,0.03310676485416589
1745667475.5723698,-0.002151908425823995,0.10341632446388518,-0.21586515582266486,0.21381818714804238,-0.08483363255302663,0.2083856628271418,0.8621679407228786,-0.014446362598728606,0.03796983890915686,-0.5049911246057198,9.655087020045512,27.58313704768988,0.051500265286142204
1745667475.6913571,-0.0021519094485751987,0.10341632366463611,-0.21586515546797633,0.22147365988227025,-0.010894174488435587,0.08426834321872043,0.8564573168100248,-0.012336628203488983,0.042323546762448844,-0.5143319837192596,9.721482159922981,27.543188445875966,0.005359144054027621
1745667475.7824457,0.252869215397052,0.20233577207342224,-0.0018861862826251574,0.2200353073120272,-0.03416091603443909,0.12049909227625245,0.8814229302706789,-0.0020698665876930783,0.036394148611172725,-0.47091910089974787,9.731603837524998,27.522710610488872,0.014339882410670437
1745667475.874375,0.252869215397052,0.20233577207342224,-0.0018861862826251574,0.21590779293039614,-0.03186468772404328,0.1618296106627709,0.8809209546589154,0.013834702633818457,0.039352174757815266,-0.47142155125501994,9.741771536042393,27.502104273161546,0.026923527120418865
1745667475.9735227,0.08984348387900132,0.24478332171813882,0.011344162356780879,0.21344435057134906,-0.05692799263684719,0.191876668753665,0.8991905054245242,-0.009597027068301095,0.041583633121914314,-0.4354711626298821,9.752075659830089,27.481534523434263,0.043133173473281855
1745667476.0760686,0.08984348387900132,0.24478332171813882,0.011344162356780879,0.20653981445135933,-0.057533844439364115,0.23332880681347504,0.8988951126102868,-0.000203765649432381,0.05063440849613008,-0.4352283213224377,9.762409036801227,27.460842587803512,0.06293160222125738
1745667476.176738,0.003574329806335507,0.15070864798887065,-0.13891162867269935,0.18072208254785926,-0.016442744478851985,0.09154394547487785,0.9080351162149692,-0.016344150808460474,0.038605560195803676,-0.41679096340586114,9.774948085418572,27.490078842404525,0.006423181568985317
1745667476.2668252,0.003574329806335507,0.15070864798887065,-0.13891162867269935,0.17899958400597357,-0.014971107169530226,0.12992315697687962,0.9048046309961609,-0.01330850251418806,0.045257846014373604,-0.42320584927771293,9.786320069963049,27.475242756547104,0.016406503928877263
1745667476.3878129,0.19360351462935088,0.180200847369762,0.051816989191563495,0.1780674077819636,-0.03460723995603119,0.16345273042954575,0.9272761581539234,-0.00717944520688241,0.0355795397552384,-0.37261438302436345,9.797804736616337,27.460278159932678,0.02997671264780409
1745667476.4712179,0.19360351462935088,0.180200847369762,0.051816989191563495,0.1743010299223006,-0.03291000428517394,0.20317991363223442,0.9279062544231913,0.005246479366977969,0.04034259056737442,-0.37058728100528343,9.809483018728818,27.445177400416387,0.047129068788878195
1745667476.5667286,0.10234900792824136,0.05416234791313593,0.02344593526084808,0.17519385244758426,-0.04775175784919533,0.23247395022337963,0.9368778205196625,-0.014733935213715615,0.03095591068811828,-0.3479721140621965,9.821197496255744,27.43026609452991,0.06790892602696974
1745667476.6770608,0.10234900785113983,0.054162347851471136,0.02344593528060166,0.21171344123384095,-0.0882999337542466,0.10166046873589835,0.9372607561307934,-0.008960587874404253,0.031729092248809695,-0.34706663277697136,9.868907119222046,27.319678463831483,0.007573819280493962
1745667476.7739403,0.2001730502023336,0.1960482231099437,0.2026321877458728,0.1970321831697928,-0.111051510598197,0.13761020096327392,0.9531849030751369,-0.010288407710669068,0.036065914007020465,-0.300053227050234,9.879782877205665,27.299220822853282,0.018734952740260498
1745667476.8689253,0.2001730502023336,0.1960482231099437,0.2026321877458728,0.18737234034293931,-0.11304665469051607,0.1790998504853633,0.9558317717333981,0.0025592371628473894,0.04250482285002271,-0.29081336710100836,9.890499312766565,27.27884501097868,0.03346807622500744
1745667476.9810612,0.11961258441113658,0.2617649235738898,-0.033312148801668606,0.18267319088955833,-0.13060910266772705,0.20670693501152296,0.963376195759303,-0.01549528190914258,0.03971120000282984,-0.26474369166653383,9.901241557081253,27.25849855629851,0.051730528297345715
1745667477.0672925,0.11961258367110897,0.2617649229959226,-0.03331214854809633,0.19102205251389676,-0.09947156746721747,0.0827056786736394,0.9624069510956719,-0.00633342680415417,0.0507064146286576,-0.26676133097425503,9.947366581685335,27.218380421039345,0.005098628979683117
1745667477.1704254,-0.00018393269497762876,-0.002788761024042574,-0.18150261227020578,0.18831162793850767,-0.11070423328737715,0.10494577009639931,0.9685550282489225,-0.025230079613497703,0.02765793816081866,-0.24596674326647908,9.959310000288758,27.20003021334964,0.013719464726194236
1745667477.281853,-0.00018393269497762876,-0.002788761024042574,-0.18150261227020578,0.18915167761184,-0.10935900984053955,0.14006008668492864,0.9662866097531086,-0.025523240356593608,0.027295046312501466,-0.2547424826375483,9.971280735646056,27.181685190869477,0.025863583038876363
1745667477.3768258,0.05424404632785658,0.3770540233036252,-0.034582126479746955,0.16925186943642528,-0.13180193087311173,0.18095392029928054,0.9786640262608295,-0.01904409846020159,0.044640444900760926,-0.19965289052714164,9.983362456607834,27.163261646122898,0.04149990555545764
1745667477.4703176,0.05424404632785658,0.3770540233036252,-0.034582126479746955,0.1589360746757013,-0.1316407755831304,0.22266457124542846,0.9773499552599286,-0.012699859212799324,0.06250722347533397,-0.20178856643228124,9.995481039783812,27.14486075008521,0.06063486645698059
1745667477.5730655,0.05243632725638925,0.20251631407922405,-0.13589689495815588,0.40189969449253815,0.08716013596986452,0.12868595588745685,0.982785205477772,-0.02236106845630419,0.03541599611384274,-0.1799414619557435,10.360617168820689,27.040605864906258,0.008107617628637766
1745667477.6694221,0.05243632725638925,0.20251631407922405,-0.13589689495815588,0.3958817687024681,0.09179011680579999,0.1711789941398619,0.9811861335334492,-0.018201346661456227,0.04474078775740035,-0.1869244346045673,10.402211919349174,27.034874195017146,0.01971022469739942
1745667477.7812917,-0.0393886032981091,0.041520703897264644,-0.1916055238500935,0.40216885549562337,0.052379673179430396,0.19136104693354175,0.9887440790366959,-0.030370277733571833,0.027020456293412147,-0.14398849725571022,10.443461010155,27.02948440268654,0.034856563640866964
1745667477.8842034,-0.0393886032981091,0.041520703897264644,-0.1916055238500935,0.3956300004263893,0.05640105847178277,0.22820842848439585,0.9871993247260238,-0.03227592856477343,0.029064358751558356,-0.15346341826678156,10.48447596150986,27.02400736882546,0.05354006045837638
1745667477.9765844,-0.15548927992814487,0.6099811552394463,0.09208856342290661,0.383424129702241,0.006163008273533653,0.2712324089801227,0.9925054329759906,-0.033855222387955713,0.05465022272556817,-0.10392373447028104,10.525199575991723,27.01822096626733,0.0750555275313131
1745667478.0724807,-0.15548927992814487,0.6099811552394463,0.09208856342290661,0.35866017320827703,-0.007667185018474545,0.3215029743958041,0.9905521167828197,-0.038132360164835136,0.08585162537099568,-0.09990958645942136,10.565564991448216,27.012150436626282,0.09944957162807545
1745667478.178049,0.1374243981915688,-0.3554739570895235,0.26529112133260085,0.3219450652520938,-0.09902436435389315,0.018246715729319407,0.9971819132467099,-0.01676878643934151,0.0007607994728775308,-0.07311949725719602,10.495550391653635,26.941185162015096,0.001926522792598558
1745667478.278195,0.1374243981915688,-0.3554739570895235,0.26529112133260085,0.3286873321282194,-0.1082509446036093,0.01311736358085534,0.9980116948634784,-0.011202422872670755,-0.01724138770745364,-0.059581013648900394,10.5263976674803,26.92666739734943,0.004372260321382687
1745667478.376228,-0.02267817866395344,-0.2254311536846852,-0.09232772804812528,0.3588951751337562,-0.07861134761827823,0.014964316952807633,0.9956394459131604,-0.009623164478039696,0.009358037681614792,-0.09231422196992763,10.559222747194603,26.91232206592804,0.0058508244144581355
1745667478.4681232,-0.02267817866395344,-0.2254311536846852,-0.09232772804812528,0.37901845393757977,-0.06960947041879975,-0.002269901856705968,0.9952333687373482,-0.011835079128663452,-0.0018045398815980753,-0.09678438040067999,10.594077228375426,26.898103347636663,0.006457167576991299
1745667478.57919,0.10401352975825218,-0.10641763072786095,0.16250318629228638,0.3900289530003585,-0.0739561592775798,-0.008945363857600763,0.9950833827345001,0.01609231598936797,0.015545816710582085,-0.09648018633151458,10.630201367351997,26.883586157058552,0.004975560571281166
1745667478.6696742,0.10401353138367961,-0.10641762946312956,0.1625031856931837,0.750393310160485,0.07514361688071197,-0.06389556684854483,0.9958061567757567,0.020879147018688492,0.00961776443697992,-0.0885531363335253,11.066593673842043,26.8069877482074,-0.006805221041932771
1745667478.7822247,0.022512101742198296,-0.00027002822220983935,0.11017436148393607,0.7520833199763964,0.13370048671773282,-0.08161053076740968,0.9908661165831162,0.027675752152094397,0.01746852880335343,-0.13081759152253492,11.142023595551615,26.801019249196948,-0.016144286194811286
1745667478.8729677,0.022512101742198296,-0.00027002822220983935,0.11017436148393607,0.7635084968853003,0.1230809705807317,-0.10735995646267783,0.9915401719069973,0.02888509523987199,0.01715516938278465,-0.12537718664523378,11.218290788706508,26.794822372661947,-0.02805912594432866
1745667478.9775622,-0.15963548114445342,-0.12553855148127924,-0.15615421764244403,0.7562680891635557,0.18378195105282616,-0.14313463270944157,0.9860279039427784,0.022628540727757263,0.01186380538978839,-0.1646091489329089,11.295248313149923,26.78844204085264,-0.04261624258071356
1745667479.0855901,-0.1596354822499241,-0.12553855232138028,-0.1561542172205061,0.6620761556638853,0.0043427445228267116,-0.03710481979790809,0.9849171111158246,0.013630749253207947,0.007164291680288477,-0.17234024437366463,11.26516795279886,26.676299189904597,-0.003646511871917646
1745667479.1797333,0.02011458473633937,-0.16213638392911628,0.19357442813267484,0.6593109555087612,0.010576364968021886,-0.06068761155230021,0.9830865551029377,0.03485005457310533,0.006704777574096134,-0.17967009998820652,11.327196109319763,26.65452234222021,-0.00997181416478358
1745667479.272254,0.02011458473633937,-0.16213638392911628,0.19357442813267484,0.6585467700865331,-0.004907523688775135,-0.09855255068634831,0.9847659424036543,0.034444329785201525,-0.00178324164812425,-0.17043018182445055,11.389222513898593,26.632644941533233,-0.01901463862813222
1745667479.3857884,-0.18729089778388283,-0.23089671781681087,-0.2271163006902418,0.6556076265101447,0.06032697769520708,-0.12059798044034703,0.9757109978330911,0.023964732876399275,0.005475571800251637,-0.21767810730336853,11.451165216565135,26.610833204511003,-0.030806370556366574
1745667479.4742036,-0.18729089885083872,-0.2308967186215947,-0.22711630026044374,0.5567684668283894,-0.11813888203592225,-0.05110194570044733,0.9733568048090366,0.012248765740974428,-0.0034786871457142686,-0.22894190749076088,11.372056186306688,26.522155031449824,-0.004002047792761146
1745667479.5810158,-0.18843287466490727,-0.19791518184809984,-0.21145689754947408,0.5603778068610984,-0.09514698095457091,-0.06158751939636336,0.968046885006961,0.024544078987640258,0.0063910659756349015,-0.24948340804683458,11.416564242805817,26.487081416016853,-0.010620837077449433
1745667479.6659138,-0.18843287466490727,-0.19791518184809984,-0.21145689754947408,0.5598127936808179,-0.08276825906839873,-0.10106096361079464,0.9655592752307663,0.01288400378285309,-0.0005790553477810273,-0.2598633355386342,11.460966190852984,26.45205239730402,-0.019908691924116165
1745667479.7739995,-0.03450372162046328,0.15429835671841266,0.12329451625928903,0.5618302260717299,-0.09795379512334923,-0.09482703197187581,0.9672252839326845,0.03623206262622206,0.020513414488301702,-0.2504829087686796,11.505167849750672,26.417141241978054,-0.03184494200768396
1745667479.8701456,-0.03450372413820289,0.15429835479991294,0.12329451722842329,0.6220184713946669,0.2320937847315565,-0.014875823785103593,0.9686243260716311,0.03662075184649644,0.02818298942641445,-0.2441957300680472,11.680917072068281,26.585445307918803,-0.0033248298838719163
1745667479.9679832,-0.17737092406599175,-0.26952615857516654,-0.06768286407766715,0.5990165307813157,0.2856073372831286,-0.07592403198301408,0.9573857580849093,0.023996148745682653,0.0015570219884333335,-0.28780943477253534,11.746832049259718,26.576550359048152,-0.009300648286720628
1745667480.078306,-0.17737092406599175,-0.26952615857516654,-0.06768286407766715,0.5934471145781544,0.2896573090389017,-0.1133325744526463,0.9565155323148742,0.01161895158209516,-0.008711092162947305,-0.29131967540462245,11.81256541014961,26.567698355689163,-0.01792731906591591
1745667480.1695352,-0.06408342332742559,-0.022208349984174425,0.11827449544001274,0.5826136885861253,0.31604014048023704,-0.11742356740026158,0.94858718025269,0.03247233412866604,0.010312155622450782,-0.31467692705838085,11.878268051317137,26.559010996811992,-0.028955418795224837
1745667480.2684267,-0.06408342165844629,-0.02220834871754938,0.11827449477524662,0.5628075382311334,0.15255923151202397,-0.04059261539295299,0.9505417581035033,0.0291436995043905,0.01007486576379909,-0.3090623043344826,11.864694130246034,26.480573554323332,-0.004149947498609773
1745667480.387044,-0.0528546061409514,-0.11863619972774686,-0.05532995295889534,0.5497316956295804,0.1894781977730802,-0.0742287065659575,0.9392868931346323,0.03089422722067631,0.005410715981988904,-0.34169636120756297,11.919148333864971,26.460236118613143,-0.010934042674878741
1745667480.4804728,-0.0528546061409514,-0.11863619972774686,-0.05532995295889534,0.5466855326874245,0.19109356297878966,-0.10605642370184043,0.9384319389379285,0.026369366596874035,0.0008274280131766818,-0.34445532054152217,11.973453378231405,26.43994353275066,-0.020350091504145896
1745667480.5713828,-0.179702990542766,-0.28953320148586154,-0.16751407165220628,0.5326405555788096,0.22739357810213964,-0.13431931469143238,0.9265757992977662,0.020933465339525854,-0.0004977257673328111,-0.37552474013524767,12.027772500669695,26.419688792642354,-0.03235304037425989
1745667480.6821554,-0.17970298988939035,-0.28953320099161534,-0.16751407190721268,0.48417658000064395,0.057649830760583345,-0.059146027707481307,0.9234452275566776,0.00717285891144398,-0.010361275220843303,-0.3835232793112178,11.937314632305794,26.37691482331318,-0.003853089159976728
1745667480.7745552,-0.07493484487731318,-0.12128378823164801,0.0951352452778273,0.4877571204179948,0.05586287148525222,-0.06533558068834872,0.9238216620256483,0.028886346447863538,0.004486965813192474,-0.38170536137032973,11.975833041667372,26.346880640524592,-0.010273783068915673
1745667480.8725471,-0.07493484487731318,-0.12128378823164801,0.0951352452778273,0.48925834413339875,0.05126421531293747,-0.0969061450671831,0.9257388371270588,0.023130644368927457,0.00017737037937007143,-0.37745535797689717,12.01449556841461,26.316789940065416,-0.019301347509875055
1745667480.9730535,-0.0567868251891465,0.055254097375813216,0.38371930631902995,0.4894366780318488,0.06829520592682102,-0.11101672742547126,0.9178596415484658,0.0325584612641062,0.011045021433719465,-0.39541324271977074,12.053174505567288,26.28672511972449,-0.030957156195219937
1745667481.086206,-0.05678682667552819,0.05525409624851593,0.3837193069011486,0.5485004469682425,0.05635188122357983,-0.029105496203263838,0.9253308175783349,0.0312506025885484,0.014076483200171746,-0.37760843541740197,12.160490975055833,26.19663929153339,-0.004062183801106636
1745667481.1770284,-0.14805050952006749,0.0342898562500686,0.1693119974404281,0.5408293163489367,0.11167102379316861,-0.06066194413046769,0.9049203683108243,0.027354540017704355,0.01202744165958804,-0.4245305605062457,12.20369506289524,26.162549711173547,-0.010786186988401673
1745667481.2828524,-0.14805050952006749,0.0342898562500686,0.1693119974404281,0.5430156723107062,0.10272845113570384,-0.08379544214113391,0.908637515270098,0.02148387475921939,0.016489072393502998,-0.41670663476925174,12.246829292545367,26.128562148634018,-0.020164535103312568
1745667481.374795,-0.1649506201436367,-0.2134756513429953,-0.0464204309492299,0.528340463477678,0.1530380242978636,-0.1281489662161238,0.8872357516038666,0.02084521525885206,0.0012537365516275736,-0.46084338578457784,12.290036057545493,26.094583743015807,-0.03220178646221621
1745667481.4782863,-0.1649506201436367,-0.2134756513429953,-0.0464204309492299,0.5232813686318184,0.15653967816015424,-0.1638185321406598,0.8862683500280953,0.008604288463391186,-0.004367164579892412,-0.46307159903415424,12.333093536745883,26.06070513108651,-0.0469400975196988
1745667481.5849035,-0.2564596060429138,-0.1274269499712604,-0.09813046739677933,0.5228699227779583,0.1262390099862958,-0.05460632531459278,0.8676805746409736,0.019528198600792707,0.0062174545084843725,-0.4966995199409327,12.326939223631946,26.013702076394974,-0.005333307656129217
1745667481.677028,-0.2564596060429138,-0.1274269499712604,-0.09813046739677933,0.5208226578944312,0.13295908917286867,-0.08497290623093126,0.8654342225317395,0.005205106301519842,0.007153395813511274,-0.500944450281275,12.36434954715876,25.97527829758706,-0.013369619579767442
1745667481.7734263,-0.2503180445678303,-0.043237209781690766,-0.11471350117160464,0.5210246281050669,0.1404923564791359,-0.10470588387212347,0.8607440356625798,0.022308174309062786,0.009352757829006983,-0.5084629547482138,12.401865824973578,25.936969514020845,-0.024079203305925185
1745667481.8795283,-0.2503180445678303,-0.043237209781690766,-0.11471350117160464,0.5199933235574243,0.14906754871354638,-0.13054762411252013,0.8580435831165631,0.010380535494268433,0.013982716239859212,-0.5132815383411891,12.43939851556873,25.89865421687239,-0.03751441930674243
1745667481.9764972,0.005905562534932239,0.1318003904936145,-0.03400942511565959,0.6531007509262996,0.11802560795945113,-0.03754447646500846,0.8427207711410825,0.038457313683398484,0.008653172589096621,-0.5369058199682506,12.575084542892581,25.67369207380123,-0.005393116940461753
1745667482.070763,0.005905562534932239,0.1318003904936145,-0.03400942511565959,0.6540404479337321,0.11840376761392946,-0.05583105952234056,0.8417198515792463,0.04222873453838734,0.014113334919232995,-0.5380754958313522,12.613485249738075,25.61991289168431,-0.01347423873492953
1745667482.181365,-0.15601536816539632,-0.015169463300774372,0.0482477471206829,0.6510164108076989,0.1368901754244461,-0.10025960167735663,0.8341783480234256,0.028236081494070225,0.005719430497092132,-0.5507417684410344,12.651878507087341,25.566008874734806,-0.02422984729944805
1745667482.2854536,-0.15601536816539632,-0.015169463300774372,0.0482477471206829,0.6525117624065075,0.1343304982478857,-0.12582994898068517,0.835703486471958,0.021324052089341777,0.009314588625416391,-0.5486877125832545,12.690267112424143,25.5121073221746,-0.03766351685921229
1745667482.3715389,-0.3220819030578208,-0.21368447881343836,-0.1051728726129079,0.6426271879023958,0.2046697568868887,-0.05257899678761524,0.8127628547732636,0.016447911298357855,0.0017199049614077758,-0.5823598973501352,12.745074111154098,25.463131040490477,-0.004807736718016394
1745667482.4669495,-0.3220819030578208,-0.21368447881343836,-0.1051728726129079,0.6396871581247158,0.21338998975856066,-0.08658715243501444,0.8098208583947935,-0.002874014214293951,0.00250064029144925,-0.5866648652758649,12.78521527667714,25.409004211508716,-0.012319405389267884
1745667482.587956,-0.1240321161358292,-0.11731240596222779,-0.009823506872741458,0.637615971322251,0.22208246806859355,-0.10315061603663228,0.8033642145456542,0.02741542859191144,-0.0008105656907642663,-0.5948560128685152,12.825453992828132,25.354967380739563,-0.022311351533390672
1745667482.689826,-0.1240321161358292,-0.11731240596222779,-0.009823506872741458,0.6368171119191797,0.2225848592581459,-0.13380792366537475,0.8032079372339933,0.01894358013435046,-0.0018202249174479428,-0.5953946901990786,12.865640032971346,25.30090976419853,-0.03490751267827066
1745667482.7683182,-0.03413909971379013,-0.00956298880053436,0.22991652986249536,0.569682867922892,0.2481159817881946,-0.047867769242450176,0.7919597414082639,0.033847845687354924,-0.0006081051671069441,-0.6096340882357111,12.85187248213405,25.344449651128024,-0.004424769466936443
1745667482.87653,-0.03413909971379013,-0.00956298880053436,0.22991652986249536,0.5785473574686696,0.23393717669983632,-0.07343247987155452,0.7989717417411838,0.032195266687232035,-0.0003352363040843801,-0.6005060435321343,12.890696081164034,25.295891936310056,-0.011447043358722465
1745667483.0012085,0.0720902876669881,0.1301770749114367,0.02830484310645734,0.5607858179327349,0.27557000778956625,-0.09671415340299044,0.7745638698484225,0.04218372367472515,0.0011771500895861146,-0.6310863326836013,12.929584272114635,25.24723903445815,-0.02109663857929809
1745667483.0717056,0.0720902876669881,0.1301770749114367,0.02830484310645734,0.5647790675383813,0.2711684430304375,-0.11752652336031919,0.7752750744595255,0.04908368906425237,0.0038841534475958163,-0.6297017260113051,12.96842391053392,25.19856248018543,-0.03337719482058998
1745667483.1794972,-0.11408832187773202,-0.07324595249285742,0.2476129007003562,0.5487309121377498,0.29472100933331963,-0.15725513549581552,0.7628261255455313,0.028776366815857386,-0.002186613031941092,-0.645959318859571,13.007234945119672,25.14986407018187,-0.04827125596415077
1745667483.2745705,-0.11408832187773202,-0.07324595249285742,0.2476129007003562,0.5536541606113403,0.2813773318069266,-0.18370802658585314,0.7709034033197836,0.022029479643313452,-0.001651558535769732,-0.6365688628349827,13.045949385899025,25.10133290345432,-0.06573572298570693
1745667483.369648,0.08702321946221075,0.3411212725153373,-0.6499048197943765,0.7854472297632036,0.03791971925757317,0.014826957163107144,0.7167160539354835,0.04080840882989917,0.008930378236958029,-0.6961127926884162,12.91117596238707,24.745747220658224,-0.00347865565286176
1745667483.4784012,0.08702321946221075,0.3411212725153373,-0.6499048197943765,0.7758715117970294,0.08584828677031706,0.03387718940071034,0.693281661317954,0.05547849218192263,0.019443419263154297,-0.7182650126748451,12.917173526050442,24.667696138578712,-0.007631655087596605
1745667483.5754707,0.43210797600755485,-0.09382276912635362,-0.13428774093340679,0.771888577398738,0.005180505023771733,-0.004679419606385417,0.733857821835161,0.0345111496168207,-0.013242257469375162,-0.678296631644735,12.923724249922156,24.59020548541815,-0.010642728662287779
1745667483.6656392,0.43210797600755485,-0.09382276912635362,-0.13428774093340679,0.7623494763633935,0.021784506164372577,-0.003103122749230765,0.728300315976335,0.04726302312299097,-0.031102909722951214,-0.6829183446070345,12.930651545821934,24.51381882133385,-0.01268170256539465
1745667483.7827601,0.18870030342482463,0.0598850420739284,-0.13637739610942617,0.5477865772840711,0.07547513487189902,0.06951049532538174,0.7483390154734002,0.022271882727034238,0.01557122477350617,-0.6627595477389581,12.941588740605631,24.640532142079884,0.002943372407680352
1745667483.9110374,0.18870030342482463,0.0598850420739284,-0.13637739610942617,0.5305665887429936,0.08595807288042479,0.09433598665733038,0.7435090395606708,0.031208939529665657,0.01170963122452094,-0.6678945985120617,12.955638154682596,24.587484434489394,0.008285472151912537
1745667483.9689727,0.034733038280210654,-0.032831631609606206,-0.14965015776016716,0.5194644918253387,0.04590404357718359,0.12144560146447753,0.7624259796828914,0.0033652749140613545,0.024528037869684518,-0.646601636084846,12.969149263998137,24.535837722680707,0.016703915639754895
1745667484.0739872,0.034733038280210654,-0.032831631609606206,-0.14965015776016716,0.5028458826623768,0.05113607793212195,0.14804133883213627,0.7575987274870029,0.003444258249093008,0.022177979641652093,-0.6523346092414553,12.98229931245563,24.485665994375506,0.027999360651535105
1745667484.1773787,0.025675929127823825,-0.02212541505231416,0.21216512947712368,0.3431682137688926,0.09651249642954551,0.09140241272444607,0.7943841122131856,-0.009304704030497674,0.03293008717246135,-0.6064510813783648,13.007140496712042,24.602126734678837,0.005609111949318627
1745667484.2910168,0.025675929127823825,-0.02212541505231416,0.21216512947712368,0.3332586874422711,0.08801859066338528,0.12138389310201278,0.8008199127571539,-0.00860592132926686,0.03136956001839475,-0.5980212004218172,13.025869947018178,24.57188358541935,0.014365289715933188
1745667484.3863308,0.2789696489373941,-0.06911413263732598,0.0026059826489800986,0.3304339244778403,0.08544377605756857,0.15189949787838505,0.8029262554457693,-0.0069081521470545195,0.026729505280793344,-0.5954386948269255,13.0444437470522,24.54215861228203,0.026415143459008833
1745667484.4763236,0.2789696489373941,-0.06911413263732598,0.0026059826489800986,0.32488557540776125,0.08891118009469756,0.1794030633215185,0.8031096506360758,0.0022376705568519038,0.01564788295037679,-0.5956215456519774,13.062863750399098,24.512991638419013,0.04168910378628337
1745667484.563567,0.2664966013420714,0.20968022855760188,-0.0689222102435492,0.32554840525380796,0.0609909029239957,0.2261482396324208,0.8214014119698307,-0.003640028528174466,0.04020239228233498,-0.568920238927268,13.081505486286083,24.483770008413096,0.06030477778529122
1745667484.6792858,0.2664966020943287,0.20968022914603113,-0.06892221051656787,0.43766163914150313,-0.07550250838092576,0.1218835459388257,0.8189442195561014,0.013130895253559814,0.04121456216935116,-0.5722406003690028,13.046226695337081,24.314885092430274,0.0071257334822665734
1745667484.7835312,0.20267334328106038,0.19694420388478637,-0.11676084895543945,0.43416634684191946,-0.10001750548056007,0.140197901507638,0.8322022730553099,-0.0076930118124563076,0.0412208105509368,-0.5528842908496793,13.054869642476294,24.270535548006965,0.017481117756823133
1745667484.8723762,0.20267334328106038,0.19694420388478637,-0.11676084895543945,0.4298056703027231,-0.09339953856077671,0.18241628174274913,0.8285494398375431,0.005944335826288109,0.04376310712085662,-0.5581713724937946,13.063470521313203,24.226211267825303,0.031019939888090334
1745667484.9694474,-0.012717117456885751,-0.022488344414070938,-0.12891314359060302,0.4290347991227191,-0.13900896575182173,0.18999357207191048,0.8523798314996561,-0.022314824980121172,0.03616253862328069,-0.5211937665005638,13.072216049903306,24.18173715378338,0.04777809181617082
1745667485.0732176,-0.012717120250275401,-0.02248834660820746,-0.12891314263855488,0.39426042425481844,-0.035171409512039786,0.06997378870272947,0.8490273278373173,-0.02367525685577938,0.03539093645481524,-0.526630383110478,13.133589131908693,24.173741602379945,0.00431003481054109
1745667485.1654768,0.186933017975218,-0.060391790233142575,0.2057509424621856,0.38931141894785226,-0.0872838278267866,0.10100770796747544,0.8826042172971172,-0.012358131892423175,0.027540013504212344,-0.46914669330781855,13.148636948263318,24.13659330442312,0.011777934480501462
1745667485.2863603,0.186933017975218,-0.060391790233142575,0.2057509424621856,0.38851402984379924,-0.0938394635860795,0.1322199995888913,0.887539804313143,-0.005241039521102355,0.020614543223845032,-0.4602397938816225,13.163818502247786,24.0993555126288,0.02242709155963718
1745667485.3893857,0.02034592243589531,0.03705458022928801,0.008819213368732148,0.38722623282221047,-0.103009665392757,0.16756206751412567,0.8893266206538496,-0.017295749737203426,0.034739065854927184,-0.4556228880784624,13.17926379244039,24.061970612534147,0.036370885062497846
1745667485.466615,0.02034592243589531,0.03705458022928801,0.008819213368732148,0.38707688146973585,-0.10477997774728252,0.20176763359163075,0.8894786921373738,-0.015531537965138476,0.035930788532249985,-0.45529705248054825,13.194851804764953,24.024427463466395,0.053564344066797456
1745667485.578078,0.1868681737646114,0.12163258660576026,0.12818213353176156,0.4765555925522576,-0.3663229107762174,0.09562426218131981,0.9075386787353411,-0.007210605529351063,0.03359600264609726,-0.41856046441752587,13.150536734274949,23.775861731874393,0.006767838843835671
1745667485.6766613,0.1868681737646114,0.12163258660576026,0.12818213353176156,0.4703558807660726,-0.37126163949855184,0.14159357630118002,0.9100092252057831,0.004030035586116373,0.035247925238742095,-0.41306724951260543,13.154279686961459,23.71561965344719,0.016862667820063376
1745667485.7685857,0.1892690790577036,0.030185954611420873,-0.011442787700978618,0.46146004125083284,-0.3864022045073518,0.1572868800030832,0.9153043457495541,-0.009552242186640003,0.028670640588283294,-0.40162756838823493,13.158081497814154,23.655411087069393,0.03036778860109598
1745667485.8755965,0.1892690790577036,0.030185954611420873,-0.011442787700978618,0.4598180924195498,-0.3841490910273788,0.19976329689621836,0.9150795083310777,-0.00030023161720490153,0.026244574226256343,-0.40241847077043064,13.161801376992434,23.59518238643801,0.04725853473051063
1745667485.9796283,0.06307196423773322,0.2305431644603044,-0.09437795978336225,0.4563604289373839,-0.2662659508048701,0.08694905963944992,0.9284011450358065,-0.013472182290370432,0.039621527990308346,-0.3692153148506324,13.290988938038748,23.550243720976454,0.005511938330407997
1745667486.0701716,0.06307196423773322,0.2305431644603044,-0.09437795978336225,0.454508553898243,-0.2637532557805286,0.13288898194376614,0.9261680440461841,-0.006474425181205523,0.04909189312097951,-0.3738459870535417,13.306540548852585,23.49946300690111,0.014412573540193686
1745667486.1764407,0.1422630942025565,0.10572065016640773,-0.04895938662366508,0.43919627234707453,-0.29224830033571414,0.14914911597658953,0.9378016791128255,-0.013217612996750746,0.03213167942265297,-0.34542851726126095,13.321988965835036,23.448783508840016,0.026709964318260525
1745667486.2725022,0.1422630942025565,0.10572065016640773,-0.04895938662366508,0.43674164266712684,-0.28894626225845194,0.19196808154371073,0.9368406268133106,-0.004799155508756991,0.0345980939594594,-0.34800801708124257,13.337459725686925,23.398098225068686,0.042423266780777576
1745667486.3995025,0.019902271091569203,0.04761220868799159,-0.053591645596792394,0.3833055493274607,-0.17459724063451595,0.08337901196789287,0.9510133381871975,-0.021331889322567042,0.030937646868518732,-0.3068573660419641,13.395480217763737,23.450497775519935,0.00588182320703571
1745667486.467779,0.019902271091569203,0.04761220868799159,-0.053591645596792394,0.38207713247543157,-0.17395330576679138,0.11985159412405857,0.950132087891506,-0.019737771266031847,0.03283890222944634,-0.3094851247552007,13.41696216659273,23.414117159522128,0.015201359727698944
1745667486.5812702,0.022058917407159463,0.25263749677933234,0.06325444351820947,0.36665746122664084,-0.20266516557810202,0.15772189634380032,0.9597174757598461,-0.019073747551428773,0.04051670813163847,-0.27737511647166385,13.438449760859466,23.37765526616044,0.02793825032255609
1745667486.675782,0.022058917407159463,0.25263749677933234,0.06325444351820947,0.3586889034035767,-0.20677487239190703,0.20135202405734481,0.9600220096960093,-0.014381825068209618,0.05239033657192728,-0.27460181470781153,13.460006907172376,23.341141423181874,0.04408845157667913
1745667486.7616324,0.051546267409875834,0.0899530355273978,0.014477079157069854,0.34656639839158676,-0.2418160260530294,0.21617596776896694,0.9716535929160686,-0.02257579885442586,0.03150092399527801,-0.23321089268476142,13.481478099131223,23.30451577248183,0.06360118514916811
1745667486.8853865,0.051546267130663875,0.0899530353081422,0.014477079256235528,0.45075383284082965,-0.03269638775154202,0.11263502265812178,0.9717256329601888,-0.0189995575677175,0.03528591321382473,-0.23268694718229913,13.698626372611832,23.287591457532532,0.007039719901009363
1745667486.9759939,0.10692973364768019,0.3272818704309225,0.1761285690945151,0.4437116095313816,-0.07544682720433588,0.15176277124042342,0.980886215599763,-0.018994328267460153,0.041996886417649835,-0.18904419872417771,13.738215491708386,23.264432866458126,0.0175123433072799
1745667487.0741923,0.10692973364768019,0.3272818704309225,0.1761285690945151,0.43389031774422526,-0.08332908792977249,0.20092506835587004,0.9817818829116656,-0.01028364529666166,0.05719595083560947,-0.18090661744073272,13.7778468617945,23.241202188736978,0.031393206040620944
1745667487.1829998,0.11094055236542526,0.06869474008062632,0.07310573627747342,0.4414867356372223,-0.09902613508233502,0.20758193401973557,0.9852840072972224,-0.0219117296434047,0.02833700038793496,-0.1671296367415889,13.817459650903114,23.218008433156395,0.048751949034339735
1745667487.284564,0.11094055236542526,0.06869474008062632,0.07310573627747342,0.4389486535634955,-0.10179579789981985,0.24630175018499148,0.9858915705793138,-0.015768150355751152,0.03087339670996509,-0.16375594606182048,13.857199735659613,23.19472703247262,0.06956662398098883
1745667487.3681092,-0.6586780034964077,1.1442555572868471,-0.33491845277089133,0.3377418241838014,-0.13507064822483286,0.10947254429738079,0.9837643051194923,-0.05487211129472646,0.08497107551594534,-0.14824560600734596,13.792058028883648,23.22191235828273,0.005860916578746472
1745667487.4741943,-0.6586780034964077,1.1442555572868471,-0.33491845277089133,0.323068862251228,-0.1394608028576126,0.16899166882196687,0.9723396415336177,-0.08006583702440846,0.14497483374637624,-0.1647039186663974,13.82218722064784,23.199724177553822,0.014850132720133573
1745667487.579298,0.31811825309697006,1.6687452862584804,1.1774345107640578,0.3059052989086764,-0.2035165473875507,0.1805748016481139,0.9930053331511876,-0.0025503905143365005,0.10315663296375438,-0.05738129413933325,13.85273377691595,23.176293201238046,0.025597968436044977
1745667487.6745687,0.31811825309697006,1.6687452862584804,1.1774345107640578,0.24921562953379028,-0.23717623539413196,0.2570415673362335,0.9825279442423537,0.024070673529623103,0.18455112214203837,-0.0005698901992114183,13.884452824633158,23.152013766462986,0.03836199704949209
1745667487.783258,0.2986622520726827,-0.30189551161665407,0.21579561930904065,0.7276123900464823,0.043513199983667095,0.14057779276401108,0.9956103424371492,0.0007724677566849546,0.0025094772647793772,-0.09355828049726556,14.252020729651955,23.146305095981965,0.014019923887426008
1745667487.8770218,0.2986622520726827,-0.30189551161665407,0.21579561930904065,0.7522030986150521,0.03623697580279856,0.11013236968310966,0.9963636861887814,0.014253370558524877,-0.013923646592046729,-0.08283947330593726,14.325415389325528,23.13707021326128,0.0273765879862947
1745667487.9736085,0.06864280626952324,-0.005933816939067693,0.39355641709446826,0.7590752687799356,0.04839337438503841,0.14052374731488135,0.9954446608952171,0.0038035676049538772,0.020638599329199,-0.09300273214486614,14.400575290986653,23.12751211621342,0.03901761905552995
1745667488.0793188,0.06864280626952324,-0.005933816939067693,0.39355641709446826,0.7781511031445782,0.021901704375461597,0.12505455092543216,0.9970690731072203,0.007597591508780777,0.019945143395551982,-0.07346925419048035,14.477431342890757,23.118069790668226,0.0491298044075665
1745667488.177935,0.001153659146539962,-0.2078874817036251,0.14871569882280472,0.7836124774707129,0.10390073923560565,0.08169443712690255,0.9913473100197215,0.017287646991511297,0.009220822200582651,-0.12979454771331614,14.55546583505592,23.10788761101665,0.05701253502532452
1745667488.2730162,0.0011536559750200247,-0.20788748415391312,0.14871569997820702,0.588383898952603,-0.04438882761215781,-0.08328298162596257,0.9923269198362786,0.0160626243959862,-0.0012200926079229818,-0.1225878772137988,14.445158809038196,23.045676777354156,-0.007349059459433809
1745667488.3722196,-0.009929344923380677,-0.1424623110078938,0.12827528812666872,0.5964427424831256,0.004775488585693705,-0.09722649382139315,0.9857386163256964,0.030403104697095555,0.00890223863129558,-0.16527486698355157,14.501330195589407,23.02745242892864,-0.017340121776467522
1745667488.4772408,-0.009929344923380677,-0.1424623110078938,0.12827528812666872,0.601015955173658,-0.003664410940840421,-0.13248373349282558,0.9868317351490691,0.028792166979123436,0.0017674632711864,-0.15915719806816495,14.558068047545921,23.009052371767286,-0.03000489369105307
1745667488.571262,-0.04035783297513813,-0.3224805701056501,-0.024281901241286458,0.6029993991820555,0.03420932239681941,-0.16353865739672624,0.9808384107927789,0.030922712061196258,-0.00030561658716031764,-0.1923530722155954,14.615208665804845,22.990509991005588,-0.045421624021925004
1745667488.6792202,-0.040357833679771846,-0.3224805706389987,-0.024281900964611604,0.5025187234907366,-0.12319527356774038,-0.05287636281670419,0.9805322079902522,0.025838462762651865,-0.015694262390102236,-0.1940171463140684,14.53087066145846,22.924994188593118,-0.0035877493275596104
1745667488.7825794,-0.005930714805967921,-0.20134831336771497,-0.08835347844799185,0.5056367232284832,-0.09109271138868545,-0.059151515527918086,0.9729985195665354,0.03487266273345065,0.003420529063048996,-0.22813609599565404,14.57228269448047,22.894863535797338,-0.00990652228649559
1745667488.8695285,-0.005930714805967921,-0.20134831336771497,-0.08835347844799185,0.5030716516457487,-0.08949492579277306,-0.09597698288372924,0.9719766402585074,0.03227022561171205,-0.006153358781723058,-0.23277065860296225,14.61346894065819,22.864696412072202,-0.018888389322685245
1745667488.9773781,-0.13966244121199278,-0.14481400973036423,0.06537279548408514,0.5037941349909734,-0.08425609885883678,-0.11150315955671053,0.9708949673137722,0.028056731148124802,0.006950258830203917,-0.23775507604310844,14.654362746182775,22.834617874462914,-0.03049113373523752
1745667489.0841115,-0.13966244121199278,-0.14481400973036423,0.06537279548408514,0.499755386797222,-0.087479055122472,-0.146196901183534,0.9718640229590474,0.0195766463556964,0.0014885775884284766,-0.23472294291799362,14.695039240069878,22.804586346929263,-0.044718119622897234
1745667489.1757038,0.01700749072613672,0.010256928260266456,0.0017077273548676357,0.6045133991517315,0.3011816162815439,-0.05433569048476922,0.9617414810680276,0.036311087930510785,0.012427410338747866,-0.2712570514450305,14.900870465463326,22.994392671837108,-0.004819083639537311
1745667489.280448,0.01700749072613672,0.010256928260266456,0.0017077273548676357,0.6054420730618546,0.2991395287924838,-0.0808355780486011,0.961726913631562,0.03726908453874058,0.012686859230413794,-0.2711667430516178,14.968107011287861,22.988933547410344,-0.012306097532311757
1745667489.3762627,-0.07303251607553161,-0.15840178625913073,-0.21264618770353907,0.5807863478726134,0.3355924762483808,-0.11604267825765302,0.9529909398037609,0.029197383213607007,0.00562137868488242,-0.30153636856456245,15.035173034884085,22.983554096512275,-0.02245800006352979
1745667489.4897428,-0.07303251607553161,-0.15840178625913073,-0.21264618770353907,0.5688951971689973,0.3470429577407919,-0.14917202654988843,0.9498460400899595,0.023266879872240243,-0.0005151991874908745,-0.3118507447421459,15.101925978452485,22.978349968216325,-0.035258363174286704
1745667489.5796194,-0.04932359969227443,0.19405306398536298,0.10279726408756601,0.5732681021002284,0.1646188438855593,-0.038338893448430764,0.9479742905636647,0.03596581398701352,0.02037834852091313,-0.3156515920538476,15.098503703847516,22.86101274407232,-0.005095564141553649
1745667489.6808395,-0.04932359969227443,0.19405306398536298,0.10279726408756601,0.5795481699145185,0.1577328734463034,-0.05275998534175182,0.9494276128331869,0.036793043752209084,0.030168311549208363,-0.31036003753639785,15.154255625902861,22.840192476421585,-0.012853358262018794
1745667489.7883255,-0.08385251701771687,-0.23001945052198658,0.12188739084470698,0.5651769037839934,0.20161156279271805,-0.11748058446355343,0.936791569601941,0.027787852636095116,-0.00027776520622626276,-0.3487826159875185,15.210317365028459,22.819191022487935,-0.023264314811089017
1745667489.870218,-0.08385251701771687,-0.23001945052198658,0.12188739084470698,0.5662688896592722,0.19455447600201886,-0.15539923936437713,0.9389428346589088,0.019844853468216034,-0.009758492300912452,-0.34336177256871664,15.266553797888207,22.7980377864371,-0.036337210046794785
1745667489.980931,-0.24314166405294857,-0.06750268691965061,0.07174620935359655,0.5601244634790897,0.22679468388386964,-0.15928245913351943,0.9290121816583337,0.02306585220157573,0.009708686023983124,-0.36920194231385917,15.322833688899438,22.77692719286727,-0.05206322299810766
1745667490.0712228,-0.2431416646453638,-0.06750268736998973,0.0717462095819511,0.6564706446908853,0.21666153124713883,-0.05182371816682743,0.9305691331244098,0.010558999343549879,0.010977932117703502,-0.3657992359414748,15.47858550185713,22.657315250204977,-0.005455127657960078
1745667490.183962,0.03104947782460249,0.21566095488424997,0.04910026305351492,0.6428852294836486,0.25705214916851243,-0.06924451093346438,0.9168783356860563,0.04079595760315665,0.0165827360134743,-0.3967301605110413,15.541396596062828,22.628739389368537,-0.01347678253912472
1745667490.275381,0.03104947782460249,0.21566095488424997,0.04910026305351492,0.6467538531338679,0.2514503551897948,-0.08262112929852762,0.9175529791542207,0.046535395193096775,0.025752186424262444,-0.39404036891390526,15.604109501766215,22.600210643314302,-0.0241545007818977
1745667490.373894,-0.19436702590381327,-0.1720302766782969,0.007281070634681704,0.6286668160404236,0.288472464941971,-0.14188839616379173,0.9075633750914277,0.022181572815769938,0.0032685989746829487,-0.4193161269028632,15.667001584434818,22.57161536027732,-0.03747887086603774
1745667490.4744933,-0.1943670277189625,-0.1720302780552577,0.007281071314918608,0.6462535294930107,0.13670736659028818,-0.048172408638779876,0.9078842791883118,0.009754343305180359,-0.0004709742183206314,-0.41910710632568593,15.65945959870082,22.469574966225423,-0.003769465948470178
1745667490.586535,-0.26463127016733035,-0.21895117327187114,-0.13611006435133252,0.6328380104443064,0.18432678890446536,-0.06834400299144497,0.8916115418787776,0.0170607131863341,0.0029952367793594056,-0.4524696884994156,15.711813699377606,22.429568154483476,-0.010096107794524176
1745667490.6736996,-0.26463127016733035,-0.21895117327187114,-0.13611006435133252,0.6269612645474332,0.1948108392384507,-0.10341365245094905,0.8886388271856526,0.0002875189432402973,-0.0006630477570449411,-0.45860714398997016,15.76407915931948,22.38968330646166,-0.019044471448990005
1745667490.7960215,0.005227646940965225,0.0483560326202474,0.01934202965728954,0.6316236105260904,0.19471175010154101,-0.10939386886977337,0.8861157783533627,0.03500640741711802,0.00827587555620716,-0.4620658921374084,15.816410370398579,22.349887297438965,-0.030534466247681413
1745667490.8737142,0.005227645621304279,0.048356031606803906,0.0193420301606812,0.5969514638370768,0.08271541945825081,-0.028847360382592297,0.8865291741080406,0.03636326097618664,0.010263563944154267,-0.46112730992824263,15.74525268494987,22.34594830834623,-0.0042155424239664055
1745667490.9827604,-0.2231060884281029,-0.09213980178336287,0.10638441585911815,0.5904937835230412,0.11753900514755347,-0.06696292318121784,0.8727593364077928,0.021717260881796728,0.006459817454066194,-0.4876246220724313,15.786343784658364,22.302154781805285,-0.0111161086317756
1745667491.083224,-0.2231060884281029,-0.09213980178336287,0.10638441585911815,0.590763007119978,0.11180619210944062,-0.09657481616651745,0.8755491481279543,0.009767701670922361,0.00776250638343624,-0.48296793341911276,15.827325603267326,22.258380919749108,-0.020687034199553027
1745667491.1778865,-0.24438893735835196,-0.26254591279312434,0.10065859951820207,0.5850028318856082,0.16025978247267833,-0.1319121855510546,0.853927020382622,0.017167102055968796,-0.0015649704294990394,-0.5201071863904706,15.868643177335759,22.214244309826853,-0.03288051577749207
1745667491.2777257,-0.24438893753138793,-0.26254591292582347,0.10065859957997678,0.649816127045097,0.13650305328834675,-0.06236104338502052,0.8565838420963818,-0.00010469832955745367,-0.00650516833157296,-0.5159668528913836,15.956706658815964,22.096807727925643,-0.004065965198106794
1745667491.3743763,-0.13938935239273093,0.6547970799013454,0.6935870583649508,0.6482341481595473,0.11522644783250002,-0.015439873061861027,0.862518058496043,0.046244391828159606,0.03289047198790407,-0.5028342389347338,15.998830233424233,22.046408310320082,-0.01054648782592035
1745667491.4830844,-0.13938935239273093,0.6547970799013454,0.6935870583649508,0.6529203864486893,0.06752444223863843,0.003784068634815202,0.8781933563224806,0.05777824607730352,0.06298007637333305,-0.47060770623874854,16.040541356298235,21.996384347396447,-0.019448435241793658
1745667491.5784934,-0.6839619300423128,-0.3493626689686562,0.4067475601159562,0.6383475434036954,0.16236213864310528,-0.08374827181591901,0.8475397067709164,-0.014241711838923707,0.007177326110279214,-0.5304923233002272,16.082712361233572,21.945775431112942,-0.028169923889248785
1745667491.6737666,-0.683961933903399,-0.3493626719072347,0.40674756148906105,0.6150473461952132,0.13380640566392032,-0.0007142369437576762,0.8571644670089563,-0.05232134757608646,0.010795858252699853,-0.5122645825446669,16.095232975813,21.93702894783221,0.000604157358175185
1745667491.7780454,0.1083732708885835,-0.04565368722203411,0.017243642509761126,0.5794180915495728,0.18714883200096588,0.04134439749844639,0.8393641733240486,0.022052548930350763,0.006368679606205132,-0.5430846246633986,16.136052708958953,21.890879026605013,0.0025444729745415728
1745667491.877176,0.1083732708885835,-0.04565368722203411,0.017243642509761126,0.564149844981222,0.19346825652385297,0.05056483803955492,0.8397126299686016,0.02536617225086089,0.0014907862168593803,-0.5424362026386232,16.1767959397578,21.84637462221626,0.005962088544738391
1745667491.9648583,-0.01769138442580076,-0.0685098624228676,-0.03416830588182593,0.5552825973916561,0.16288506805342534,0.09874782475986565,0.8505925111471807,0.0037371949066542696,0.020566538645507247,-0.5254097742169497,16.216835903534207,21.803060967443034,0.012160128819871377
1745667492.0904305,-0.01769138160425821,-0.06850986026199588,-0.03416830694766016,0.46180888989587093,0.14985326203424273,0.08048172227182576,0.8497614267942883,0.0011499283193966755,0.018123820180667344,-0.5268545552042373,16.171395625504374,21.85979792399838,0.005015803904977616
1745667492.181612,0.05346661482787138,0.11999466005999324,0.05096333279534592,0.4508974783618416,0.11814391540705356,0.12479933877456778,0.8635969418445121,0.0007456455356499286,0.03141673142445502,-0.5032024990360693,16.204972162933892,21.82539437877167,0.013137673610101912
1745667492.2709572,0.05346661482787138,0.11999466005999324,0.05096333279534592,0.4324230140317443,0.11346538463113873,0.15853979174330612,0.864667258336717,0.0061533982526231,0.035250144332173446,-0.5010689527150637,16.237586887036173,21.79224534638216,0.02426119536340698
1745667492.3727474,0.2762874719343678,0.20659127496045693,0.09559416991125635,0.4307508788244964,0.08078770966146719,0.1906133403201229,0.8809999958624246,-0.0020090919427037048,0.03587078416255587,-0.47175020687174796,16.269632113205812,21.75988736217032,0.038737275562008955
1745667492.4861193,0.2762874721564498,0.20659127513557066,0.0955941698320819,0.5310982027559724,0.03237622601536298,0.11196689385543436,0.8827695077531412,0.015205465874285241,0.038457850373567755,-0.46798267460822435,16.3728241130727,21.569887395846514,0.005178825558166351
1745667492.5730326,0.11161428490886058,0.06938684516068033,-0.23863040803395175,0.530308973976952,0.023323766227438918,0.12702599315625074,0.884191907329395,-0.01961114291912366,0.035805582077192685,-0.4653364743695962,16.40588367942152,21.527283625064054,0.013679295135777168
1745667492.693921,0.11161428490886058,0.06938684516068033,-0.23863040803395175,0.5218011108129573,0.03503338576179425,0.16244403185967085,0.8785431041522669,-0.013487894088170345,0.036038916800706464,-0.47611058309535326,16.43860037675656,21.48511505854427,0.02541465787891137
1745667492.7762666,0.17222114247780956,-0.00013297476727969215,-0.07472966965567399,0.5305434960243937,-0.03231220030642724,0.18475515868547185,0.9056208337760749,-0.022405138637973936,0.0320412865203789,-0.4222822174227316,16.471550975648217,21.44264206947169,0.04042706688568634
1745667492.8755405,0.17222114247780956,-0.00013297476727969215,-0.07472966965567399,0.5304867812638828,-0.026789868397350355,0.21675530933384068,0.904196250959129,-0.01472844093910312,0.02831389567992261,-0.42592315749485354,16.504558943892683,21.400123862811302,0.05856667585514976
1745667492.9766269,0.015572580061984049,0.19833507846446694,-0.05559076071720632,0.482987967498996,-0.06983396949973446,0.09867897511044514,0.9219657101273737,-0.023169300525129947,0.042484897387143575,-0.38423618564173223,16.504175707436648,21.40186091772884,0.005881886419248655
1745667493.080625,0.015572580061984049,0.19833507846446694,-0.05559076071720632,0.4830046844100627,-0.06861794084820093,0.13940169432779057,0.9204452907139875,-0.018757986607570682,0.05126180498404044,-0.3870411245470584,16.534223474000054,21.36260620192227,0.014848869097733655
1745667493.1665761,0.03186396740135589,0.0752673542145022,-0.07948777222568112,0.48659880368034003,-0.09386105229229062,0.15409383262922421,0.9304315097818276,-0.022505100669029957,0.03489324407354879,-0.36410601144036253,16.56459182439458,21.323055098998424,0.02692488853142272
1745667493.269818,0.03186396740135589,0.0752673542145022,-0.07948777222568112,0.489103380520367,-0.09128116140525672,0.18928506557852612,0.9288738402657989,-0.019790802235794602,0.03772468055504279,-0.3679382577196218,16.595318037998894,21.283223023885398,0.04210442447722515
1745667493.3758843,0.1433146381981042,0.06640000081542229,0.1730791200491887,0.4773167967339263,-0.14335764338859217,0.216818877711982,0.9475693284331577,-0.015410148038518649,0.030975414388309277,-0.31767187293438204,16.626185328449168,21.24325410644715,0.060482567908977616
1745667493.474886,0.1433146375904767,0.06640000033459781,0.17307912024246405,0.4683011254190715,-0.39737501543573245,0.09285236166945932,0.9502607969438139,-0.007296452541637055,0.03197620537260922,-0.30972358945030976,16.540343815068784,21.04741945988387,0.006370056576066878
1745667493.5726936,0.1917068161418161,0.07899149371920647,0.057223483252830915,0.4595946363366626,-0.40612413205167,0.11808268973981147,0.9527971921963291,-0.01379881244779101,0.03026458410818425,-0.30177998321058475,16.55533083380424,20.987815982484165,0.01604997174597623
1745667493.683583,0.1917068161418161,0.07899149371920647,0.057223483252830915,0.4539256813985383,-0.4069956170040443,0.16229205389176268,0.9536182527426367,-0.0033868345085723856,0.031172776808666158,-0.29938105379955066,16.570279377604656,20.928264727788843,0.029018582629626845
1745667493.8056164,0.06858006974469509,0.010346362523512675,0.10360669810739241,0.42413486232174247,-0.45042400697255647,0.17301653242178477,0.9646883876915998,-0.021975691213585925,0.027666603521667783,-0.26101329984934024,16.585333327290016,20.868525988963285,0.045394017160867314
1745667493.8709414,0.06858006886821115,0.010346361837332922,0.10360669841579014,0.43172787128770285,-0.34249720912107906,0.06697732692988564,0.9660822119256164,-0.01838883127042538,0.027383993896223716,-0.2561193619461597,16.659638792423625,20.848278894776723,0.004863489029247317
1745667493.9891953,0.19689184276921806,0.23432684896239822,0.1603070172817284,0.4140221205464206,-0.35976920188037004,0.111260101106407,0.9709469332609978,-0.013413637234306344,0.03645640255132499,-0.23612085431029983,16.680673519612263,20.797374722728314,0.01314355796612061
1745667494.0749238,0.19689184276921806,0.23432684896239822,0.1603070172817284,0.4028151002351438,-0.3639911400121539,0.1619186831373229,0.9723994829475824,-0.0007950031629228216,0.04560945550676764,-0.22881956013772367,16.70178117969232,20.74652108590855,0.024824706987682466
1745667494.1687245,0.06884877113254184,0.42223975773436373,-0.030342043809398506,0.38299821125416766,-0.3901582966362173,0.17797346073900894,0.9772576829662979,-0.020360710128078302,0.04626486434884909,-0.20594277091756816,16.72281516183077,20.695729924510232,0.03996137532375497
1745667494.2783527,0.06884877054676257,0.42223975727680835,-0.03034204360320499,0.3645188207408921,-0.2486048912133887,0.09938406367402525,0.9758137064206854,-0.012714630125976158,0.06614474654559478,-0.20796831741085708,16.74918186789437,20.757925379068354,0.004944847976694534
1745667494.3791645,0.10462806118180629,0.13058834208334752,-0.12195595042610756,0.3437411160247775,-0.2859389233185426,0.10098648070621051,0.9858405344571004,-0.024139393639954248,0.030539287104779687,-0.16310451323971967,16.773217510547948,20.720181820773842,0.013171407380183589
1745667494.4714735,0.10462806118180629,0.13058834208334752,-0.12195595042610756,0.3429750992814581,-0.2830903882855395,0.14201331230257908,0.9847200216935915,-0.018102123609907823,0.035974054805002965,-0.1694244946206747,16.797187148049865,20.682389282820388,0.024773783703781336
1745667494.5791879,-0.27408099498928234,0.8911709797767382,-0.8029957553908293,0.3291599640593975,-0.2876485521322581,0.16667724015009677,0.9799727329027652,-0.038726592789066185,0.06863149946999139,-0.1828753976305617,16.820293499607974,20.644585493412862,0.03885710164476182
1745667494.682188,-0.27408099479636505,0.8911709799293779,-0.8029957554529832,0.4114732303605184,0.011158795670729006,0.13668581018320825,0.9671940399269654,-0.046684532445396165,0.11309096450902076,-0.22263575028851468,16.996453102855,20.718206180275136,0.0037132429847410936
1745667494.7701256,0.2592831854936658,-0.2728517958984098,-0.13692221883519062,0.4525859222969646,-0.05062825281732643,0.028301377065661174,0.9910141784545388,-0.0029972456004322863,0.0033459095832361826,-0.13368141048757365,17.037815221626627,20.701408645915244,0.006438700339661935
1745667494.8728464,0.2592831854936658,-0.2728517958984098,-0.13692221883519062,0.47048164361328065,-0.038895250277855856,0.013457698508100554,0.9899848189579153,0.008003618546903122,-0.011927326948698443,-0.14044123039505946,17.081006662545683,20.68455655334521,0.008877000989557618
1745667494.98724,-0.09671672946854226,0.3683438256098185,-0.39038003738332605,0.48818824513070513,-0.023746048775361867,0.04054133355270132,0.9880025606318275,-0.00527707723608293,0.039183400646685164,-0.14929083613724592,17.126130512757605,20.66784131773291,0.009870256140721517
1745667495.0754156,-0.09671672946345342,0.3683438256127522,-0.39038003738884836,0.4350768065614488,-0.01850051969624966,0.009510876352058634,0.9839744505699131,-0.008067835241987578,0.05798169184763282,-0.16842598989061058,17.08883040478697,20.695289853187496,-0.0031988709095075642
1745667495.170756,-0.33681376310730393,-0.9124976753760738,0.43781829816925605,0.4318120761047492,-0.0697201068244418,-0.07056393565779913,0.9915681284718235,-0.007897175188465045,-0.025596701996345558,-0.12678757853133077,17.128834044967597,20.67808905152407,-0.007312049061092609
1745667495.277896,-0.33681376310730393,-0.9124976753760738,0.43781829816925605,0.42704469003738454,-0.09423629435195595,-0.12527529322866657,0.9916321855363737,-0.03091870357988697,-0.0684720725794407,-0.10498198728338995,17.169486483304247,20.659789132295327,-0.01259775117585377
1745667495.3680525,-0.40106521230783176,-0.16279889348455323,2.696227221776521,0.38643696142660294,-0.17239274221476233,-0.0550420867892577,0.999849045370475,-0.003783057744884974,0.006097916327346084,-0.015823727826068435,17.20821119899741,20.641437725860364,-0.01838081858475019
1745667495.4947047,-0.4010652145780522,-0.16279889524223048,2.696227222737811,0.18394907765174062,-0.2590333265356544,-0.0013022957275934076,0.9926442284178891,-0.023043888189937807,-0.0012471529423482282,0.1188480526356305,17.108213117810468,20.668181273452152,0.0010716675845846267
1745667495.5900033,0.30192228499792195,-0.17657108652904194,0.23322918487309519,0.30848011799159797,-0.10131177968216,-0.0018084113309654246,0.9881851293314186,0.03441111045956716,0.005507081318098065,-0.14925045293245492,17.134183581209687,20.64940693997196,0.0004128763001135569
1745667495.669047,0.30192228499792195,-0.17657108652904194,0.23322918487309519,0.31341998116071607,-0.10315836100455454,-0.022379462054750998,0.9892363647030433,0.04806681305535992,-0.005871929091291852,-0.13808155807549247,17.16111729817623,20.630918667033374,-0.00197837907325439
1745667495.7923574,0.03364622061307043,-0.06233302937155928,-0.14122170545584206,0.32782138441473185,-0.07421115599614406,-0.039918571709083604,0.9829844769493329,0.025436475905100592,0.01623539142657076,-0.18119303473202747,17.18868123826963,20.61245841540437,-0.006588199857937801
1745667495.8819075,0.03364621908303912,-0.06233303052003434,-0.14122170482861238,0.3989687828970717,0.21330314194625222,-0.06828084687266381,0.9816821971632878,0.026410011771826485,0.013046083210537464,-0.18823489252456801,17.23650969773937,20.819023749681822,-0.0061726674246467515
1745667495.977089,-0.07502536479967142,-0.15980772295038229,-0.17555202637637832,0.3889800885140676,0.22577883804790425,-0.0995175649713174,0.9763215543220318,0.02415076170528678,0.009719721484480965,-0.21475216015102316,17.281188461029053,20.823911091641456,-0.014968061961899523
1745667496.0842443,-0.07502536479967142,-0.15980772295038229,-0.17555202637637832,0.3862307922494398,0.22882101396873653,-0.13010045162445502,0.9745292034826745,0.018685319037603086,0.0029355360843830954,-0.2234615694919029,17.32592014002146,20.828381586988886,-0.02639329812566343
1745667496.1805384,0.0353591887287327,0.07436960358373251,0.1313193929599075,0.38744608651706064,0.23771865832806577,-0.15262158399847772,0.9705501900063768,0.03614851489079402,0.015637939420027877,-0.23765746022473527,17.370934579625384,20.832836939232195,-0.04057528364160727
1745667496.306481,0.0353591887287327,0.07436960358373251,0.1313193929599075,0.39604009088676284,0.2302209307390972,-0.17816547315901163,0.9719594210286545,0.038849698375167455,0.01858889307456451,-0.23117101432503065,17.41620458888691,20.83715179526397,-0.05753398765842603
1745667496.3870752,0.006002012747956102,0.11622742473385353,0.23529003540029175,0.339822022370986,0.05065842150347639,-0.04868689190670588,0.9675658221024573,0.0366638112851226,0.017025174767111066,-0.24936376694579024,17.373640088119966,20.718173767623682,-0.004880883626568142
1745667496.484746,0.006002012747956102,0.11622742473385353,0.23529003540029175,0.3455000755574761,0.04055988797627112,-0.07241935769487085,0.9703061011091858,0.03860040291353475,0.0221402799346578,-0.2377517340622745,17.40585311939717,20.70656154706396,-0.012554917475815124
1745667496.5842166,-0.07504877814274614,0.011057551703629043,0.011993970623661365,0.34040502962359076,0.07846059991688803,-0.10855489341568975,0.9556183815038801,0.031986276813577096,0.011958869331339264,-0.2926215516188543,17.43826806912102,20.694867749588546,-0.023000788690335238
1745667496.6842744,-0.07504877814274614,0.011057551703629043,0.011993970623661365,0.3433356678535069,0.07785394114716813,-0.13509657186496576,0.9559002344492815,0.028569105393132156,0.013565979563314165,-0.2919837533071531,17.470890087869815,20.683050449138342,-0.036202306852384986
1745667496.7796094,0.00845756113005916,-0.14152973192089557,0.15835584053645566,0.3364948995527492,0.0827793478645215,-0.16972661306228332,0.9522015798589933,0.033437449576378966,0.0028271043053384893,-0.30362163256446506,17.503440639366456,20.67138715380677,-0.05213211525661535
1745667496.9072356,0.00845756113005916,-0.14152973192089557,0.15835584053645566,0.3338798550556342,0.07593948836266412,-0.20178394383501475,0.9545576398257724,0.031712068873770385,-0.00430430851668256,-0.2963031047191195,17.535865122571703,20.65984327759418,-0.07078059485907043
1745667496.9710307,-0.061245661706775326,-0.1159406917950253,0.11727926852133155,0.3839203104356384,0.11425641345989274,-0.07521132044562603,0.940683468978292,0.03023770656736101,0.00492926106610823,-0.33789938543574644,17.61722857260295,20.61798122158779,-0.006678181759714412
1745667497.080895,-0.061245661706775326,-0.1159406917950253,0.11727926852133155,0.38625236180548317,0.1093790448819051,-0.1060919841830228,0.942749653262654,0.025426050379786812,0.00033338580108274035,-0.3325304438530973,17.654272578471083,20.602807568673345,-0.01607148843635937
1745667497.1772704,0.02855241767783588,-0.01344567642474237,0.12291081520426173,0.3840978577184752,0.12297309675313958,-0.12680175989642734,0.9350374830326998,0.03608868343354233,0.007849047114831658,-0.35262005715968053,17.691355033002555,20.587632668638733,-0.028150274999407327
1745667497.2714498,0.02855241767783588,-0.01344567642474237,0.12291081520426173,0.38691818178896387,0.11620926836803945,-0.1545060156622372,0.9371394443824768,0.03723400423926174,0.006495095401914975,-0.3469021539952348,17.728482326814614,20.572446531656087,-0.04292201481402605
1745667497.3783324,-0.15080513665038806,-0.28634234071276204,-0.06827046041916784,0.3691433890934924,0.0641254663812192,-0.05958134930683839,0.919636872355759,0.02163648273228504,-0.001930178393979673,-0.39216853523716116,17.712851963428896,20.52153717012288,-0.004853019838042022
1745667497.4745698,-0.15080513665038806,-0.28634234071276204,-0.06827046041916784,0.36632232634254847,0.06665479014739684,-0.09571043432380869,0.9183080092155615,0.00909166353373474,-0.012065093112825793,-0.39557827972845083,17.743144820609352,20.499565715874425,-0.012366281328090948
1745667497.5832047,-0.10818408153158865,-0.03461319349644776,-0.13530229746810102,0.3705152846919008,0.07759249617035906,-0.10431921506997752,0.9111930288054865,0.02869905927335725,0.00845602203015619,-0.4108918640524946,17.773517425482538,20.47763981338271,-0.022526797574581738
1745667497.675084,-0.10818408153158865,-0.03461319349644776,-0.13530229746810102,0.3716320393905614,0.08297748808708776,-0.1315074401244459,0.9085476595757352,0.023000864808070978,0.009295466583940256,-0.4170440082275752,17.804010314805414,20.45560264955621,-0.03537626137440293
1745667497.784728,-0.13904254548673342,-0.03933908261358833,-0.030190143191380907,0.4958275870703621,0.020654622389900446,-0.05064144935462092,0.8991300239264635,0.026820070174536345,0.007846018627562458,-0.43678864900719006,17.929464612016293,20.252430574950743,-0.005494290576701992
1745667497.8751185,-0.13904254548673342,-0.03933908261358833,-0.030190143191380907,0.49626412838371853,0.022099779707606515,-0.07902973243788604,0.8986480897790532,0.019697551049143943,0.00915434087627018,-0.4381321892559897,17.961785014841237,20.215066246686906,-0.013664350605758978
1745667497.9731593,-0.04251037783555289,-0.16115759041200786,0.008160401903971437,0.49239802376247005,0.05134631809161407,-0.112501999604498,0.8834599724518969,0.027878357935961322,-0.0009608857835968279,-0.46767547608635524,17.994053855628312,20.177746440940457,-0.024492340858425853
1745667498.0801966,-0.04251037783555289,-0.16115759041200786,0.008160401903971437,0.48940539850101394,0.04977785012372272,-0.14717956116243655,0.8836715536120623,0.02223077753420425,-0.007096917035531253,-0.467525412823367,18.026252930636367,20.140524615717297,-0.038018504181099186
