time_step,actual_pos_x,actual_pos_y,actual_yaw,actual_body_vx,actual_body_vy,predicted_body_vx,predicted_body_vy,predicted_yaw,predicted_global_x,predicted_global_y
0.0,-0.97091115,-0.5978392,-3.3512871,0.5008523,-0.030654544,0.5008522868156433,-0.0306545440107584,-3.3512871265411377,-0.9709111452102661,-0.5978391766548157
0.1,-1.019446,-0.58482826,-3.3308914,0.50246024,-0.03193728,0.5026412230217829,-0.031626553856767714,2.9512445742832583,-1.0196690423295502,-0.5852236366979925
0.2,-1.0683717,-0.5726833,-3.310365,0.50395983,-0.03276082,0.5041674099629745,-0.03271529881749302,2.9707072752164763,-1.0687951031538017,-0.573426144237861
0.30000000000000004,-1.1176673,-0.5614569,-3.289744,0.50529104,-0.03334739,0.5054440569365397,-0.033575400011613965,2.9909877760903996,-1.1182636192036164,-0.5625231198128077
0.4,-1.1672999,-0.5511779,-3.2690632,0.50640094,-0.033919927,0.5064240345964208,-0.03495665919035673,3.0106974358307284,-1.1680165390203483,-0.5524474224128004
0.5,-1.2172273,-0.54185283,-3.2483563,0.5072457,-0.03464706,0.5076404440915212,-0.036067635752260685,3.0299762210445564,-1.218062957852471,-0.5432087585298744
0.6000000000000001,-1.2674016,-0.53347266,-3.2276556,0.50779265,-0.03560742,0.5079428229946643,-0.037129014264792204,3.0501176084028643,-1.268305708689844,-0.5348714484352275
0.7000000000000001,-1.3177719,-0.52602196,-3.206989,0.50802135,-0.036780857,0.5079807281545072,-0.03810613160021603,3.0705642888890665,-1.3187052624073063,-0.5274653725849694
0.8,-1.3682872,-0.51948816,-3.1863825,0.5079249,-0.038066182,0.5077604873767996,-0.039034023822750896,3.091100326051013,-1.3692195906228297,-0.5210042333275642
0.9,-1.418897,-0.5138674,-3.1658583,0.5075101,-0.039318018,0.5077749906777171,-0.03981024376116693,3.1113907771753233,-1.419853716889884,-0.515491681846371
1.0,-1.4695529,-0.50916743,-3.1454365,0.5067973,-0.040391505,0.5072750347753754,-0.040345728339161724,3.131609313433067,-1.4705384146134086,-0.5109508885576719
1.1,-1.5202084,-0.50540555,-3.1251378,0.505819,-0.041181125,0.5060946261364734,-0.04053540034510661,-3.132028369233012,-1.5211843310993325,-0.5073815698335481
1.2000000000000002,-1.5708195,-0.5026032,-3.1049817,0.5046186,-0.04165052,0.5050555261404952,-0.040774869004962966,-3.112300453707576,-1.5717876390295524,-0.5047850393034791
1.3,-1.6213466,-0.5007795,-3.084989,0.503248,-0.041826833,0.5035893344174838,-0.04088270774082048,-3.0928434878587723,-1.6222859666527214,-0.5031556091651376
1.4000000000000001,-1.6717548,-0.49994573,-3.0651815,0.50176525,-0.04179758,0.5020400014327606,-0.04070592688367469,-3.074404777958989,-1.6726499824546828,-0.502464763653873
1.5,-1.722016,-0.5001003,-3.04558,0.50023204,-0.041686654,0.5004843970382353,-0.04024208796181483,-3.0560480020940304,-1.7228592392111781,-0.5027314267050412
1.6,-1.7721096,-0.50122815,-3.0262039,0.49871093,-0.04161624,0.4990664654033026,-0.0399459989494062,-3.0383567232638597,-1.7729118320092359,-0.5039011067527223
1.7000000000000002,-1.822024,-0.5033031,-3.0070713,0.49726284,-0.041668724,0.49744300938618835,-0.039358682835882064,-3.0203340463340282,-1.8227669586386306,-0.5060112924755095
1.8,-1.871755,-0.50629365,-2.9881992,0.49594474,-0.041876487,0.49613000031968113,-0.039374880674586166,-3.0031232740730047,-1.8724485649311868,-0.5089594411564425
1.9000000000000001,-1.9213059,-0.51016796,-2.969604,0.4948075,-0.04222089,0.49482789692410734,-0.039207868634548504,-2.985852399840951,-1.92194062229349,-0.5127614542309177
2.0,-1.970685,-0.5148995,-2.9513006,0.4938941,-0.042639904,0.4937961607793113,-0.03934638531791279,-2.9681355077773333,-1.9712583212899721,-0.5174082197804282
2.1,-2.019904,-0.52047014,-2.9333024,0.4932381,-0.043049116,0.49332833736843895,-0.039590335443790536,-2.9507135283201933,-2.0204462797323877,-0.5228806210248363
2.2,-2.0689752,-0.52687204,-2.9156227,0.49286228,-0.04334354,0.4927815483970335,-0.0399909575280617,-2.9337690491229296,-2.0694892182183917,-0.5291351790351144
2.3000000000000003,-2.1179113,-0.53410786,-2.8982756,0.49277818,-0.043444894,0.49278681628857157,-0.04008985530526843,-2.917050613090396,-2.1184234570286775,-0.5361992217954703
2.4000000000000004,-2.166723,-0.5421856,-2.881275,0.49298534,-0.043329995,0.49306233544120914,-0.03969046768906992,-2.9002466201782227,-2.1672492962047096,-0.5441298855329785
2.5,-2.2154202,-0.5511136,-2.864632,0.49347153,-0.04301737,0.4937466213850712,-0.03910652697959449,-2.8842285741120577,-2.2159931550657257,-0.5529154810821224
2.6,-2.2640116,-0.5608968,-2.8483565,0.4942133,-0.04255513,0.4942325547708606,-0.03865222907916177,-2.868085328489542,-2.2646233568213847,-0.5625436484718751
2.7,-2.3125043,-0.5715343,-2.8324568,0.4951771,-0.042006843,0.4952540836202388,-0.03798676475707907,-2.852701806463301,-2.313178656526728,-0.5730116419241376
2.8000000000000003,-2.3609052,-0.5830182,-2.816941,0.4963205,-0.041434474,0.4964044203188678,-0.03767949626490008,-2.837201690301299,-2.361666411260763,-0.5842947518837598
2.9000000000000004,-2.4092185,-0.5953344,-2.8018162,0.49759427,-0.040885128,0.4975868519068172,-0.0371041151083773,-2.822145316749811,-2.4100729856020626,-0.5963983656426886
3.0,-2.4574466,-0.6084644,-2.7870886,0.4989446,-0.040374205,0.4989777230330219,-0.036449052320676856,-2.806657417677343,-2.458396128067649,-0.6093577991655549
3.1,-2.5055873,-0.62238765,-2.772765,0.5003151,-0.039890468,0.5004107436070626,-0.03541591081011575,-2.791953935287893,-2.506622745797901,-0.623172477332599
3.2,-2.5536344,-0.6370836,-2.75885,0.5016496,-0.039404135,0.5015620034791937,-0.035109921751427464,-2.7778002386912704,-2.5547457145568897,-0.6377378944984733
3.3000000000000003,-2.6015759,-0.6525327,-2.7453482,0.5028941,-0.03887433,0.5026490912678128,-0.03441336155810859,-2.763897569850087,-2.602736900031061,-0.6530757561761836
3.4000000000000004,-2.6493948,-0.66871655,-2.7322621,0.50399905,-0.038262654,0.5037537321586569,-0.03378467714355793,-2.7503945557400584,-2.650594756697217,-0.669160464008668
3.5,-2.6970687,-0.6856172,-2.719593,0.5049216,-0.0375483,0.5049816326609289,-0.03282648498134222,-2.7368563758209348,-2.698305614706983,-0.6860280157688734
3.6,-2.7445729,-0.7032154,-2.7073414,0.50562674,-0.036720302,0.5055326838883047,-0.03161420031392481,-2.7238866426050663,-2.745794887616578,-0.7036460883060733
3.7,-2.7918787,-0.72149,-2.695508,0.5060889,-0.03579117,0.5062300475801749,-0.03065182779391762,-2.711865335702896,-2.7930922432810887,-0.7219502982957482
3.8000000000000003,-2.8389587,-0.7404156,-2.6840928,0.5062927,-0.03479657,0.506054434194084,-0.029664433779544197,-2.6993765961378813,-2.840099193062609,-0.7409254758239614
3.9000000000000004,-2.8857865,-0.7599617,-2.6730957,0.5062335,-0.033778965,0.5061195705529826,-0.028410602346411906,-2.68733461946249,-2.886825077023983,-0.760580846292421
4.0,-2.9323382,-0.78009367,-2.6625156,0.50591743,-0.032779723,0.5057980095480161,-0.027710555572411977,-2.675728634931147,-2.9332595241626764,-0.7808252808968397
4.1000000000000005,-2.9785948,-0.80077344,-2.652351,0.5053609,-0.031829204,0.5054763230473327,-0.026868569824728183,-2.664423699490726,-2.9793949020545747,-0.8016533686350488
4.2,-3.0245397,-0.82196206,-2.642599,0.50458986,-0.030933948,0.5045598740434798,-0.025888201242196374,-2.6540656303986907,-3.0251851777839667,-0.8230018885652347
4.3,-3.0701618,-0.8436221,-2.6332579,0.5036388,-0.03008806,0.5032466016455146,-0.024970043727080338,-2.6439156169071794,-3.0705971828036116,-0.8448320569477886
4.4,-3.1154528,-0.86571896,-2.6243243,0.502549,-0.029277347,0.502465362111252,-0.02393666263378691,-2.633915303274989,-3.115670103855209,-0.8671675853112011
4.5,-3.1604087,-0.88822216,-2.6157947,0.5013669,-0.028483052,0.501629803537071,-0.02280040601908695,-2.624727084301412,-3.1604071113440733,-0.8899737981501198
4.6000000000000005,-3.2050302,-0.91110593,-2.607664,0.5001423,-0.027677575,0.5004296966108086,-0.02194226316350978,-2.615368314087391,-3.2047818481545556,-0.9132116159183107
4.7,-3.2493205,-0.93435013,-2.5999284,0.4989257,-0.026840286,0.49931464295150363,-0.020938866698998027,-2.606410015374422,-3.2487995486695196,-0.9368754602682717
4.800000000000001,-3.293288,-0.9579387,-2.5925837,0.49776697,-0.025966214,0.49816169121550047,-0.019665627434733324,-2.598100557923317,-3.292454573260979,-0.9609536018678629
4.9,-3.3369448,-0.9818587,-2.5856245,0.49671286,-0.025060706,0.4972019828019256,-0.01833707715559285,-2.5904600797221065,-3.33577302642008,-0.9854275107691918
5.0,-3.3803077,-1.0060991,-2.5790453,0.49580517,-0.02415123,0.4962139492017741,-0.017106692932429723,-2.582660747691989,-3.37875027126594,-1.010290448019526
5.1000000000000005,-3.4233983,-1.0306495,-2.572838,0.49507916,-0.023244604,0.49538101072903373,-0.015812768062460236,-2.575791811570525,-3.421416042071873,-1.0355125790909239
5.2,-3.46624,-1.0555024,-2.5669973,0.4945622,-0.022336395,0.4948804643681797,-0.014837841838016175,-2.569532771129161,-3.4638282474214526,-1.061056133914437
5.300000000000001,-3.5088587,-1.080652,-2.5615184,0.4942728,-0.021441981,0.49441542910426506,-0.0142808855016483,-2.5634482237510383,-3.5060148659495005,-1.0868785044376799
5.4,-3.5512817,-1.1060917,-2.5563958,0.49421987,-0.020576801,0.49447936667638714,-0.013622690967167728,-2.5581480022519827,-3.5480331042446527,-1.1129825629028014
5.5,-3.5935376,-1.1318159,-2.5516222,0.49440253,-0.019742552,0.4947716266142379,-0.012691662690485828,-2.553182749543339,-3.589893847060365,-1.1393885966632937
5.6000000000000005,-3.6356535,-1.1578192,-2.5471911,0.4948103,-0.018932328,0.4951894597434148,-0.011946724946028553,-2.548660854343325,-3.6316277814105278,-1.1660687761311201
5.7,-3.677655,-1.1840967,-2.5430949,0.49542373,-0.018134836,0.49523940471408423,-0.011077920367824845,-2.544466895982623,-3.673204733622226,-1.1929984053116065
5.800000000000001,-3.7195656,-1.2106441,-2.5393255,0.49621513,-0.017341461,0.4956091511849081,-0.01021345796470996,-2.5408033528365195,-3.714664381669865,-1.220172382539538
5.9,-3.7614048,-1.2374569,-2.5358744,0.49714997,-0.01653351,0.4962248184456257,-0.00911088589054998,-2.5371341821737587,-3.7560120416167373,-1.247624009153436
6.0,-3.8031886,-1.2645305,-2.5327332,0.49818835,-0.015701044,0.49685895563743543,-0.008264062213129364,-2.5339222599286586,-3.79727502741797,-1.2753140284380287
6.1000000000000005,-3.8449297,-1.2918587,-2.5298946,0.49928656,-0.014849394,0.4973903634090675,-0.007033634217805229,-2.5311107703018934,-3.8384330062899545,-1.3032512300050862
6.2,-3.8866377,-1.3194325,-2.5273492,0.50039923,-0.013989251,0.49860803729097825,-0.004489694008952938,-2.5281803312245756,-3.879462063354142,-1.331587034183867
6.300000000000001,-3.928319,-1.3472399,-2.5250888,0.50148076,-0.013133128,0.49936585004616063,-0.003646598182967864,-2.525633607292548,-3.9204319689942033,-1.3601398331806522
6.4,-3.9699774,-1.3752656,-2.5231042,0.50248754,-0.012294233,0.5000927320652409,-0.002564610433182679,-2.523458115523681,-3.961336196489417,-1.388911995976162
6.5,-4.0116143,-1.4034911,-2.5213864,0.50337964,-0.011483982,0.5008397260535276,-0.0011788315459853038,-2.521768085192889,-4.002172044770928,-1.417909439027253
6.6000000000000005,-4.0532274,-1.4318957,-2.5199263,0.5041222,-0.010709256,0.501507529625087,0.00031231857428792864,-2.5200018025934696,-4.0429240669752895,-1.44713907611687
6.7,-4.0948124,-1.4604563,-2.518715,0.504687,-0.009970308,0.5017165718309116,0.001679924564086832,-2.518673442536965,-4.0835744164150345,-1.4765460905248247
6.800000000000001,-4.1363635,-1.489149,-2.5177429,0.50505346,-0.009262804,0.5019524062809069,0.0036427814193302765,-2.5172082490753382,-4.124086020859115,-1.5061856719261026
6.9,-4.1778717,-1.5179497,-2.5170012,0.50520927,-0.00858011,0.5021702196390834,0.004674877753132023,-2.516523439087905,-4.164534587833988,-1.5359494295756821
7.0,-4.2193274,-1.5468343,-2.51648,0.505151,-0.007921794,0.5019094191957265,0.005084196411189623,-2.515732352156192,-4.204914481944997,-1.5657630723066385
7.1000000000000005,-4.26072,-1.5757796,-2.5161686,0.50488377,-0.0072785225,0.5015305737615563,0.00537416739098262,-2.5154036308813374,-4.245236882834599,-1.5955912798864718
7.2,-4.302039,-1.6047642,-2.5160582,0.5044215,-0.006632952,0.5009867288172245,0.005912744250963442,-2.5145493969030213,-4.285458148874706,-1.6254656231945115
7.300000000000001,-4.343275,-1.6337693,-2.5161405,0.5037856,-0.005984973,0.5004937614430673,0.006481609118054621,-2.514787731313845,-4.325613240805436,-1.655347536738268
7.4,-4.3844194,-1.6627772,-2.5164075,0.50300443,-0.005345495,0.4999123007291928,0.00728330276615452,-2.5143766771652736,-4.365661916614008,-1.6852767384512322
7.5,-4.425469,-1.6917717,-2.5168505,0.5021118,-0.0047247657,0.4993073035730049,0.00806306347658392,-2.514135881647235,-4.405608629714761,-1.7152431876300356
7.6000000000000005,-4.466421,-1.7207385,-2.5174608,0.5011456,-0.004135234,0.49864551797509193,0.008097646834357874,-2.5146951108181383,-4.4455164710995945,-1.7451512708319399
7.7,-4.5072794,-1.7496654,-2.518229,0.5001463,-0.0035761232,0.49810384970624,0.008377274836675497,-2.514795162685914,-4.485367032690876,-1.7750462366141275
7.800000000000001,-4.548048,-1.7785435,-2.519147,0.49915516,-0.0030448048,0.4969629234401509,0.009278082918172004,-2.5153910497610923,-4.525090162820583,-1.804923573069483
7.9,-4.5887365,-1.8073665,-2.5202067,0.49821246,-0.002541405,0.496040906815324,0.009478400887019234,-2.5162469343922567,-4.564752370292777,-1.83472916837654
8.0,-4.629356,-1.8361311,-2.5214002,0.49735603,-0.0020621605,0.4955819517490454,0.010046169936686056,-2.5169812453968916,-4.604366021533612,-1.8645248492660147
8.1,-4.6699195,-1.8648368,-2.522719,0.49661967,-0.0016013673,0.49532044943771325,0.011002813134837197,-2.518035312445136,-4.6439339675306615,-1.8943411492520152
8.200000000000001,-4.710443,-1.8934857,-2.5241554,0.49603182,-0.00115517,0.4947466905869078,0.01260407817972009,-2.5190733035851736,-4.683392861237343,-1.9242129957597118
8.3,-4.750943,-1.9220814,-2.5257013,0.49561447,-0.00071733753,0.49457113130483776,0.013099256106215762,-2.5203018122410867,-4.722845324190562,-1.9540663893897792
8.4,-4.7914386,-1.9506298,-2.5273497,0.49538234,-0.00028567848,0.4941681198833976,0.013349437231227057,-2.5212832653487567,-4.762279732156698,-1.9838779785824936
8.5,-4.8319473,-1.9791371,-2.529093,0.4953424,0.00013824763,0.4939715140935732,0.014034170966624515,-2.5228062380629126,-4.801703763659498,-2.0136738488831316
8.6,-4.8724875,-2.0076096,-2.5309243,0.49549374,0.0005508244,0.4938001080736285,0.015018444351881044,-2.524212595570134,-4.841098703725194,-2.0434845801935673
8.700000000000001,-4.913079,-2.0360534,-2.5328364,0.49582753,0.0009385826,0.49366227017890196,0.01574043029177119,-2.5257574677525554,-4.8804866941138085,-2.07328538881659
8.8,-4.9537373,-2.0644727,-2.534822,0.49632776,0.0013073251,0.4936106628665584,0.016188709229027154,-2.52772040097625,-4.919903064548419,-2.103042494686991
8.9,-4.9944797,-2.0928717,-2.5368752,0.4969717,0.0016600362,0.49417021346016554,0.01644987285908428,-2.528925615391927,-4.959386029586883,-2.1328056170644376
9.0,-5.0353193,-2.1212533,-2.5389907,0.49773115,0.0019879544,0.4944601989336661,0.01718492764121038,-2.5300129294919316,-4.998882871451286,-2.162602623347181
9.1,-5.076267,-2.1496181,-2.5411623,0.49857354,0.002290425,0.4950840462333872,0.017709652882331284,-2.5314321334299166,-5.038443022631947,-2.1924222961314963
9.200000000000001,-5.1173315,-2.1779656,-2.5433848,0.4994634,0.0025707078,0.49527789571584435,0.01840105820519966,-2.5323647128243465,-5.078007298625511,-2.2222728571711645
9.3,-5.1585183,-2.2062933,-2.5456529,0.5003637,0.0028306772,0.4960216342660715,0.019114330050797435,-2.5340847944898997,-5.117643212644156,-2.2521563394421347
9.4,-5.1998286,-2.2345972,-2.5479615,0.5012376,0.003072276,0.49664036423928337,0.020050876471941592,-2.5358962110767607,-5.157330738347085,-2.2820801960446784
9.5,-5.2412624,-2.2628713,-2.5503056,0.5020497,0.0032981809,0.4970958292906289,0.020909980452415766,-2.5371562283544336,-5.19704459105551,-2.312050594955271
9.600000000000001,-5.2828145,-2.2911088,-2.5526807,0.5027677,0.0035099545,0.49751068204204785,0.020995144888729556,-2.5388340566132683,-5.236838019432284,-2.341984853031446
9.700000000000001,-5.324478,-2.319301,-2.5550816,0.50336355,0.003708958,0.49795970330160344,0.02267605640736292,-2.540685586660402,-5.276628802853984,-2.3720094138300896
9.8,-5.3662434,-2.347438,-2.5575042,0.5038145,0.0038974627,0.49837757190834964,0.02333617837211932,-2.542301875684643,-5.316465332917099,-2.4020477008410572
9.9,-5.408098,-2.37551,-2.559944,0.50410414,0.004072817,0.4985157164410339,0.024117368662700756,-2.5437845107226167,-5.3563138057288775,-2.4320992379842425
10.0,-5.450031,-2.4035048,-2.5623968,0.5042227,0.00423577,0.49844462926557753,0.024744031117734266,-2.5447815006191377,-5.396151121047673,-2.462158869774859
10.100000000000001,-5.4920263,-2.431412,-2.5648592,0.5041676,0.0043864157,0.49858808668795973,0.025170799210172845,-2.5464424232777674,-5.4360262612804915,-2.4921956752743357
10.200000000000001,-5.534071,-2.45922,-2.5673277,0.50394344,0.0045224223,0.49833293186384253,0.025018930155056296,-2.5480849703599233,-5.4759380262552035,-2.5221400836849974
10.3,-5.576152,-2.4869184,-2.5697987,0.5035616,0.0046430198,0.4976796891714912,0.024614428879431216,-2.5494580747617874,-5.515859244070454,-2.551959637661813
10.4,-5.6182566,-2.514497,-2.5722682,0.5030398,0.00473626,0.49713987615541555,0.024263988841994433,-2.550844567391323,-5.555796454209431,-2.581664640986147
10.5,-5.660375,-2.5419474,-2.5747313,0.5024011,0.004820286,0.49639744256273843,0.024058290695393225,-2.552085072529735,-5.595720206484842,-2.6112617054958536
10.600000000000001,-5.702498,-2.569264,-2.5771856,0.50167316,0.004904716,0.49605354605591856,0.02427959441774874,-2.553995551337721,-5.635659540524944,-2.6407817967733296
10.700000000000001,-5.7446184,-2.5964437,-2.579629,0.50088686,0.00498765,0.4955408397654537,0.02406681122010923,-2.5558956726745237,-5.675623931223468,-2.6701798720313
10.8,-5.7867317,-2.6234844,-2.582059,0.5000751,0.005068282,0.49488866989850067,0.0243596301843354,-2.5572546803450678,-5.715557687915066,-2.6995120548389684
10.9,-5.828838,-2.6503863,-2.5844731,0.4992712,0.00514207,0.49411279839114286,0.02444194983036141,-2.5584095765661914,-5.755455997304176,-2.728762244109214
11.0,-5.8709373,-2.6771514,-2.5868688,0.498508,0.0052059065,0.4934986753796693,0.024333506105904235,-2.559434697177494,-5.795338936882695,-2.757928693186624
11.100000000000001,-5.913036,-2.7037826,-2.5892432,0.49781597,0.00525803,0.49269998460658826,0.024861687892553164,-2.5604128609702457,-5.835154633397383,-2.7870564135679428
11.200000000000001,-5.9551406,-2.7302845,-2.5915933,0.49722245,0.0052932505,0.49222938023740426,0.024925476256612455,-2.561491695960285,-5.874958872751915,-2.816120703525937
11.3,-5.99726,-2.7566628,-2.5939164,0.4967503,0.0053208307,0.49171535641653463,0.02500955977666308,-2.5620419084152672,-5.914731483973172,-2.8451419732225456
11.4,-6.0394053,-2.7829254,-2.5962105,0.49641716,0.0053430945,0.4914035650144797,0.025777630409720587,-2.5629529948637355,-5.954462411489505,-2.8741742466105658
11.5,-6.081588,-2.8090806,-2.5984735,0.49623477,0.005362079,0.49083593042450957,0.026219257200864377,-2.5642235443519894,-5.994158526741927,-2.9031620377355383
11.600000000000001,-6.1238194,-2.8351374,-2.600704,0.49620855,0.0053741364,0.4905541576736141,0.02670151512211305,-2.564805242494913,-6.033821579537486,-2.932151790548275
11.700000000000001,-6.166113,-2.861104,-2.6028998,0.49633744,0.005382365,0.49046696032746695,0.027521932486706646,-2.5654545184515882,-6.073451438707874,-2.9611798325342913
11.8,-6.2084804,-2.8869898,-2.6050599,0.49661413,0.0053883297,0.4906087922427105,0.029054869886749657,-2.5659385122417007,-6.113023789403311,-2.990324999978264
11.9,-6.250932,-2.9128025,-2.6071835,0.49702534,0.0053854426,0.49074572788958903,0.0298009347061452,-2.5665443525940645,-6.152584704703652,-3.0195162423655217
12.0,-6.293479,-2.9385488,-2.609269,0.49755245,0.005371849,0.49107490813184995,0.0309318809195247,-2.5671678349899594,-6.192129997193986,-3.0487956431174696
12.100000000000001,-6.336129,-2.9642344,-2.6113155,0.49817246,0.005347747,0.49153612852387596,0.03145837934062001,-2.568458574503893,-6.231723250483814,-3.0780932240189247
12.200000000000001,-6.378889,-2.9898636,-2.613322,0.49885875,0.0053130747,0.49189056117029395,0.03262666181035456,-2.568898674886441,-6.271295872889325,-3.107490771335733
12.3,-6.421762,-3.01544,-2.615288,0.49958247,0.005268796,0.49194337345761596,0.03355941606059787,-2.569302825955674,-6.31083429875327,-3.1369535962368373
12.4,-6.46475,-3.0409648,-2.6172125,0.5003135,0.0052167936,0.4924292202886136,0.0344296675066289,-2.5698786895372905,-6.350383456059598,-3.166493121391213
12.5,-6.507851,-3.0664392,-2.619095,0.50102204,0.005157925,0.4926092531204631,0.03521136891868082,-2.5709828069084324,-6.389938132169025,-3.196064471808274
12.600000000000001,-6.5510626,-3.091862,-2.6209345,0.5016794,0.005092955,0.4928058027253428,0.03630261378202704,-2.571248066262342,-6.429458276114093,-3.225727792799574
12.700000000000001,-6.5943775,-3.1172314,-2.6227307,0.50225943,0.0050281445,0.4933908042112307,0.03735119825068978,-2.5715719095314853,-6.468980688120991,-3.2554981627345727
12.8,-6.6377873,-3.1425447,-2.6244833,0.5027395,0.00496349,0.4935629917126789,0.03849026792522636,-2.5722679074970074,-6.508476910343642,-3.285346239812873
12.9,-6.681281,-3.1677985,-2.6261926,0.50310135,0.0048964354,0.49336089784264914,0.03952551329348353,-2.572183869750006,-6.547897789695169,-3.3152739308090826
13.0,-6.7248473,-3.192988,-2.627858,0.5033318,0.004829266,0.49369258284787065,0.040759599058219464,-2.5722131523652934,-6.587280950342909,-3.3453222880044136
13.100000000000001,-6.7684727,-3.218108,-2.6294801,0.50342315,0.0047581666,0.49368686100206105,0.04170842199891922,-2.5726903041068,-6.626626848257481,-3.3754314794451203
13.200000000000001,-6.812144,-3.2431526,-2.6310592,0.5033736,0.0046830564,0.4931429224598105,0.04218683966973913,-2.5725678299204446,-6.66589745777675,-3.405556484708528
13.3,-6.8558474,-3.2681172,-2.6325953,0.50318706,0.0046049994,0.49273525480384706,0.04312774607751635,-2.572165499412222,-6.705070880794223,-3.435754551984059
13.4,-6.899571,-3.2929962,-2.6340892,0.50287294,0.0045224284,0.4921235982255894,0.043605330185528146,-2.571922205213923,-6.744159690619053,-3.4659693753988865
13.5,-6.943302,-3.317785,-2.635541,0.5024458,0.0044353115,0.4916470250391285,0.044532819320011185,-2.571593922592001,-6.7831484063735505,-3.4962493974609514
13.600000000000001,-6.9870315,-3.3424804,-2.636951,0.5019245,0.0043456214,0.4911303472399595,0.04538745498939534,-2.5706229530333076,-6.822018042047243,-3.5266112454465235
13.700000000000001,-7.03075,-3.36708,-2.6383193,0.5013317,0.0042555574,0.49035737901431276,0.04528894446048071,-2.569991756492527,-6.860808825489471,-3.5569475207020567
13.8,-7.074451,-3.3915825,-2.6396465,0.5006925,0.0041668434,0.4895621497344109,0.04550196885611513,-2.568790272955084,-6.89948475680439,-3.5873051822250934
13.9,-7.1181307,-3.415989,-2.6409328,0.5000335,0.004080668,0.4889298537673312,0.04567640510867932,-2.568011952243978,-6.938074472204088,-3.617673277724421
14.0,-7.1617875,-3.440301,-2.6421783,0.49938202,0.003996822,0.48808000829740195,0.04526605998762534,-2.567073300044285,-6.976586624385782,-3.6479969523236173
14.100000000000001,-7.205422,-3.4645214,-2.6433833,0.49876446,0.0039149853,0.48746778151689796,0.045831977568013826,-2.566116076806793,-7.0149875714786925,-3.678371634942791
14.200000000000001,-7.2490373,-3.4886553,-2.6445482,0.49820557,0.0038355864,0.48689691593608586,0.045818643998245534,-2.5644452268315945,-7.05329060116046,-3.7087781715107195
14.3,-7.2926383,-3.5127075,-2.6456735,0.4977274,0.0037574738,0.4866171449466492,0.04620535142476001,-2.563181438978063,-7.0915106056505826,-3.739250176028606
14.4,-7.336232,-3.5366843,-2.6467597,0.49734837,0.0036781938,0.4863330566076911,0.04746835731657484,-2.561973968084203,-7.129600843908844,-3.769858420316477
14.5,-7.3798275,-3.5605927,-2.6478074,0.49708262,0.003596685,0.4858744098091847,0.04730291045143531,-2.5611929515434895,-7.167637883380094,-3.800457418710355
14.600000000000001,-7.423434,-3.584439,-2.6488166,0.4969395,0.0035126437,0.4855525878010667,0.047162237217889924,-2.559475205052877,-7.20560315776222,-3.831092265902515
14.700000000000001,-7.467061,-3.6082313,-2.6497884,0.4969232,0.0034258377,0.4851537260619807,0.047454943462980737,-2.55789314294816,-7.243470504750244,-3.8617895805700493
14.8,-7.5107193,-3.6319766,-2.6507232,0.4970327,0.0033372676,0.48497980210959213,0.048249231990666885,-2.556566782790469,-7.281238740468125,-3.892593709176099
14.9,-7.5544186,-3.6556818,-2.6516216,0.49726185,0.0032482285,0.48477444791205926,0.048534227816162456,-2.5551607653324027,-7.318930751894926,-3.923463283853821
15.0,-7.598168,-3.6793542,-2.6524842,0.49759966,0.003159704,0.4847130669586477,0.049236353826017876,-2.5537300188152585,-7.356534511775221,-3.9544417764099555
15.100000000000001,-7.641975,-3.7029998,-2.6533117,0.49803096,0.0030721414,0.4847422233033285,0.05027540923492779,-2.5519808604440186,-7.394028675745886,-3.9855739794545335
15.200000000000001,-7.685847,-3.7266243,-2.654105,0.49853683,0.0029865443,0.48461297834364814,0.050761594136019994,-2.549963457189733,-7.431422114277228,-4.016814906729281
15.3,-7.7297873,-3.7502317,-2.6548643,0.49909568,0.002903253,0.4846217431859259,0.05208048264194076,-2.548358205734985,-7.468692349932815,-4.048225663494836
15.4,-7.7738004,-3.7738261,-2.655591,0.49968398,0.0028212941,0.48461164742548135,0.053171982687672426,-2.5469255725911353,-7.505855561561561,-4.079779629760122
15.5,-7.817886,-3.7974095,-2.6562858,0.5002773,0.00273887,0.4847011105630372,0.05475465504150634,-2.5452156177780125,-7.542883274419467,-4.111533068452805
15.600000000000001,-7.862043,-3.820983,-2.6569488,0.5008514,0.0026535208,0.4847589902674372,0.056445439045091916,-2.5436236035602633,-7.579769986857369,-4.143488413981598
15.700000000000001,-7.906268,-3.8445458,-2.6575809,0.50138307,0.0025687332,0.48486295299153426,0.05795209335792606,-2.541780183004448,-7.616521262247114,-4.175641936966016
15.8,-7.9505568,-3.8680975,-2.658183,0.5018512,0.0024884657,0.48485387086748233,0.059045677237918426,-2.539752806216711,-7.653144611865667,-4.207959531920992
15.9,-7.9949007,-3.8916361,-2.658757,0.50223756,0.0024099818,0.48459648107291287,0.059992487415911455,-2.5372245166508947,-7.689611154915038,-4.2404329012899735
16.0,-8.039292,-3.915159,-2.6593032,0.5025275,0.0023322816,0.48454473072615656,0.06117447057204117,-2.5351312292332295,-7.725938021127403,-4.273076704843351
16.1,-8.083721,-3.9386625,-2.6598232,0.50271034,0.0022553382,0.484497176653349,0.06202868988202681,-2.5326868571864907,-7.762132225750319,-4.305876556630364
16.2,-8.128177,-3.962143,-2.660318,0.5027802,0.0021784578,0.48415682438189833,0.06250717975945008,-2.5300297615176532,-7.798183811573551,-4.338792099171853
16.3,-8.172648,-3.9855955,-2.660788,0.5027357,0.0021018193,0.48373456176614127,0.06238241881237627,-2.5271294528211,-7.834112471023138,-4.371777525565872
16.400000000000002,-8.217126,-4.0090165,-2.6612346,0.5025801,0.0020237742,0.4834675030388098,0.06255636251171381,-2.524599063122878,-7.869925703535149,-4.404852495360166
16.5,-8.261599,-4.0324016,-2.661658,0.50232136,0.0019482255,0.4831032449974373,0.062391456715886306,-2.5214359710516874,-7.905614078737214,-4.4380059909137035
16.6,-8.306057,-4.0557475,-2.6620593,0.50197136,0.0018779079,0.48289591716729774,0.062470597896208346,-2.5189523973094765,-7.941198547335633,-4.4712423568214215
16.7,-8.350493,-4.079052,-2.6624396,0.5015456,0.0018095456,0.4820559640893407,0.061700770672359795,-2.5156492508540396,-7.976650067977587,-4.50448448461628
16.8,-8.3949,-4.102313,-2.6627991,0.50106245,0.0017451752,0.4816254025163289,0.061172554484983266,-2.51265297216014,-8.011998083823327,-4.5377646419699
16.900000000000002,-8.439273,-4.1255293,-2.663139,0.50054246,0.0016856963,0.48135417603316455,0.06078921716562036,-2.5098023693135474,-8.047251839999447,-4.571098474521175
17.0,-8.483609,-4.1487017,-2.6634605,0.5000073,0.0016286476,0.4810990336072791,0.060318515240396664,-2.5068824884074274,-8.0824154800264,-4.604482070107054
17.1,-8.527907,-4.1718307,-2.663764,0.49947903,0.0015720222,0.4806272612140674,0.059392858075625554,-2.5037624721007887,-8.117492008595002,-4.6378727559595685
17.2,-8.572169,-4.194917,-2.66405,0.4989791,0.001514788,0.48007054015306494,0.058486741106207774,-2.500469240505481,-8.15246796141717,-4.671272859975311
17.3,-8.616399,-4.217965,-2.6643198,0.49852753,0.0014576633,0.47967159354720934,0.05762171496189694,-2.4969874228409026,-8.187347498059351,-4.704701424415612
17.400000000000002,-8.660599,-4.240977,-2.6645734,0.49814212,0.0014002844,0.4795288556588275,0.05695897120767768,-2.4937457976920996,-8.222147101710068,-4.738181419395571
17.5,-8.704777,-4.263957,-2.6648116,0.4978377,0.0013439793,0.4795901836723715,0.05658772076731111,-2.4907712600252125,-8.256874335064275,-4.7717389581570435
17.6,-8.7489395,-4.2869105,-2.6650352,0.49762562,0.0012901406,0.4794356912416333,0.056120904436284036,-2.487040827429155,-8.291492306685305,-4.805379371655639
17.7,-8.793096,-4.309842,-2.6652448,0.4975133,0.0012381597,0.47934570874622295,0.05525817667967203,-2.483897143654758,-8.326049969446276,-4.83905466958057
17.8,-8.837254,-4.3327575,-2.665441,0.49750397,0.0011887391,0.47943284746270365,0.05562462193211104,-2.480891394574428,-8.36049064922948,-4.872867967467402
17.900000000000002,-8.881423,-4.3556623,-2.6656241,0.49759665,0.0011425674,0.4794676696537863,0.05542411896476551,-2.4774895994050894,-8.394831204248586,-4.906784586889777
18.0,-8.92561,-4.378562,-2.6657953,0.49778622,0.0010979922,0.47955841335988225,0.05583567879239126,-2.474025096889818,-8.429035696827851,-4.940857914228028
18.1,-8.969824,-4.401461,-2.6659546,0.4980636,0.0010554945,0.4796991466491818,0.05657630532823532,-2.471097118832404,-8.46310528299347,-4.975098019290791
18.2,-9.0140705,-4.424364,-2.666103,0.4984163,0.0010147337,0.47985202250765724,0.057331976914611005,-2.4679699432163034,-8.497032435780087,-5.009513095850488
18.3,-9.058357,-4.4472747,-2.6662407,0.49882895,0.0009750472,0.4799851053603561,0.0592148012628968,-2.465568456944311,-8.530769417152129,-5.044164748458501
18.400000000000002,-9.102687,-4.470196,-2.6663687,0.4992839,0.0009361368,0.48005463796198455,0.06052140678821161,-2.461963655106956,-8.564304554796589,-5.079043789503969
18.5,-9.147062,-4.4931293,-2.6664872,0.499762,0.00089749333,0.48016859338440554,0.06197457827238395,-2.459548276528949,-8.597672589585198,-5.114123719928561
18.6,-9.191484,-4.516076,-2.6665974,0.5002434,0.00085915584,0.4803144516690736,0.06335005277378514,-2.456469766009832,-8.630856731251995,-5.1494219459254005
18.7,-9.235953,-4.5390363,-2.666699,0.50070846,0.0008203933,0.4804041290035457,0.06390131482930883,-2.4536036496574525,-8.663911491421691,-5.18486341714387
18.8,-9.280466,-4.56201,-2.6667929,0.50113845,0.0007832228,0.4805570822491063,0.06585921239184245,-2.4511240205320064,-8.696765362041175,-5.220547428085532
18.900000000000002,-9.325019,-4.5849943,-2.6668797,0.5015162,0.0007491043,0.4806542674477896,0.06617707237910508,-2.448047453217441,-8.729496446725584,-5.256363002806964
19.0,-9.369606,-4.607988,-2.6669595,0.50182706,0.0007176166,0.48055222075981874,0.06555630356615438,-2.444729703158373,-8.762140540698383,-5.292232820019205
19.1,-9.414221,-4.630988,-2.6670334,0.50205916,0.00068837387,0.48046720195907255,0.06534269521671376,-2.4418610568682197,-8.794688855253781,-5.32817431719682
19.200000000000003,-9.458855,-4.6539917,-2.6671016,0.5022042,0.0006605874,0.48046470444478473,0.06525633349974669,-2.43829494426609,-8.827114186531835,-5.364224908097649
19.3,-9.503501,-4.6769943,-2.6671646,0.50225735,0.00063430285,0.48030928911703086,0.06468702392612613,-2.4352955861540977,-8.859456369345871,-5.40031919370616
19.400000000000002,-9.548151,-4.699992,-2.6672227,0.50221765,0.00060901657,0.4802708254655954,0.06462100773660495,-2.432157815346727,-8.891686519510863,-5.436507269431252
19.5,-9.592795,-4.7229815,-2.6672764,0.502088,0.000584675,0.4801883709160393,0.06429414933973021,-2.429004355246434,-8.92381752267304,-5.472766678249037
19.6,-9.637427,-4.745959,-2.6673262,0.50187486,0.0005613204,0.4797335405901322,0.06334609735949925,-2.424843241838971,-8.955825357953987,-5.509058116093327
19.700000000000003,-9.682137,-4.7687287,-2.667056,0.5015881,-0.0058945236,0.4793563232824454,0.06270979635610274,-2.421555325301597,-8.98772729723644,-5.5453818865793
19.8,-9.727342,-4.7904677,-2.6649377,0.50124055,-0.022666372,0.4787288717643605,0.05818484502106003,-2.4192440760380123,-9.019797289721868,-5.5813983226952395
19.900000000000002,-9.773355,-4.8105826,-2.6592748,0.50084937,-0.045106463,0.47800395017929986,0.049706631919434585,-2.414936868386576,-9.052220944608653,-5.616870732540366
20.0,-9.820256,-4.8289957,-2.6485336,0.50044155,-0.06849662,0.47784697462429904,0.03496961260407261,-2.402969086455414,-9.085198355406808,-5.651628414089664
20.1,-9.8679285,-4.8460913,-2.6313474,0.50006324,-0.08921765,0.4781204100590912,0.010840821659257927,-2.3831591661146376,-9.119160185281586,-5.685299775969603
20.200000000000003,-9.916101,-4.8626003,-2.606559,0.49978873,-0.10426854,0.47918480256430485,-0.018554462471911393,-2.3552447035035584,-9.154324714406739,-5.717904673182574
20.3,-9.964265,-4.8796625,-2.573693,0.49972063,-0.10870661,0.479709997424834,-0.03370298294157692,-2.3232753871998284,-9.18957082822446,-5.750619917146714
20.400000000000002,-10.011724,-4.89857,-2.5330389,0.49997014,-0.10363548,0.48028488556246884,-0.04243034066439577,-2.284236594947288,-9.224210759645567,-5.784158166985181
20.5,-10.057892,-4.9202013,-2.485106,0.5006213,-0.09479547,0.4807629759898191,-0.0421555371458453,-2.239913053723285,-9.257338723805177,-5.819252885599042
20.6,-10.102472,-4.9448233,-2.4304004,0.5016959,-0.08900633,0.48147402139238693,-0.04032051711965323,-2.1870557962975,-9.288457625268626,-5.8562129146232955
20.700000000000003,-10.145537,-4.972186,-2.3694255,0.5031334,-0.09173296,0.4817071779698381,-0.03845188542891265,-2.12952086320729,-9.31725362769992,-5.895020050204062
20.8,-10.187485,-5.001767,-2.302733,0.50479555,-0.10557671,0.48191573107123986,-0.044533000883347995,-2.063784837635467,-9.34398381464518,-5.935365517187201
20.900000000000002,-10.228877,-5.0330667,-2.2309124,0.50649434,-0.12974635,0.4822920986343888,-0.061960452791936405,-1.9888179301342461,-9.369225144688357,-5.976926591749883
21.0,-10.270203,-5.0658484,-2.1545172,0.5080359,-0.16051553,0.48220260012112703,-0.08410365283179999,-1.9122047497949097,-9.393294942719905,-6.019547860414163
21.1,-10.31163,-5.10024,-2.0739868,0.50926566,-0.19246145,0.48200464724595804,-0.10953077450085402,-1.8310270904621575,-9.416281387743267,-6.063307179998482
21.200000000000003,-10.352834,-5.1366777,-1.9896455,0.5101011,-0.22007112,0.4818787128906479,-0.13441820963907958,-1.7467727883777115,-9.437951845476151,-6.108397586426507
21.3,-10.392969,-5.1757193,-1.9017621,0.51054233,-0.23923881,0.48142281620039284,-0.15440148263860465,-1.6593835352978203,-9.457590662975011,-6.154985077293044
21.400000000000002,-10.430803,-5.2178206,-1.8106188,0.5106593,-0.2482604,0.4813823132762991,-0.17052062190759898,-1.5685056000074837,-9.474532408986486,-6.203162243901227
21.5,-10.464978,-5.263157,-1.7165279,0.5105596,-0.24809891,0.4814835769184356,-0.17654376020345808,-1.4761490969976876,-9.487557461319115,-6.252763547843983
21.6,-10.494309,-5.3115563,-1.6198039,0.5103488,-0.2419066,0.4818956807548602,-0.17949266065534175,-1.3813794552406762,-9.49611225833427,-6.303470806413371
21.700000000000003,-10.518022,-5.362564,-1.5207297,0.51009434,-0.23399931,0.48251707500912744,-0.18053011651772977,-1.2840286194405053,-9.499779881741276,-6.354858422090663
21.8,-10.535833,-5.4155912,-1.4195532,0.5098055,-0.22861335,0.4829764830183194,-0.18278812556218327,-1.1849096863588784,-9.498536259393008,-6.406484299549624
21.900000000000002,-10.5478945,-5.470075,-1.3165027,0.5094331,-0.2287948,0.48290365866432694,-0.18692608396213473,-1.0838265567144845,-9.492458464236181,-6.457908354720329
22.0,-10.554605,-5.525587,-1.2117912,0.50888926,-0.23569949,0.48231948605553043,-0.19367313556995214,-0.9813450574001763,-9.48174508292396,-6.508767347647467
22.1,-10.556382,-5.5818405,-1.1055981,0.5080793,-0.24845739,0.4815364597207008,-0.20367634375270427,-0.8759365006408188,-9.466558638889294,-6.558797199416488
22.200000000000003,-10.553474,-5.638609,-0.99804723,0.5069363,-0.26459792,0.48019602425210905,-0.21637691729392827,-0.7700405492505524,-9.447149599044232,-6.607760053630109
22.3,-10.545869,-5.695589,-0.8892124,0.50544786,-0.28087693,0.4788966213427557,-0.2312396847146374,-0.6608216314634774,-9.423533974795385,-6.6554091873949695
22.400000000000002,-10.533252,-5.752217,-0.77928257,0.5036667,-0.29181364,0.47765049555619044,-0.2440713800924641,-0.5509560554346535,-9.395614173209742,-6.701209766258903
22.5,-10.515063,-5.807455,-0.6689222,0.5017002,-0.2934533,0.4764508709386064,-0.2508918418052417,-0.44170794627279975,-9.363267152781157,-6.744258480019229
22.6,-10.490916,-5.8599873,-0.5590418,0.4996774,-0.28623173,0.4755904916282816,-0.2524219074721259,-0.33266791692585684,-9.326558791361693,-6.783647914552984
22.700000000000003,-10.460864,-5.9085665,-0.45053512,0.49770796,-0.27344018,0.4750964004388152,-0.24768314263474167,-0.22499816855997778,-9.285772579078458,-6.818391549597986
22.8,-10.425415,-5.952303,-0.3441596,0.49585316,-0.2594332,0.4742526788222676,-0.23794826245557488,-0.11986055216402747,-9.241532809195384,-6.847686473227343
22.900000000000002,-10.385362,-5.9907994,-0.2405164,0.49411812,-0.24814203,0.4729939332655704,-0.2285214814792198,-0.018159463914344087,-9.194656174475606,-6.871393737965887
23.0,-10.341575,-6.0241156,-0.14006788,0.49246618,-0.24199155,0.4721435935543923,-0.22186759891610563,0.08041920521645807,-9.145812087325785,-6.889715942918712
23.1,-10.294831,-6.052604,-0.04315549,0.49084672,-0.2414416,0.4709514468750058,-0.22123753137111635,0.1770125926414039,-9.095557081302111,-6.903201026365581
23.200000000000003,-10.24574,-6.0766892,0.049993176,0.4892257,-0.24512355,0.4697762118494211,-0.22195392914272816,0.27086835363297723,-9.044353533121845,-6.912017432241336
23.3,-10.194767,-6.0966773,0.13924627,0.4876081,-0.2504407,0.46850167420507205,-0.22074477534897596,0.36056969323544763,-8.992727981711493,-6.916143348787438
23.400000000000002,-10.142311,-6.112653,0.22453241,0.48604664,-0.25443652,0.4668125521466209,-0.2166696430385855,0.44619497665553354,-8.94126694637395,-6.915544372536447
23.5,-10.088795,-6.1244755,0.30580452,0.48463497,-0.2546577,0.46553661227972043,-0.2134378077198562,0.5288681984820869,-8.890304364602084,-6.910483185865604
23.6,-10.034713,-6.131868,0.3830239,0.48348978,-0.24977869,0.4647479289169496,-0.2071240413670239,0.6068846062698867,-8.840316118615108,-6.900991857054863
23.700000000000003,-9.980622,-6.1345506,0.45616892,0.48272717,-0.23986118,0.4645477031635892,-0.19909331851795287,0.6800141260901,-8.791675501528745,-6.887261687740962
23.8,-9.927088,-6.132365,0.52525425,0.48244032,-0.22621804,0.46500796764030383,-0.1871288493011889,0.7481283173838165,-8.74486234127004,-6.869344539845993
23.900000000000002,-9.874596,-6.125359,0.5903388,0.48268393,-0.21095337,0.4659148166874729,-0.17299843018099637,0.8120876998582389,-8.700253178713192,-6.84743396366651
24.0,-9.823488,-6.1137977,0.65151376,0.48346752,-0.19633864,0.46705016211944894,-0.1608786759634313,0.8720285446324851,-8.657891579951007,-6.822023867770052
24.1,-9.773925,-6.098116,0.70887846,0.4847581,-0.18420672,0.46812735681760387,-0.15062623654648633,0.927938155917218,-8.617772115459875,-6.793585453216553
24.200000000000003,-9.725903,-6.078835,0.7625204,0.4864895,-0.17552017,0.4695342341192372,-0.13843355418339343,0.9794018753746059,-8.580102424922229,-6.762324345204587
24.3,-9.67931,-6.056471,0.8125093,0.48857486,-0.17021328,0.4710369859576531,-0.12914039378210873,1.0272201710322406,-8.544687723369785,-6.728689099577209
24.400000000000002,-9.634007,-6.0314612,0.85890555,0.49091852,-0.16732307,0.47263440522237943,-0.12352377872139186,1.070005484012654,-8.511160083170479,-6.693160077753338
24.5,-9.589898,-6.0041265,0.90177435,0.49342537,-0.16533181,0.4743464579560168,-0.11740645763620705,1.1082433612027671,-8.479486225603466,-6.65594912329735
24.6,-9.546978,-5.9746685,0.94119626,0.49600586,-0.16262507,0.47619813398796396,-0.11265386824652524,1.1420935616770294,-8.44944514874203,-6.617321551933744
24.700000000000003,-9.505349,-5.943196,0.9772722,0.49857736,-0.15793028,0.47833910814824776,-0.10570191216811509,1.171144019899657,-8.421095844833278,-6.577369969560953
24.8,-9.465188,-5.90977,1.0101209,0.5010631,-0.15063094,0.48049425936642365,-0.09799784326150984,1.1984037161746528,-8.394485195133097,-6.536179480024967
24.900000000000002,-9.426696,-5.87445,1.0398707,0.5033905,-0.14082366,0.48271040592680947,-0.09031551049247355,1.222794415516546,-8.369533632911814,-6.493881940888832
25.0,-9.390037,-5.837327,1.0666463,0.50549024,-0.12927495,0.48529918629083113,-0.0800540372465548,1.2468548678734805,-8.34649726562938,-6.450424314706895
25.1,-9.355285,-5.7985435,1.0905643,0.50729716,-0.117153905,0.48781867066736595,-0.07153038864180417,1.2671940998116042,-8.325087557066475,-6.406011918928681
25.200000000000003,-9.322396,-5.7582955,1.1117297,0.5087525,-0.10570472,0.4899333298426427,-0.06403796651557059,1.2849012707301881,-8.305126774995687,-6.360813219084725
25.3,-9.291217,-5.7168174,1.130242,0.50980794,-0.0959306,0.491980173367665,-0.05666740887954802,1.3001999827974942,-8.286515305864251,-6.314920190431893
25.400000000000002,-9.261507,-5.6743593,1.1462032,0.5104291,-0.088365525,0.4934554439723797,-0.04932790898874373,1.3152110121154692,-8.26926762069736,-6.268424679527123
25.5,-9.233,-5.6311626,1.1597258,0.5105992,-0.08295962,0.4941783942385882,-0.04245727460056514,1.328632321296027,-8.253295180014517,-6.221466930500786
25.6,-9.205445,-5.587437,1.1709327,0.5103209,-0.07917396,0.4939723245524874,-0.0357582494352755,1.3403436430671718,-8.238530658781468,-6.174192391782534
25.700000000000003,-9.178658,-5.5433507,1.1799568,0.50961643,-0.07617999,0.4930686525958663,-0.027897600989490456,1.3506814419233706,-8.22504246234635,-6.126684305312288
25.8,-9.152532,-5.499022,1.1869352,0.50852615,-0.07308342,0.4922516021952106,-0.022158613867759414,1.3597859843575861,-8.212565640833432,-6.079015076608043
25.900000000000002,-9.127039,-5.454528,1.191999,0.50710595,-0.06916877,0.4913225126992984,-0.017118946622758813,1.3678214271494653,-8.20098461122515,-6.0312365411407605
26.0,-9.102206,-5.409912,1.1952696,0.5054239,-0.064062245,0.4901652709422706,-0.0124248093661663,1.3732543425576296,-8.190146324534336,-5.98341713891881
26.1,-9.078077,-5.365198,1.1968554,0.5035568,-0.057772778,0.48896645343211276,-0.00862052987486095,1.3762780566175934,-8.17984910520104,-5.935609269951714
26.200000000000003,-9.054681,-5.3204036,1.1968523,0.50158656,-0.05067866,0.4876184725044368,-0.004912000355943746,1.3770108062017243,-8.169976789985423,-5.887854726534003
26.3,-9.031997,-5.275551,1.1953518,0.49959722,-0.043394372,0.4864819554686619,-0.0013800495971736382,1.3762374033394735,-8.160436048299617,-5.840151055570232
26.400000000000002,-9.009946,-5.2306724,1.1924468,0.4976717,-0.03660508,0.48556713843299804,0.0018907708845290472,1.374061682698084,-8.151130193823441,-5.792494038438715
26.5,-8.988391,-5.1858115,1.188234,0.49588892,-0.030789118,0.4846194859319439,0.00475424856722384,1.370214113703696,-8.141940532746972,-5.744908992263015
26.6,-8.967165,-5.141013,1.1828032,0.49432105,-0.026182787,0.4836558894794507,0.007753845563456707,1.3650728079664987,-8.132819663427261,-5.697404874985199
26.700000000000003,-8.946093,-5.096321,1.1762422,0.49303067,-0.022769626,0.482628122747883,0.01006587597385078,1.358943109138636,-8.123655426424625,-5.650009421327467
26.8,-8.9250145,-5.0517664,1.1686355,0.4920681,-0.020261904,0.4818991753463706,0.0127198423988375,1.3520674982282799,-8.114440426576264,-5.60269166700949
26.900000000000002,-8.903812,-5.0073643,1.160061,0.49146932,-0.018211327,0.4813463898799455,0.014520833527967625,1.3436213868844789,-8.10501403105058,-5.555466725675896
27.0,-8.88241,-4.963108,1.1505913,0.4912542,-0.016123861,0.481315616959364,0.017343107171654992,1.3345447086903732,-8.095434492080424,-5.508266222521028
27.1,-8.860779,-4.918971,1.1402929,0.49142593,-0.01359957,0.48127703967929847,0.020297380423471623,1.325110573990969,-8.085697584261865,-5.4610900807555325
27.200000000000003,-8.838918,-4.874914,1.1292307,0.491971,-0.010449551,0.4815195620731174,0.023973094325810962,1.3155652179557364,-8.07586035475797,-5.413892762030905
27.3,-8.816838,-4.830896,1.1174703,0.49286017,-0.0066953194,0.481942530980632,0.027924715567678504,1.3045192749414127,-8.06587250254351,-5.366662192087089
27.400000000000002,-8.7945385,-4.786879,1.1050757,0.49405047,-0.0025546565,0.48271433703212097,0.031522526664957695,1.2936404577631038,-8.055696371477783,-5.319370391897519
27.5,-8.771997,-4.7428436,1.0921099,0.49548745,0.0016254563,0.48392144471017673,0.03478137429647177,1.2807109260174911,-8.045187388919057,-5.272005232000568
27.6,-8.749165,-4.698788,1.0786325,0.4971078,0.0054802224,0.48548276532983436,0.03706751603476732,1.2672188111755531,-8.034211812937654,-5.224568833595447
27.700000000000003,-8.725964,-4.654735,1.0646981,0.49884224,0.008717703,0.4876263781598027,0.03860067695222824,1.253329278639285,-8.02265718690844,-5.177037942727411
27.8,-8.702308,-4.610723,1.050357,0.5006184,0.011196928,0.4893465053437467,0.039658175807744556,1.2384019538003486,-8.01043819801862,-5.129487716203073
27.900000000000002,-8.678108,-4.5668015,1.0356541,0.50236344,0.012943298,0.4913352154808308,0.04046150317026331,1.223449175915448,-7.997517432201524,-5.081911166487865
28.0,-8.6532955,-4.523025,1.0206325,0.5040068,0.014120891,0.4931640225377123,0.041199213327672624,1.20819871101412,-7.983876738289433,-5.034340032881017
28.1,-8.627823,-4.479443,1.0053347,0.50548273,0.0149847865,0.4948480622524585,0.04177264429472416,1.1914771904412191,-7.969433435735529,-4.986825965526178
28.200000000000003,-8.601676,-4.4360976,0.989803,0.5067326,0.015806766,0.496332454579715,0.042691607869528525,1.1748193611565512,-7.9542282233792605,-4.939386674788258
28.3,-8.574865,-4.3930206,0.9740791,0.5077071,0.016804691,0.49739538129961147,0.04433005643386423,1.1578295880171936,-7.938326674307029,-4.892049438604472
28.400000000000002,-8.547422,-4.3502374,0.95820266,0.5083686,0.018094815,0.4983536867339353,0.04544722396258294,1.1406138518068474,-7.921674149876344,-4.844859271169321
28.5,-8.519387,-4.3077703,0.94221014,0.5086924,0.019674063,0.4991860254349376,0.04601168326644256,1.1231240068736952,-7.904213719980268,-4.797868090957396
28.6,-8.4908,-4.265644,0.92613375,0.5086679,0.021434927,0.4995054699220418,0.046414156034188636,1.1059821934613865,-7.885972038654162,-4.751136506926669
28.700000000000003,-8.46169,-4.22389,0.9100019,0.50829923,0.023205167,0.49963644188846956,0.04686509462499089,1.088800416997401,-7.866964042926805,-4.704692721443566
28.8,-8.4320755,-4.182548,0.89384013,0.50760496,0.024801992,0.4989474682488435,0.04687037466283073,1.0715775207791012,-7.8471924568073055,-4.658643416744701
28.900000000000002,-8.401963,-4.141665,0.87767273,0.50661725,0.026082119,0.49805012230081047,0.04679306120306137,1.0559004896495026,-7.826738873799208,-4.612991624982088
29.0,-8.37135,-4.1012907,0.8615239,0.50538,0.026976611,0.49687507167709555,0.04661919446880347,1.0402409748348873,-7.805617405425804,-4.5677758596427545
29.1,-8.340235,-4.0614724,0.8454182,0.503947,0.027504116,0.4955824074686461,0.04645879754025373,1.0248730170715135,-7.783856992343812,-4.523008819902404
29.200000000000003,-8.308614,-4.0222483,0.82938033,0.50237924,0.027759185,0.4943332709490278,0.04601573264153558,1.0101329895842355,-7.761467998958969,-4.478696730362522
29.3,-8.276493,-3.9836428,0.8134344,0.50074214,0.027880548,0.4929315312883773,0.04512358230931568,0.9953786718833726,-7.7384291038361885,-4.434885936787093
29.400000000000002,-8.243887,-3.9456644,0.79760325,0.49910277,0.028016053,0.49123933609826054,0.04315829144252348,0.9802229969936889,-7.714659884339278,-4.391679323415842
29.5,-8.210814,-3.9083066,0.7819075,0.49752715,0.028281808,0.4901344821673774,0.04197737558206427,0.965219314879505,-7.690210906692725,-4.3489922457606465
29.6,-8.177295,-3.87155,0.7663662,0.49607754,0.02873271,0.48919031496643584,0.04066554161181557,0.9503104684117716,-7.665076421135332,-4.306827495778219
29.700000000000003,-8.143347,-3.8353693,0.750997,0.49481022,0.029360685,0.4884246833507859,0.03947474954111385,0.9357660372916143,-7.639280905584341,-4.265165034868725
29.8,-8.108979,-3.799737,0.73581666,0.4937733,0.030100467,0.48822205187479994,0.03928465576245799,0.9209333124745172,-7.612867408593272,-4.223917395689556
29.900000000000002,-8.074194,-3.7646291,0.7208408,0.4930052,0.030851549,0.48795274732128746,0.038674253151839366,0.9065552984538954,-7.5858321424647155,-4.183112614105646
30.0,-8.038982,-3.7300272,0.70608467,0.49253294,0.03150313,0.4880494567742062,0.0389428230082558,0.8917835417378228,-7.558211915833529,-4.142687235467266
30.1,-8.003326,-3.69592,0.69156253,0.49237162,0.031969953,0.48780839137634757,0.03849437657845556,0.8777823669079226,-7.530009312707093,-4.102699717237871
30.200000000000003,-7.9672046,-3.6623015,0.6772873,0.49252352,0.03220175,0.48822273061978194,0.03867829228329356,0.8632212502125185,-7.501214501767728,-4.063083643317755
30.3,-7.930593,-3.6291695,0.663271,0.49297825,0.032198526,0.48889335336298245,0.03896089356203447,0.8482287104416173,-7.4718058527162015,-4.023834719983978
30.400000000000002,-7.8934717,-3.5965207,0.6495242,0.49371326,0.03200988,0.4896102032334966,0.03879219432928949,0.8339066502812784,-7.441777448897517,-3.984969249208311
30.5,-7.855827,-3.5643494,0.6360557,0.49469477,0.031707093,0.4905904061570254,0.03887321724687354,0.8196615490305703,-7.411137494222281,-3.9464582908480743
30.6,-7.817651,-3.5326462,0.62287414,0.49587923,0.03136659,0.4918647747663272,0.03865631900043809,0.8055879564199131,-7.3798546867946415,-3.9083054582403745
30.700000000000003,-7.7789445,-3.5013988,0.60998726,0.4972154,0.031052172,0.49314343607420597,0.038185835528565804,0.7912077053624671,-7.347903136288689,-3.8705485451508954
30.8,-7.739715,-3.470593,0.59740263,0.49864635,0.03079775,0.4945015096282077,0.03764843911994831,0.777870087622432,-7.3153163923372295,-3.833164115255958
30.900000000000002,-7.699974,-3.4402158,0.5851271,0.5001121,0.030602278,0.49603514004866156,0.03731572290780605,0.7648885191592854,-7.282113414833742,-3.796123657398432
31.0,-7.659737,-3.4102583,0.5731667,0.50155216,0.030434871,0.4975240644243968,0.03715630236911238,0.7529459788638633,-7.24835091391649,-3.75939218061511
31.1,-7.6190224,-3.380717,0.56152636,0.5029079,0.030245814,0.4990212787351993,0.03680069567417377,0.741142525075702,-7.2140227594015265,-3.722986918826147
31.200000000000003,-7.577849,-3.3515956,0.55020964,0.504125,0.029982742,0.5003910212953997,0.03608219416128122,0.7296441977086943,-7.179128285922012,-3.6869410215579013
31.3,-7.5362387,-3.3229032,0.53921914,0.50515586,0.029606244,0.5015549598438156,0.03546028698110604,0.718162134027807,-7.143693672349446,-3.651268395386983
31.400000000000002,-7.4942174,-3.2946525,0.5285559,0.5059609,0.029110728,0.5026462335781616,0.03513315989766852,0.7077539290476125,-7.107785511712667,-3.6159204145361574
31.5,-7.4518127,-3.2668576,0.5182197,0.5065105,0.028490549,0.5034375614895907,0.03446100780638517,0.6973062667238992,-7.071406189974231,-3.5809502223201064
31.6,-7.409056,-3.239533,0.5082126,0.50678575,0.02776858,0.5037077368588143,0.03391592152547673,0.6874552971858066,-7.03462867810745,-3.5463650757983363
31.700000000000003,-7.3659835,-3.2126887,0.49853617,0.5067792,0.026998509,0.5039531029879072,0.03354290436618612,0.6785755499440711,-6.997502998181765,-3.5121215004227975
31.8,-7.322633,-3.1863298,0.4891913,0.506495,0.026232969,0.5033669229715088,0.03245137684643851,0.669343351124553,-6.960041005233461,-3.4783441027380793
31.900000000000002,-7.2790437,-3.1604552,0.48017806,0.50594836,0.025513379,0.5024299040205733,0.031481957474170486,0.6599787163722795,-6.922278936431386,-3.4450530321516197
32.0,-7.235256,-3.135059,0.47149596,0.50516504,0.024862055,0.5021884519492232,0.030734125819435576,0.6510553823027294,-6.884195193251714,-3.4121743645533846
32.1,-7.1913066,-3.1101325,0.4631437,0.50418025,0.024279634,0.5013751891792708,0.029816627680702368,0.6430475401866715,-6.845859453326847,-3.3797239075377905
32.2,-7.1472273,-3.0856645,0.4551194,0.50303674,0.023747753,0.5001805352630981,0.028789217529265443,0.6352904394443613,-6.807308337776141,-3.347725386340454
32.300000000000004,-7.1030445,-3.0616436,0.44742066,0.5017833,0.023236515,0.49894104002760287,0.027888890475878725,0.627357632125495,-6.768552097127687,-3.316179335444072
32.4,-7.0587773,-3.0380588,0.44004482,0.5004726,0.022713583,0.49775420072273846,0.026860431888053427,0.6196763834159356,-6.729591575770062,-3.285084560208906
32.5,-7.014439,-3.0148993,0.43298912,0.49915904,0.022152953,0.49674507848703797,0.025796885256568203,0.6123512882913928,-6.690425773933127,-3.2544210397102704
32.6,-6.970036,-2.9921532,0.42625058,0.4978963,0.02154105,0.49561048137275066,0.0248203430128342,0.6056501452985685,-6.651093057019778,-3.2241655382774335
32.7,-6.925568,-2.9698076,0.41982606,0.49673536,0.020879328,0.4944027266583362,0.023939509879710386,0.5989047314214986,-6.611607249606819,-3.1943168770754378
32.800000000000004,-6.881033,-2.9478471,0.4137116,0.49572238,0.020190392,0.4937445805526295,0.023113301318517188,0.5924854136246722,-6.571939108371168,-3.1648275921377227
32.9,-6.836423,-2.9262526,0.4079024,0.49489683,0.019483676,0.49302503258240904,0.022368111185642192,0.5864110972906929,-6.532111269290273,-3.1356816938730376
33.0,-6.7917275,-2.9050035,0.4023953,0.49428993,0.018775344,0.4929889476052267,0.02195795585066662,0.5807906773115974,-6.492100760139849,-3.1067963740654903
33.1,-6.7469354,-2.8840764,0.3971861,0.49392366,0.018101117,0.49282665527516656,0.021388579629274318,0.5750522685411852,-6.451907806713353,-3.078197731969435
33.2,-6.702033,-2.8634455,0.392269,0.49380982,0.01746015,0.4928731185691504,0.020722044693684438,0.5700826376851182,-6.411533340963505,-3.049852791382834
33.300000000000004,-6.6570067,-2.8430862,0.38764024,0.4939497,0.016844505,0.49275533225318213,0.020180918338155607,0.5654706309724133,-6.37100952887669,-3.0217463593210856
33.4,-6.611842,-2.8229744,0.38329473,0.4943343,0.016268026,0.4930767259111235,0.019531876958353678,0.5610701047990005,-6.330300679497305,-2.993856377235505
33.5,-6.5665264,-2.8030872,0.3792254,0.49494472,0.015697638,0.4936626547614651,0.01899720082656131,0.5568772244441789,-6.289397249210342,-2.9661517477629165
33.6,-6.5210457,-2.7834065,0.37542826,0.49575308,0.015107032,0.49474817594909837,0.018244180540932575,0.553005193331046,-6.248254928059699,-2.938612766524988
33.7,-6.47539,-2.763916,0.3718977,0.49672383,0.0145014,0.49567534511606937,0.017742197091138223,0.5494185946590733,-6.206908815712287,-2.9112159176753334
33.800000000000004,-6.4295506,-2.7446022,0.36862686,0.49781528,0.013861719,0.4969523927911723,0.01711676182821975,0.54581981987576,-6.165322759178927,-2.883955203371271
33.9,-6.3835225,-2.7254539,0.365611,0.49898136,0.013184961,0.4978611162996458,0.01649118395653204,0.5431149669166189,-6.123552992354052,-2.856813665424615
34.0,-6.337306,-2.7064614,0.36284444,0.50017357,0.012490566,0.4987445698834563,0.01603060256820754,0.540463649405865,-6.081611959614946,-2.8297770044834665
34.1,-6.2909045,-2.6876147,0.3603207,0.50134295,0.011798964,0.49978918319266086,0.01548011682825745,0.5378030144784134,-6.039481226904852,-2.8028457962327287
34.2,-6.244327,-2.6689038,0.35803264,0.5024422,0.0111239245,0.5005186287353354,0.014820956163021037,0.5354789553384762,-5.997191650346158,-2.7760320441824597
34.300000000000004,-6.197588,-2.6503193,0.35597348,0.5034274,0.010475058,0.5012462627973946,0.01444652976715588,0.5335211793135386,-5.954767966537914,-2.7492963707470515
34.4,-6.150704,-2.6318536,0.35413617,0.5042599,0.00985938,0.5015805144112164,0.013786733881715918,0.5314342626079451,-5.9122263283317364,-2.7226892310395194
34.5,-6.103696,-2.6134987,0.35251316,0.50490785,0.009279667,0.5017730263398335,0.012981235839106375,0.5299022985564079,-5.869586654043307,-2.6962070672110467
34.6,-6.056588,-2.5952492,0.35109657,0.5053473,0.008722633,0.5022914966439203,0.012302793187700445,0.5283585217257496,-5.826827169677192,-2.6698232168484837
34.7,-6.0094056,-2.5771015,0.3498795,0.50556314,0.008176154,0.5026342204118919,0.011938353974983329,0.5268639867135789,-5.783980351936781,-2.6435175701587132
34.800000000000004,-5.962173,-2.5590541,0.34885487,0.50554955,0.0076352865,0.5025880106850309,0.011337852487486089,0.5259927005681675,-5.741084477570082,-2.6173035182752273
34.9,-5.9149165,-2.5411053,0.34801528,0.50531024,0.0070962943,0.5026071438996951,0.01076667968663969,0.5252759800932836,-5.698139529133899,-2.59116867508231
35.0,-5.867661,-2.5232546,0.34735334,0.5048579,0.006558766,0.5022343682439896,0.01004757560804137,0.5249364536721259,-5.655181929583327,-2.5651293243787467
35.1,-5.8204293,-2.5055003,0.3468617,0.504214,0.006025138,0.5014618644572693,0.009178323995001847,0.5245078235748224,-5.612236507385163,-2.539222314833362
35.2,-5.7732415,-2.4878402,0.3465331,0.5034073,0.0055002617,0.5005451428669403,0.008480394000798697,0.5246851196570788,-5.569340057510727,-2.5134140185030938
35.300000000000004,-5.726115,-2.4702706,0.34636047,0.502473,0.004990472,0.4996548071003417,0.00793850198169821,0.5251906500488985,-5.526506525099566,-2.4876755655211458
35.4,-5.679064,-2.4527862,0.34633675,0.50145084,0.0045015994,0.49847038900134066,0.007983566727489233,0.5250202041352168,-5.4837733544133025,-2.4619998808450347
35.5,-5.632097,-2.4353807,0.34645495,0.5003838,0.004037338,0.497427452654847,0.007322189048863947,0.5247705477813724,-5.441090898755112,-2.4364443563922245
35.6,-5.5852194,-2.4180453,0.34670812,0.499316,0.0035982463,0.49631228327871213,0.007446816365700215,0.5253770867420826,-5.398526679110158,-2.4109080962492584
35.7,-5.5384316,-2.400771,0.34708947,0.49829105,0.0031819532,0.49599991858940484,0.007154207909479737,0.5256004921975546,-5.355980504607102,-2.385403311316415
35.800000000000004,-5.4917307,-2.3835478,0.34759226,0.49735013,0.0027840044,0.4953932244470707,0.006575173756573349,0.5262346866657026,-5.313473890977642,-2.3599520914019236
35.9,-5.4451084,-2.366365,0.34820998,0.49653056,0.002399299,0.49483737434729846,0.006319603882730007,0.5266450935450848,-5.2710129335676275,-2.3345334616145696
36.0,-5.398554,-2.3492115,0.34893617,0.49586418,0.002023223,0.494227354510258,0.006419943558285013,0.5282457084103953,-5.228650460240132,-2.3090689806696885
36.1,-5.3520527,-2.3320763,0.3497646,0.49537608,0.0016526775,0.49401311085330235,0.0063265377466450445,0.5289727220952045,-5.186320293649308,-2.2835925840614317
36.2,-5.30559,-2.3149478,0.35068914,0.4950838,0.0012870021,0.4938583526754883,0.005802115709229838,0.529571666236734,-5.143992257684556,-2.2581439152964995
36.300000000000004,-5.259148,-2.2978146,0.35170385,0.49499667,0.00092766166,0.49398899488096504,0.005342829761502799,0.5304834494309034,-5.101652936680952,-2.232689669562489
36.4,-5.21271,-2.2806647,0.3528029,0.49511546,0.00057747756,0.49411057648921997,0.0049204151655430906,0.5313409947266337,-5.0593035741945265,-2.2072293824503526
36.5,-5.166259,-2.2634864,0.3539804,0.49543253,0.00024542637,0.494409836334853,0.004588740550389048,0.5322300363040995,-5.016934246112575,-2.1817448485929534
36.6,-5.119779,-2.2462678,0.35523006,0.49593234,-6.8505135e-05,0.49498384629350767,0.004180042444204446,0.533242810255615,-4.974520542909483,-2.1562234342696143
36.7,-5.0732565,-2.2289984,0.35654676,0.49659196,-0.00036993463,0.4955925172262141,0.00374862411263166,0.534266864618985,-4.932058644207116,-2.1306647349340953
36.800000000000004,-5.02668,-2.2116687,0.3579261,0.49738234,-0.0006571829,0.49634720452104375,0.0035989459938718937,0.53544250127743,-4.889554279335679,-2.1050305006885193
36.9,-4.98004,-2.1942704,0.35936362,0.4982695,-0.0009266671,0.49667501112071477,0.003030482002941426,0.5364102343737613,-4.847017513320537,-2.0793872551470045
37.0,-4.9333315,-2.176796,0.36085466,0.49921587,-0.0011769948,0.49776236550042086,0.0025583417955203913,0.537695270817494,-4.804396161964558,-2.0536742315052137
37.1,-4.886552,-2.1592398,0.36239466,0.50018203,-0.0014094955,0.4988566340189209,0.0020559217300615273,0.5391189814254176,-4.76169176255761,-2.0278874916476752
37.2,-4.839703,-2.1415977,0.36397922,0.50112826,-0.0016267969,0.49984960188248806,0.002109343851770973,0.5399058756593149,-4.7189252414785114,-2.0020115295761554
37.300000000000004,-4.7927885,-2.1238673,0.365604,0.50201625,-0.0018313735,0.500325968548168,0.0019521068279573228,0.5414424694317859,-4.676149605136423,-1.9760588073532994
37.4,-4.745817,-2.106048,0.36726493,0.5028105,-0.002025414,0.501025832491905,0.0019838236330542713,0.543065271776868,-4.63335786288502,-1.949997821207461
37.5,-4.6988,-2.0881412,0.36895797,0.5034798,-0.0022101349,0.5018399600530756,0.0015775186475366354,0.5442173290939536,-4.590505485106874,-1.9238801632062028
37.6,-4.6517506,-2.0701487,0.37067905,0.5039985,-0.002379531,0.5024001257852433,0.0015674433007006883,0.5458524421264883,-4.547647470330983,-1.8976642519661806
37.7,-4.604685,-2.0520737,0.37242368,0.50434744,-0.002540978,0.5028823743932662,0.001186721397061774,0.5473482267407235,-4.504767723560095,-1.8713916764415892
37.800000000000004,-4.5576196,-2.0339212,0.37418896,0.50451463,-0.0026983835,0.5028397530086295,0.0008769275946178823,0.5486724971269723,-4.461910285451523,-1.8450909946852574
37.9,-4.510574,-2.0156968,0.37597203,0.5044957,-0.0028464394,0.5030230667007345,0.0007780450823702267,0.5505526029446628,-4.419081575359913,-1.8187086198535565
38.0,-4.463566,-1.9974049,0.37776983,0.5042938,-0.0029817517,0.5029353875770539,0.0004630385510608903,0.5522068509308156,-4.376287507354255,-1.7922868498835687
38.1,-4.4166126,-1.979051,0.37957925,0.5039197,-0.0031025957,0.502488044357051,4.152314704697346e-05,0.5537064782984089,-4.333548995328794,-1.7658603110578162
38.2,-4.369731,-1.9606395,0.38139722,0.5033909,-0.0032093467,0.5020177898450129,-0.0001900794168250286,0.5552545522514265,-4.290879196226058,-1.7394121122714588
38.300000000000004,-4.322935,-1.9421744,0.38322076,0.502731,-0.0033037055,0.5013350391864151,-0.0004282293821233907,0.5571991882461589,-4.248306264003492,-1.7129373036614362
38.400000000000006,-4.2762365,-1.9236592,0.38504708,0.5019688,-0.0033881688,0.5006771895905331,-0.0005999404247631901,0.5594952439132612,-4.205840872146614,-1.6864142839334788
38.5,-4.229644,-1.9050968,0.38687328,0.50113666,-0.0034655863,0.4998652755502917,-0.0008966947507360601,0.5611364750366192,-4.16347201689884,-1.6598899350702614
38.6,-4.183162,-1.8864887,0.3886966,0.5002695,-0.0035362067,0.4992265528171629,-0.0009958017044482403,0.563248105085222,-4.121207979634516,-1.6333186614706163
38.7,-4.1367927,-1.8678355,0.39051414,0.4994031,-0.0036044251,0.49834864735476003,-0.0007912619485068717,0.5654115038632881,-4.079086611525921,-1.6066857804244707
38.800000000000004,-4.0905333,-1.8491373,0.39232367,0.49857286,-0.0036727202,0.4978043260389313,-0.0007144425480873906,0.5672902855731081,-4.037065388868681,-1.5799965799699232
38.900000000000006,-4.0443788,-1.8303924,0.394123,0.49781215,-0.0037389996,0.4971850190531768,-0.0006822891273259302,0.5691184536262881,-3.9951469304204785,-1.5532612675868611
39.0,-3.998321,-1.8115977,0.3959099,0.49715105,-0.0037998152,0.49690917743009777,-0.000784573404416733,0.5704331359302159,-3.9532813499967934,-1.5264943731557774
39.1,-3.9523492,-1.7927495,0.3976822,0.4966152,-0.0038537898,0.4964585643656392,-0.0005616654643745278,0.5723693800100591,-3.9115176279541197,-1.4996521352248013
39.2,-3.9064507,-1.7738423,0.39943787,0.4962248,-0.003897892,0.4962852479557114,-0.00041774107103265123,0.5739290279743727,-3.86981818996676,-1.4727421168301777
39.300000000000004,-3.860612,-1.7548705,0.40117484,0.49599382,-0.003932822,0.4960113697061388,-0.00045133198455005186,0.5755747059301939,-3.828184240327503,-1.4457812365919696
39.400000000000006,-3.8148177,-1.735828,0.40289155,0.49592954,-0.0039597414,0.49616197825980635,-0.0007694693022131105,0.5768828550062608,-3.786555619990516,-1.4187843668405349
39.5,-3.7690527,-1.7167085,0.40458655,0.49603236,-0.003978079,0.49622249343610747,-0.000638709939266846,0.578134812618373,-3.7449629086733465,-1.391721143183514
39.6,-3.7233026,-1.697506,0.4062584,0.4962958,-0.0039883903,0.4964468765329002,-0.00045646808302990394,0.5798119681130629,-3.7034068583698097,-1.3645606612475516
39.7,-3.6775532,-1.6782147,0.40790573,0.49670702,-0.003991813,0.4968612551538172,-0.00047217594055837253,0.5810444341914263,-3.661848814304658,-1.3373275514047451
39.800000000000004,-3.6317918,-1.6588299,0.40952727,0.49724722,-0.0039895573,0.49713879687715234,-0.0005578724531005719,0.5825347352947574,-3.6203035106790895,-1.3100244253478133
39.900000000000006,-3.5860078,-1.6393478,0.41112193,0.49789262,-0.0039826385,0.4976262993086493,-0.0006858127171653905,0.5838431409501936,-3.5787462388778426,-1.282650766449808
40.0,-3.5401928,-1.6197652,0.41268873,0.49861547,-0.0039715525,0.49804170980587514,-0.0007059405425025034,0.5852312500064727,-3.5371912649104975,-1.2551981787911304
40.1,-3.494341,-1.6000805,0.41422674,0.49938524,-0.003956185,0.4987474728632151,-0.0007608396799696493,0.5870614059676882,-3.495624802213427,-1.2276350624125767
40.2,-3.4484487,-1.580293,0.41573524,0.5001699,-0.0039360523,0.4997045724094278,-0.0003774346942009288,0.5885837657551747,-3.4540420300368226,-1.1999236734263314
40.300000000000004,-3.4025164,-1.5604037,0.4172136,0.5009371,-0.0039105983,0.5003698188602357,-0.0004146745040998212,0.5896916102792602,-3.4124326229134962,-1.172132334583862
40.400000000000006,-3.356546,-1.5404143,0.4186612,0.50165594,-0.0038795234,0.5009113705973505,-0.0003439386409809231,0.5910675157501828,-3.370820467611893,-1.1442477200799768
40.5,-3.3105433,-1.5203283,0.42007774,0.5022976,-0.0038426514,0.5014390075602932,-7.607577481394401e-05,0.5922363182471599,-3.329212107173721,-1.1162628101720828
40.6,-3.2645159,-1.5001496,0.4214628,0.502837,-0.0037987984,0.5017577844637344,4.559706212603487e-07,0.593588756833924,-3.2876194887205736,-1.0881974786594755
40.7,-3.2184737,-1.4798838,0.42281595,0.50325346,-0.003750237,0.5021183472208577,-0.0001691944044068805,0.5944227723812219,-3.2460109191010953,-1.060091330459365
40.800000000000004,-3.1724281,-1.4595373,0.42413712,0.50353163,-0.0036991024,0.502290369558068,3.577211555239046e-05,0.59555112264934,-3.204431346760322,-1.0319116333307115
40.900000000000006,-3.1263924,-1.4391172,0.42542636,0.503662,-0.003645656,0.502188596351516,0.00016353922637790674,0.5971389795595314,-3.162912172330998,-1.0036611061637146
41.0,-3.0803792,-1.4186312,0.4266836,0.5036412,-0.0035905433,0.5023539530675407,6.906498401804129e-05,0.5984907777456101,-3.121412240639196,-0.9753529684838644
41.1,-3.0344026,-1.3980868,0.4279089,0.50347215,-0.0035343706,0.5021679727224182,9.38895091167069e-05,0.5998571081727277,-3.079967778468439,-0.9469966046159333
41.2,-2.9884746,-1.3774916,0.42910224,0.5031637,-0.003477474,0.5022323954699459,-4.546788204606855e-05,0.6009263118903618,-3.0385404656832224,-0.9186037962542383
41.300000000000004,-2.9426076,-1.3568528,0.43026367,0.5027303,-0.003419999,0.502307042924258,3.207978352293139e-05,0.601738646713784,-2.997134467240197,-0.8901667261354577
41.400000000000006,-2.8968112,-1.3361768,0.43139333,0.5021913,-0.003361959,0.5019595667627073,-7.614419973833719e-05,0.6026584478968289,-2.95577713443515,-0.8617201947497505
41.5,-2.851094,-1.3154691,0.43249127,0.50157017,-0.0033032726,0.5011746151512853,-0.00019477224213915179,0.6038012618373614,-2.914510218216504,-0.8332807511214743
41.6,-2.8054612,-1.2947341,0.43355766,0.50089324,-0.0032439171,0.5006587463221877,-0.0001704862124825013,0.6048088278330397,-2.873315794399322,-0.8048270775499486
41.7,-2.759916,-1.2739751,0.4345925,0.50018895,-0.003182666,0.5001244733948624,-6.391716760845156e-05,0.6061284187890124,-2.8322089345207506,-0.7763407474833639
41.800000000000004,-2.714459,-1.2531941,0.43559584,0.49948645,-0.0031210636,0.49942323417872103,-7.932567041279981e-05,0.6071728273236658,-2.7911885595694663,-0.7478527751062886
41.900000000000006,-2.6690876,-1.2323918,0.436568,0.4988143,-0.0030603413,0.49874741261828603,-9.034916274686111e-05,0.6082306703028735,-2.7502531754595156,-0.7193609477634374
42.0,-2.6237974,-1.2115679,0.43750924,0.49819958,-0.0029998352,0.4981935276673539,1.9572701603465248e-05,0.6092328128579538,-2.7093980783247598,-0.6908507925194369
42.1,-2.5785806,-1.1907209,0.43841988,0.4976666,-0.0029389223,0.4975525400159313,7.742463367321761e-05,0.6105958382540848,-2.6686377127056327,-0.662316988789407
42.2,-2.5334287,-1.1698482,0.43930006,0.49723598,-0.0028766945,0.4973158537695781,0.0003420121547605959,0.6112152441346552,-2.6279295960615583,-0.6337498574472293
42.300000000000004,-2.4883306,-1.1489463,0.44015005,0.49692395,-0.0028142622,0.49692091435372276,0.000638419650385913,0.6121510833909269,-2.587297586312901,-0.6051430783415187
42.400000000000006,-2.4432745,-1.1280116,0.44097018,0.49674165,-0.002752197,0.49671943432713306,0.0008855861133270082,0.6131203432742041,-2.5467240237323585,-0.576488308641988
42.5,-2.398248,-1.1070397,0.44176087,0.49669483,-0.0026899085,0.4967758878274253,0.0012758902203131584,0.6139290043793153,-2.506191516728381,-0.547765582758146
42.6,-2.353238,-1.0860261,0.44252256,0.49678352,-0.0026271162,0.49678489396046643,0.0013867803472749074,0.6144020023057237,-2.4656782566232023,-0.5190141080843036
42.7,-2.3082328,-1.0649666,0.44325557,0.49700233,-0.0025637753,0.49686887580628536,0.0013135108792994288,0.6150185418082401,-2.4251716438570785,-0.49023879969718803
42.800000000000004,-2.26322,-1.0438569,0.44396043,0.49734056,-0.002499885,0.4971758623405549,0.0014841297279417631,0.6153732692764606,-2.384660023000558,-0.4614174710857453
42.900000000000006,-2.2181897,-1.0226936,0.44463757,0.49778286,-0.0024354877,0.4977270403442162,0.0015063375440149684,0.6155185561801773,-2.3441088699131845,-0.43255661973464177
43.0,-2.1731327,-1.0014739,0.44528753,0.49830973,-0.0023706954,0.4982773003548573,0.0015288682561731548,0.6157908610766754,-2.3035219600094314,-0.4036511047014285
43.1,-2.1280417,-0.9801958,0.44591078,0.49889857,-0.002305707,0.4987758691686395,0.0016003717692001374,0.6158064750488847,-2.262898933040227,-0.37471032087640715
43.2,-2.082912,-0.95885813,0.44650796,0.4995245,-0.0022407314,0.4991565731443188,0.0014946623277865,0.6162638506793883,-2.22225197012073,-0.34573758212585837
43.300000000000004,-2.0377407,-0.9374611,0.44707963,0.5001615,-0.0021759404,0.4996572402278616,0.0018147362725358107,0.616546674631536,-2.1815908619313893,-0.316698284775314
43.400000000000006,-1.9925275,-0.9160057,0.4476264,0.50078344,-0.002111493,0.500082718496742,0.0020481404362726607,0.6168557433702517,-2.1409175263094595,-0.2876027701455768
43.5,-1.9472741,-0.8944941,0.44814897,0.50136507,-0.0020475213,0.5005641793804898,0.0022631407491644495,0.6172179891727865,-2.1002279138911253,-0.25844712513307766
43.6,-1.9019847,-0.87292975,0.44864798,0.50188327,-0.0019841474,0.5009629589012548,0.002413195617009478,0.617369251063792,-2.0595188819837,-0.22925000510040833
43.7,-1.8566651,-0.8513168,0.44912407,0.5023177,-0.0019214185,0.5015440416145793,0.002304716509570426,0.6172408165002707,-2.018752435811357,-0.2000333276635367
43.800000000000004,-1.8113232,-0.8296602,0.449578,0.50265175,-0.0018594662,0.5013883276087654,0.002384213978984917,0.6172304798965342,-1.9780029870217815,-0.17081960111706726
43.900000000000006,-1.7659681,-0.80796564,0.45001036,0.5028732,-0.0017984292,0.5016901302560655,0.002321227862012165,0.6173846848250832,-1.937229788476986,-0.1415872555153534
44.0,-1.7206098,-0.78623927,0.45042196,0.5029744,-0.0017384005,0.5018347032282691,0.002308832449671172,0.6175552571658045,-1.8964490720224914,-0.11234059474573807
44.1,-1.675259,-0.7644875,0.45081344,0.5029529,-0.001679481,0.5019881633170371,0.0023891081191322883,0.6178826786053833,-1.8556700755550473,-0.0830651496323268
44.2,-1.6299262,-0.74271667,0.45118546,0.5028112,-0.0016217529,0.5019366010974409,0.0024512012359991786,0.6183715603256132,-1.8149131971954306,-0.053767701527296784
44.300000000000004,-1.5846217,-0.7209329,0.45153877,0.5025567,-0.0015653309,0.5015716447387604,0.0022621992875428987,0.6183482776395977,-1.7741744184647965,-0.024507759096525368
44.400000000000006,-1.5393548,-0.699142,0.45187396,0.50220126,-0.0015103135,0.5012678509820034,0.0023604349235029076,0.6187132414488588,-1.7334767666225146,0.004757432434299231
44.5,-1.4941337,-0.67734903,0.4521917,0.5017608,-0.0014567719,0.5008763939849814,0.0022672987879559514,0.6190981989493594,-1.6928168592917068,0.03400798734872865
44.6,-1.4489646,-0.6555582,0.45249262,0.5012544,-0.0014047245,0.5003321121339468,0.002146229967365798,0.6194254637521226,-1.6522038140429163,0.06323039044933931
44.7,-1.4038522,-0.63377297,0.45277736,0.5007036,-0.0013541536,0.49995776268860936,0.0020729122743432526,0.6194687429233454,-1.6116182557544618,0.092426846960249
44.800000000000004,-1.358799,-0.6119955,0.45304647,0.5001314,-0.0013050219,0.49945888578167796,0.0020731192721541447,0.6197869689494837,-1.5710826113077114,0.12160725637109437
44.900000000000006,-1.3138053,-0.5902271,0.45330057,0.4995616,-0.0012572564,0.49888259850649774,0.0020991651849726622,0.6199713053065352,-1.5306007635988972,0.15076377437223878
45.0,-1.2688694,-0.5684679,0.45354018,0.49901733,-0.0012107706,0.4984038735574359,0.0020221633544679207,0.6202680158021394,-1.4901620478960724,0.1798982106208262
45.1,-1.2239875,-0.54671705,0.45376587,0.49852043,-0.0011655022,0.4978546339270906,0.002106827321313176,0.6206603212049231,-1.4497843690724939,0.20902345405775444
45.2,-1.1791538,-0.52497256,0.45397818,0.49809062,-0.0011214762,0.4975154838184608,0.0023399024516947975,0.6210789493343327,-1.4094600307956877,0.2381648174500825
45.300000000000004,-1.1343613,-0.50323194,0.4541776,0.49774447,-0.0010786594,0.4973449162362158,0.002564164622071985,0.6212197471759282,-1.3691667186629741,0.2673201669392911
45.400000000000006,-1.0896013,-0.48149177,0.45436466,0.49749506,-0.0010370106,0.4969787545132931,0.0027876173421645944,0.6216209661506582,-1.3289278868917347,0.2964885222265916
45.5,-1.0448644,-0.45974833,0.45453987,0.4973512,-0.0009965241,0.4971295154109612,0.002924107525814179,0.6210864124877844,-1.288669150861872,0.32565523661565904
45.6,-1.0001408,-0.43799752,0.45470372,0.49731737,-0.00095720234,0.49714139991647244,0.003167678472436819,0.6210637797485106,-1.2484229616089604,0.3548415400403302
45.7,-0.95542014,-0.4162351,0.45485666,0.49739352,-0.0009190188,0.4970635525251055,0.0034810211668627744,0.6210219619679265,-1.2082001154555582,0.38404711442078293
45.800000000000004,-0.9106927,-0.39445695,0.45499924,0.49757504,-0.0008814751,0.4973565502450583,0.0034762227573992277,0.6209686909569427,-1.1679516044152798,0.4132672030757448
45.900000000000006,-0.8659492,-0.3726592,0.45513177,0.49785313,-0.00084500585,0.4977664361076677,0.0034018370629382844,0.6207848042686237,-1.1276600530235408,0.4424976813570554
46.0,-0.8211814,-0.35083854,0.45525482,0.4982151,-0.00081015995,0.49802328617170133,0.0034746552760225313,0.6204744421556825,-1.0873427679545116,0.47173651157729707
46.1,-0.77638227,-0.3289921,0.45536888,0.49864513,-0.00077671296,0.4984173474376803,0.003540975877058372,0.6202092367602745,-1.046989517591258,0.5009929483475247
46.2,-0.7315462,-0.30711788,0.4554744,0.49912468,-0.0007443827,0.49888552251013607,0.0034720436219686235,0.6199967129214201,-1.0065879414111951,0.5302624006611198
46.300000000000004,-0.6866695,-0.28521457,0.45557192,0.49963358,-0.0007130046,0.4992661466540085,0.0034495757558943296,0.6199283029418439,-0.966152077907507,0.5595493737103696
46.400000000000006,-0.6417503,-0.2632817,0.45566183,0.5001506,-0.00068246695,0.49937366571339226,0.003501438181501726,0.6201928914815653,-0.9257182294805613,0.5888575139133998
46.5,-0.5967883,-0.24131978,0.4557446,0.50065464,-0.00065275095,0.5000578708068133,0.003453073468790535,0.6198552736605052,-0.8852159870861457,0.6181878112140793
46.6,-0.5517855,-0.21933013,0.45582065,0.5011252,-0.00062399113,0.5005969970306978,0.003716441452070285,0.6193301416642498,-0.8446697369479613,0.6475495763766845
46.7,-0.5067454,-0.19731499,0.4558904,0.5015436,-0.0005963274,0.5011502533970997,0.003651991514288966,0.6189749101467896,-0.8040642584820966,0.6769237870686874
46.800000000000004,-0.46167317,-0.17527735,0.45595428,0.5018934,-0.0005698397,0.5011972689071627,0.003646941265287751,0.6190878457855433,-0.7634579756269655,0.7063049003575844
